/*
Navicat MySQL Data Transfer

Source Server         : localhost
Source Server Version : 50717
Source Host           : localhost:3306
Source Database       : oa

Target Server Type    : MYSQL
Target Server Version : 50717
File Encoding         : 65001

Date: 2018-08-03 13:59:32
*/

SET FOREIGN_KEY_CHECKS=0;

-- ----------------------------
-- Table structure for `act_evt_log`
-- ----------------------------
DROP TABLE IF EXISTS `act_evt_log`;
CREATE TABLE `act_evt_log` (
  `LOG_NR_` bigint(20) NOT NULL AUTO_INCREMENT,
  `TYPE_` varchar(64) COLLATE utf8_bin DEFAULT NULL,
  `PROC_DEF_ID_` varchar(64) COLLATE utf8_bin DEFAULT NULL,
  `PROC_INST_ID_` varchar(64) COLLATE utf8_bin DEFAULT NULL,
  `EXECUTION_ID_` varchar(64) COLLATE utf8_bin DEFAULT NULL,
  `TASK_ID_` varchar(64) COLLATE utf8_bin DEFAULT NULL,
  `TIME_STAMP_` timestamp(3) NOT NULL DEFAULT CURRENT_TIMESTAMP(3) ON UPDATE CURRENT_TIMESTAMP(3),
  `USER_ID_` varchar(255) COLLATE utf8_bin DEFAULT NULL,
  `DATA_` longblob,
  `LOCK_OWNER_` varchar(255) COLLATE utf8_bin DEFAULT NULL,
  `LOCK_TIME_` timestamp(3) NULL DEFAULT NULL,
  `IS_PROCESSED_` tinyint(4) DEFAULT '0',
  PRIMARY KEY (`LOG_NR_`)
) ENGINE=InnoDB DEFAULT CHARSET=utf8 COLLATE=utf8_bin;

-- ----------------------------
-- Records of act_evt_log
-- ----------------------------

-- ----------------------------
-- Table structure for `act_ge_bytearray`
-- ----------------------------
DROP TABLE IF EXISTS `act_ge_bytearray`;
CREATE TABLE `act_ge_bytearray` (
  `ID_` varchar(64) COLLATE utf8_bin NOT NULL,
  `REV_` int(11) DEFAULT NULL,
  `NAME_` varchar(255) COLLATE utf8_bin DEFAULT NULL,
  `DEPLOYMENT_ID_` varchar(64) COLLATE utf8_bin DEFAULT NULL,
  `BYTES_` longblob,
  `GENERATED_` tinyint(4) DEFAULT NULL,
  PRIMARY KEY (`ID_`),
  KEY `ACT_FK_BYTEARR_DEPL` (`DEPLOYMENT_ID_`),
  CONSTRAINT `ACT_FK_BYTEARR_DEPL` FOREIGN KEY (`DEPLOYMENT_ID_`) REFERENCES `act_re_deployment` (`ID_`)
) ENGINE=InnoDB DEFAULT CHARSET=utf8 COLLATE=utf8_bin;

-- ----------------------------
-- Records of act_ge_bytearray
-- ----------------------------
INSERT INTO `act_ge_bytearray` VALUES ('10002', '1', 'source', null, 0x7B22626F756E6473223A7B226C6F7765725269676874223A7B2278223A313438352E302C2279223A313035302E307D2C2275707065724C656674223A7B2278223A302E302C2279223A302E307D7D2C227265736F757263654964223A2263616E766173222C227374656E63696C223A7B226964223A2242504D4E4469616772616D227D2C227374656E63696C736574223A7B226E616D657370616365223A22687474703A2F2F62336D6E2E6F72672F7374656E63696C7365742F62706D6E322E3023222C2275726C223A222E2E2F656469746F722F7374656E63696C736574732F62706D6E322E302F62706D6E322E302E6A736F6E227D2C2270726F70657274696573223A7B2270726F636573735F6964223A22636F6D2E7A6D6C2E6F612E7661636174696F6E222C226E616D65223A22E8AFB7E58187E6B581E7A88B222C2270726F636573735F6E616D657370616365223A22687474703A2F2F7777772E61637469766974692E6F72672F74657374222C226576656E746C697374656E657273223A7B22746F74616C436F756E74223A302C226974656D73223A5B5D7D2C22646F63756D656E746174696F6E223A22E8AFB7E58187E6B581E7A88BE6BC94E7A4BA227D2C226368696C64536861706573223A5B7B22626F756E6473223A7B226C6F7765725269676874223A7B2278223A3131352E302C2279223A3237352E307D2C2275707065724C656674223A7B2278223A38302E302C2279223A3234302E307D7D2C227265736F757263654964223A2273746172746576656E7431222C226368696C64536861706573223A5B5D2C227374656E63696C223A7B226964223A2253746172744E6F6E654576656E74227D2C2270726F70657274696573223A7B226F766572726964656964223A2273746172746576656E7431222C226E616D65223A225374617274222C22696E69746961746F72223A226170706C79557365724964222C22666F726D70726F70657274696573223A7B22746F74616C436F756E74223A302C226974656D73223A5B5D7D7D2C226F7574676F696E67223A5B7B227265736F757263654964223A22666C6F7732227D5D7D2C7B22626F756E6473223A7B226C6F7765725269676874223A7B2278223A3230302E302C2279223A3237382E307D2C2275707065724C656674223A7B2278223A3136302E302C2279223A3233382E307D7D2C227265736F757263654964223A226578636C75736976656761746577617931222C226368696C64536861706573223A5B5D2C227374656E63696C223A7B226964223A224578636C757369766547617465776179227D2C2270726F70657274696573223A7B226F766572726964656964223A226578636C75736976656761746577617931222C226E616D65223A224578636C75736976652047617465776179227D2C226F7574676F696E67223A5B7B227265736F757263654964223A22666C6F7733227D2C7B227265736F757263654964223A22666C6F7734227D5D7D2C7B22626F756E6473223A7B226C6F7765725269676874223A7B2278223A3137322E302C2279223A3231322E307D2C2275707065724C656674223A7B2278223A3132382E302C2279223A3231322E307D7D2C227265736F757263654964223A22666C6F7732222C226368696C64536861706573223A5B5D2C227374656E63696C223A7B226964223A2253657175656E6365466C6F77227D2C22646F636B657273223A5B7B2278223A31372E352C2279223A31372E357D2C7B2278223A32302E302C2279223A32302E307D5D2C226F7574676F696E67223A5B7B227265736F757263654964223A226578636C75736976656761746577617931227D5D2C22746172676574223A7B227265736F757263654964223A226578636C75736976656761746577617931227D2C2270726F70657274696573223A7B226F766572726964656964223A22666C6F7732227D7D2C7B22626F756E6473223A7B226C6F7765725269676874223A7B2278223A3335352E302C2279223A3139352E307D2C2275707065724C656674223A7B2278223A3235302E302C2279223A3134302E307D7D2C227265736F757263654964223A226D616E616765724175646974222C226368696C64536861706573223A5B5D2C227374656E63696C223A7B226964223A22557365725461736B227D2C2270726F70657274696573223A7B226F766572726964656964223A226D616E616765724175646974222C226E616D65223A22E7BB8FE79086E5AEA1E689B9222C22646F63756D656E746174696F6E223A22E8AFB7E58187E5A4A9E695B0E5B08FE4BA8EE7AD89E4BA8E33E5A4A9EFBC8CE794B1E68891E5AEA1E689B9E38082222C22666F726D70726F70657274696573223A7B22746F74616C436F756E74223A302C226974656D73223A5B5D7D2C227461736B6C697374656E657273223A7B22746F74616C436F756E74223A312C226974656D73223A5B7B227461736B5F6C697374656E65725F6576656E745F74797065223A22637265617465222C227461736B5F6C697374656E65725F64656C65676174655F65787072657373696F6E223A22247B757365725461736B4C697374656E65727D227D5D7D7D2C226F7574676F696E67223A5B7B227265736F757263654964223A22666C6F7736227D5D7D2C7B22626F756E6473223A7B226C6F7765725269676874223A7B2278223A3137322E302C2279223A3231322E307D2C2275707065724C656674223A7B2278223A3132382E302C2279223A3231322E307D7D2C227265736F757263654964223A22666C6F7733222C226368696C64536861706573223A5B5D2C227374656E63696C223A7B226964223A2253657175656E6365466C6F77227D2C22646F636B657273223A5B7B2278223A32302E302C2279223A32302E307D2C7B2278223A3138302E302C2279223A3136372E307D2C7B2278223A35322E352C2279223A32372E357D5D2C226F7574676F696E67223A5B7B227265736F757263654964223A226D616E616765724175646974227D5D2C22746172676574223A7B227265736F757263654964223A226D616E616765724175646974227D2C2270726F70657274696573223A7B226F766572726964656964223A22666C6F7733222C226E616D65223A22E5B08FE4BA8EE7AD89E4BA8E33E5A4A9222C22636F6E646974696F6E73657175656E6365666C6F77223A22247B656E746974792E64617973203C3D20337D227D7D2C7B22626F756E6473223A7B226C6F7765725269676874223A7B2278223A3335352E302C2279223A3238362E307D2C2275707065724C656674223A7B2278223A3235302E302C2279223A3233312E307D7D2C227265736F757263654964223A226469726563746F724175646974222C226368696C64536861706573223A5B5D2C227374656E63696C223A7B226964223A22557365725461736B227D2C2270726F70657274696573223A7B226F766572726964656964223A226469726563746F724175646974222C226E616D65223A22E680BBE79B91E5AEA1E689B9222C22646F63756D656E746174696F6E223A22E8AFB7E58187E5A4A9E695B0E5A4A7E4BA8E33E5A4A9EFBC8CE794B1E68891E5AEA1E689B9E38082222C22666F726D70726F70657274696573223A7B22746F74616C436F756E74223A302C226974656D73223A5B5D7D2C227461736B6C697374656E657273223A7B22746F74616C436F756E74223A312C226974656D73223A5B7B227461736B5F6C697374656E65725F6576656E745F74797065223A22637265617465222C227461736B5F6C697374656E65725F64656C65676174655F65787072657373696F6E223A22247B757365725461736B4C697374656E65727D227D5D7D7D2C226F7574676F696E67223A5B7B227265736F757263654964223A22666C6F7737227D5D7D2C7B22626F756E6473223A7B226C6F7765725269676874223A7B2278223A3137322E302C2279223A3231322E307D2C2275707065724C656674223A7B2278223A3132382E302C2279223A3231322E307D7D2C227265736F757263654964223A22666C6F7734222C226368696C64536861706573223A5B5D2C227374656E63696C223A7B226964223A2253657175656E6365466C6F77227D2C22646F636B657273223A5B7B2278223A32302E302C2279223A32302E307D2C7B2278223A35322E352C2279223A32372E357D5D2C226F7574676F696E67223A5B7B227265736F757263654964223A226469726563746F724175646974227D5D2C22746172676574223A7B227265736F757263654964223A226469726563746F724175646974227D2C2270726F70657274696573223A7B226F766572726964656964223A22666C6F7734222C226E616D65223A22E5A4A7E4BA8E33E5A4A9222C22636F6E646974696F6E73657175656E6365666C6F77223A22247B656E746974792E64617973203E20337D227D7D2C7B22626F756E6473223A7B226C6F7765725269676874223A7B2278223A3335352E302C2279223A3339352E307D2C2275707065724C656674223A7B2278223A3235302E302C2279223A3334302E307D7D2C227265736F757263654964223A226D6F646966794170706C79222C226368696C64536861706573223A5B5D2C227374656E63696C223A7B226964223A22557365725461736B227D2C2270726F70657274696573223A7B226F766572726964656964223A226D6F646966794170706C79222C226E616D65223A22E8B083E695B4E794B3E8AFB7222C22757365727461736B61737369676E6D656E74223A7B22746F74616C436F756E74223A312C226974656D73223A5B7B2261737369676E6D656E745F74797065223A2261737369676E6565222C227265736F7572636561737369676E6D656E7465787072223A22247B6170706C795573657249647D227D5D7D2C22666F726D70726F70657274696573223A7B22746F74616C436F756E74223A302C226974656D73223A5B5D7D2C227461736B6C697374656E657273223A7B22746F74616C436F756E74223A302C226974656D73223A5B5D7D7D2C226F7574676F696E67223A5B7B227265736F757263654964223A22666C6F7735227D2C7B227265736F757263654964223A22666C6F773136227D5D7D2C7B22626F756E6473223A7B226C6F7765725269676874223A7B2278223A3137322E302C2279223A3231322E307D2C2275707065724C656674223A7B2278223A3132382E302C2279223A3231322E307D7D2C227265736F757263654964223A22666C6F7735222C226368696C64536861706573223A5B5D2C227374656E63696C223A7B226964223A2253657175656E6365466C6F77227D2C22646F636B657273223A5B7B2278223A35322E352C2279223A32372E357D2C7B2278223A3137392E302C2279223A3336372E307D2C7B2278223A32302E302C2279223A32302E307D5D2C226F7574676F696E67223A5B7B227265736F757263654964223A226578636C75736976656761746577617931227D5D2C22746172676574223A7B227265736F757263654964223A226578636C75736976656761746577617931227D2C2270726F70657274696573223A7B226F766572726964656964223A22666C6F7735222C226E616D65223A22E9878DE696B0E794B3E8AFB7222C22636F6E646974696F6E73657175656E6365666C6F77223A22247B72654170706C797D227D7D2C7B22626F756E6473223A7B226C6F7765725269676874223A7B2278223A3533302E302C2279223A3138372E307D2C2275707065724C656674223A7B2278223A3439302E302C2279223A3134372E307D7D2C227265736F757263654964223A226578636C75736976656761746577617932222C226368696C64536861706573223A5B5D2C227374656E63696C223A7B226964223A224578636C757369766547617465776179227D2C2270726F70657274696573223A7B226F766572726964656964223A226578636C75736976656761746577617932222C226E616D65223A224578636C75736976652047617465776179227D2C226F7574676F696E67223A5B7B227265736F757263654964223A22666C6F7738227D2C7B227265736F757263654964223A22666C6F773131227D5D7D2C7B22626F756E6473223A7B226C6F7765725269676874223A7B2278223A3137322E302C2279223A3231322E307D2C2275707065724C656674223A7B2278223A3132382E302C2279223A3231322E307D7D2C227265736F757263654964223A22666C6F7736222C226368696C64536861706573223A5B5D2C227374656E63696C223A7B226964223A2253657175656E6365466C6F77227D2C22646F636B657273223A5B7B2278223A35322E352C2279223A32372E357D2C7B2278223A32302E302C2279223A32302E307D5D2C226F7574676F696E67223A5B7B227265736F757263654964223A226578636C75736976656761746577617932227D5D2C22746172676574223A7B227265736F757263654964223A226578636C75736976656761746577617932227D2C2270726F70657274696573223A7B226F766572726964656964223A22666C6F7736227D7D2C7B22626F756E6473223A7B226C6F7765725269676874223A7B2278223A3434362E302C2279223A3237382E307D2C2275707065724C656674223A7B2278223A3430362E302C2279223A3233382E307D7D2C227265736F757263654964223A226578636C75736976656761746577617933222C226368696C64536861706573223A5B5D2C227374656E63696C223A7B226964223A224578636C757369766547617465776179227D2C2270726F70657274696573223A7B226F766572726964656964223A226578636C75736976656761746577617933222C226E616D65223A224578636C75736976652047617465776179227D2C226F7574676F696E67223A5B7B227265736F757263654964223A22666C6F7739227D2C7B227265736F757263654964223A22666C6F773130227D5D7D2C7B22626F756E6473223A7B226C6F7765725269676874223A7B2278223A3137322E302C2279223A3231322E307D2C2275707065724C656674223A7B2278223A3132382E302C2279223A3231322E307D7D2C227265736F757263654964223A22666C6F7737222C226368696C64536861706573223A5B5D2C227374656E63696C223A7B226964223A2253657175656E6365466C6F77227D2C22646F636B657273223A5B7B2278223A35322E352C2279223A32372E357D2C7B2278223A32302E302C2279223A32302E307D5D2C226F7574676F696E67223A5B7B227265736F757263654964223A226578636C75736976656761746577617933227D5D2C22746172676574223A7B227265736F757263654964223A226578636C75736976656761746577617933227D2C2270726F70657274696573223A7B226F766572726964656964223A22666C6F7737227D7D2C7B22626F756E6473223A7B226C6F7765725269676874223A7B2278223A3637352E302C2279223A3238362E307D2C2275707065724C656674223A7B2278223A3537302E302C2279223A3233312E307D7D2C227265736F757263654964223A2268724175646974222C226368696C64536861706573223A5B5D2C227374656E63696C223A7B226964223A22557365725461736B227D2C2270726F70657274696573223A7B226F766572726964656964223A2268724175646974222C226E616D65223A22E4BABAE58A9BE8B584E6BA90E5AEA1E689B9222C22666F726D70726F70657274696573223A7B22746F74616C436F756E74223A302C226974656D73223A5B5D7D2C227461736B6C697374656E657273223A7B22746F74616C436F756E74223A312C226974656D73223A5B7B227461736B5F6C697374656E65725F6576656E745F74797065223A22637265617465222C227461736B5F6C697374656E65725F64656C65676174655F65787072657373696F6E223A22247B757365725461736B4C697374656E65727D227D5D7D7D2C226F7574676F696E67223A5B7B227265736F757263654964223A22666C6F773133227D5D7D2C7B22626F756E6473223A7B226C6F7765725269676874223A7B2278223A3137322E302C2279223A3231322E307D2C2275707065724C656674223A7B2278223A3132382E302C2279223A3231322E307D7D2C227265736F757263654964223A22666C6F7738222C226368696C64536861706573223A5B5D2C227374656E63696C223A7B226964223A2253657175656E6365466C6F77227D2C22646F636B657273223A5B7B2278223A32302E302C2279223A32302E307D2C7B2278223A3632322E302C2279223A3136372E307D2C7B2278223A35322E352C2279223A32372E357D5D2C226F7574676F696E67223A5B7B227265736F757263654964223A2268724175646974227D5D2C22746172676574223A7B227265736F757263654964223A2268724175646974227D2C2270726F70657274696573223A7B226F766572726964656964223A22666C6F7738222C226E616D65223A22E5908CE6848F222C22636F6E646974696F6E73657175656E6365666C6F77223A22247B6973506173737D227D7D2C7B22626F756E6473223A7B226C6F7765725269676874223A7B2278223A3137322E302C2279223A3231322E307D2C2275707065724C656674223A7B2278223A3132382E302C2279223A3231322E307D7D2C227265736F757263654964223A22666C6F7739222C226368696C64536861706573223A5B5D2C227374656E63696C223A7B226964223A2253657175656E6365466C6F77227D2C22646F636B657273223A5B7B2278223A32302E302C2279223A32302E307D2C7B2278223A35322E352C2279223A32372E357D5D2C226F7574676F696E67223A5B7B227265736F757263654964223A2268724175646974227D5D2C22746172676574223A7B227265736F757263654964223A2268724175646974227D2C2270726F70657274696573223A7B226F766572726964656964223A22666C6F7739222C226E616D65223A22E5908CE6848F222C22636F6E646974696F6E73657175656E6365666C6F77223A22247B6973506173737D227D7D2C7B22626F756E6473223A7B226C6F7765725269676874223A7B2278223A3137322E302C2279223A3231322E307D2C2275707065724C656674223A7B2278223A3132382E302C2279223A3231322E307D7D2C227265736F757263654964223A22666C6F773130222C226368696C64536861706573223A5B5D2C227374656E63696C223A7B226964223A2253657175656E6365466C6F77227D2C22646F636B657273223A5B7B2278223A32302E302C2279223A32302E307D2C7B2278223A3432352E302C2279223A3336372E307D2C7B2278223A35322E352C2279223A32372E357D5D2C226F7574676F696E67223A5B7B227265736F757263654964223A226D6F646966794170706C79227D5D2C22746172676574223A7B227265736F757263654964223A226D6F646966794170706C79227D2C2270726F70657274696573223A7B226F766572726964656964223A22666C6F773130222C226E616D65223A22E4B88DE5908CE6848F222C22636F6E646974696F6E73657175656E6365666C6F77223A22247B216973506173737D227D7D2C7B22626F756E6473223A7B226C6F7765725269676874223A7B2278223A3137322E302C2279223A3231322E307D2C2275707065724C656674223A7B2278223A3132382E302C2279223A3231322E307D7D2C227265736F757263654964223A22666C6F773131222C226368696C64536861706573223A5B5D2C227374656E63696C223A7B226964223A2253657175656E6365466C6F77227D2C22646F636B657273223A5B7B2278223A32302E302C2279223A32302E307D2C7B2278223A3530392E302C2279223A3336372E307D2C7B2278223A35322E352C2279223A32372E357D5D2C226F7574676F696E67223A5B7B227265736F757263654964223A226D6F646966794170706C79227D5D2C22746172676574223A7B227265736F757263654964223A226D6F646966794170706C79227D2C2270726F70657274696573223A7B226F766572726964656964223A22666C6F773131222C226E616D65223A22E4B88DE5908CE6848F222C22636F6E646974696F6E73657175656E6365666C6F77223A22247B216973506173737D227D7D2C7B22626F756E6473223A7B226C6F7765725269676874223A7B2278223A3736302E302C2279223A3237392E307D2C2275707065724C656674223A7B2278223A3732302E302C2279223A3233392E307D7D2C227265736F757263654964223A226578636C75736976656761746577617934222C226368696C64536861706573223A5B5D2C227374656E63696C223A7B226964223A224578636C757369766547617465776179227D2C2270726F70657274696573223A7B226F766572726964656964223A226578636C75736976656761746577617934222C226E616D65223A224578636C75736976652047617465776179227D2C226F7574676F696E67223A5B7B227265736F757263654964223A22666C6F773134227D2C7B227265736F757263654964223A22666C6F773135227D5D7D2C7B22626F756E6473223A7B226C6F7765725269676874223A7B2278223A3137322E302C2279223A3231322E307D2C2275707065724C656674223A7B2278223A3132382E302C2279223A3231322E307D7D2C227265736F757263654964223A22666C6F773133222C226368696C64536861706573223A5B5D2C227374656E63696C223A7B226964223A2253657175656E6365466C6F77227D2C22646F636B657273223A5B7B2278223A35322E352C2279223A32372E357D2C7B2278223A32302E302C2279223A32302E307D5D2C226F7574676F696E67223A5B7B227265736F757263654964223A226578636C75736976656761746577617934227D5D2C22746172676574223A7B227265736F757263654964223A226578636C75736976656761746577617934227D2C2270726F70657274696573223A7B226F766572726964656964223A22666C6F773133227D7D2C7B22626F756E6473223A7B226C6F7765725269676874223A7B2278223A3137322E302C2279223A3231322E307D2C2275707065724C656674223A7B2278223A3132382E302C2279223A3231322E307D7D2C227265736F757263654964223A22666C6F773134222C226368696C64536861706573223A5B5D2C227374656E63696C223A7B226964223A2253657175656E6365466C6F77227D2C22646F636B657273223A5B7B2278223A32302E302C2279223A32302E307D2C7B2278223A3734302E302C2279223A3336372E307D2C7B2278223A35322E352C2279223A32372E357D5D2C226F7574676F696E67223A5B7B227265736F757263654964223A226D6F646966794170706C79227D5D2C22746172676574223A7B227265736F757263654964223A226D6F646966794170706C79227D2C2270726F70657274696573223A7B226F766572726964656964223A22666C6F773134222C226E616D65223A22E4B88DE5908CE6848F222C22636F6E646974696F6E73657175656E6365666C6F77223A22247B216973506173737D227D7D2C7B22626F756E6473223A7B226C6F7765725269676874223A7B2278223A3838332E302C2279223A3237372E307D2C2275707065724C656674223A7B2278223A3834382E302C2279223A3234322E307D7D2C227265736F757263654964223A22656E646576656E7431222C226368696C64536861706573223A5B5D2C227374656E63696C223A7B226964223A22456E644E6F6E654576656E74227D2C2270726F70657274696573223A7B226F766572726964656964223A22656E646576656E7431222C226E616D65223A22456E64227D2C226F7574676F696E67223A5B5D7D2C7B22626F756E6473223A7B226C6F7765725269676874223A7B2278223A3137322E302C2279223A3231322E307D2C2275707065724C656674223A7B2278223A3132382E302C2279223A3231322E307D7D2C227265736F757263654964223A22666C6F773135222C226368696C64536861706573223A5B5D2C227374656E63696C223A7B226964223A2253657175656E6365466C6F77227D2C22646F636B657273223A5B7B2278223A32302E302C2279223A32302E307D2C7B2278223A31372E352C2279223A31372E357D5D2C226F7574676F696E67223A5B7B227265736F757263654964223A22656E646576656E7431227D5D2C22746172676574223A7B227265736F757263654964223A22656E646576656E7431227D2C2270726F70657274696573223A7B226F766572726964656964223A22666C6F773135222C226E616D65223A22E5908CE6848F222C22636F6E646974696F6E73657175656E6365666C6F77223A22247B6973506173737D227D7D2C7B22626F756E6473223A7B226C6F7765725269676874223A7B2278223A3137322E302C2279223A3231322E307D2C2275707065724C656674223A7B2278223A3132382E302C2279223A3231322E307D7D2C227265736F757263654964223A22666C6F773136222C226368696C64536861706573223A5B5D2C227374656E63696C223A7B226964223A2253657175656E6365466C6F77227D2C22646F636B657273223A5B7B2278223A35322E352C2279223A32372E357D2C7B2278223A3836352E302C2279223A3336372E307D2C7B2278223A31372E352C2279223A31372E357D5D2C226F7574676F696E67223A5B7B227265736F757263654964223A22656E646576656E7431227D5D2C22746172676574223A7B227265736F757263654964223A22656E646576656E7431227D2C2270726F70657274696573223A7B226F766572726964656964223A22666C6F773136222C226E616D65223A22E7BB93E69D9FE794B3E8AFB7222C22636F6E646974696F6E73657175656E6365666C6F77223A22247B2172654170706C797D227D7D5D7D, null);
INSERT INTO `act_ge_bytearray` VALUES ('10004', '1', 'source', null, 0x7B22626F756E6473223A7B226C6F7765725269676874223A7B2278223A313438352E302C2279223A313035302E307D2C2275707065724C656674223A7B2278223A302E302C2279223A302E307D7D2C227265736F757263654964223A2263616E766173222C227374656E63696C223A7B226964223A2242504D4E4469616772616D227D2C227374656E63696C736574223A7B226E616D657370616365223A22687474703A2F2F62336D6E2E6F72672F7374656E63696C7365742F62706D6E322E3023222C2275726C223A222E2E2F656469746F722F7374656E63696C736574732F62706D6E322E302F62706D6E322E302E6A736F6E227D2C2270726F70657274696573223A7B2270726F636573735F6964223A22636F6D2E7A6D6C2E6F612E7661636174696F6E222C226E616D65223A22E8AFB7E58187E6B581E7A88B222C2270726F636573735F6E616D657370616365223A22687474703A2F2F7777772E61637469766974692E6F72672F74657374222C226576656E746C697374656E657273223A7B22746F74616C436F756E74223A302C226974656D73223A5B5D7D2C22646F63756D656E746174696F6E223A22E8AFB7E58187E6B581E7A88BE6BC94E7A4BA227D2C226368696C64536861706573223A5B7B22626F756E6473223A7B226C6F7765725269676874223A7B2278223A3131352E302C2279223A3237352E307D2C2275707065724C656674223A7B2278223A38302E302C2279223A3234302E307D7D2C227265736F757263654964223A2273746172746576656E7431222C226368696C64536861706573223A5B5D2C227374656E63696C223A7B226964223A2253746172744E6F6E654576656E74227D2C2270726F70657274696573223A7B226F766572726964656964223A2273746172746576656E7431222C226E616D65223A225374617274222C22696E69746961746F72223A226170706C79557365724964222C22666F726D70726F70657274696573223A7B22746F74616C436F756E74223A302C226974656D73223A5B5D7D7D2C226F7574676F696E67223A5B7B227265736F757263654964223A22666C6F7732227D5D7D2C7B22626F756E6473223A7B226C6F7765725269676874223A7B2278223A3230302E302C2279223A3237382E307D2C2275707065724C656674223A7B2278223A3136302E302C2279223A3233382E307D7D2C227265736F757263654964223A226578636C75736976656761746577617931222C226368696C64536861706573223A5B5D2C227374656E63696C223A7B226964223A224578636C757369766547617465776179227D2C2270726F70657274696573223A7B226F766572726964656964223A226578636C75736976656761746577617931222C226E616D65223A224578636C75736976652047617465776179227D2C226F7574676F696E67223A5B7B227265736F757263654964223A22666C6F7733227D2C7B227265736F757263654964223A22666C6F7734227D5D7D2C7B22626F756E6473223A7B226C6F7765725269676874223A7B2278223A3137322E302C2279223A3231322E307D2C2275707065724C656674223A7B2278223A3132382E302C2279223A3231322E307D7D2C227265736F757263654964223A22666C6F7732222C226368696C64536861706573223A5B5D2C227374656E63696C223A7B226964223A2253657175656E6365466C6F77227D2C22646F636B657273223A5B7B2278223A31372E352C2279223A31372E357D2C7B2278223A32302E302C2279223A32302E307D5D2C226F7574676F696E67223A5B7B227265736F757263654964223A226578636C75736976656761746577617931227D5D2C22746172676574223A7B227265736F757263654964223A226578636C75736976656761746577617931227D2C2270726F70657274696573223A7B226F766572726964656964223A22666C6F7732227D7D2C7B22626F756E6473223A7B226C6F7765725269676874223A7B2278223A3335352E302C2279223A3139352E307D2C2275707065724C656674223A7B2278223A3235302E302C2279223A3134302E307D7D2C227265736F757263654964223A226D616E616765724175646974222C226368696C64536861706573223A5B5D2C227374656E63696C223A7B226964223A22557365725461736B227D2C2270726F70657274696573223A7B226F766572726964656964223A226D616E616765724175646974222C226E616D65223A22E7BB8FE79086E5AEA1E689B9222C22646F63756D656E746174696F6E223A22E8AFB7E58187E5A4A9E695B0E5B08FE4BA8EE7AD89E4BA8E33E5A4A9EFBC8CE794B1E68891E5AEA1E689B9E38082222C22666F726D70726F70657274696573223A7B22746F74616C436F756E74223A302C226974656D73223A5B5D7D2C227461736B6C697374656E657273223A7B22746F74616C436F756E74223A312C226974656D73223A5B7B227461736B5F6C697374656E65725F6576656E745F74797065223A22637265617465222C227461736B5F6C697374656E65725F64656C65676174655F65787072657373696F6E223A22247B757365725461736B4C697374656E65727D227D5D7D7D2C226F7574676F696E67223A5B7B227265736F757263654964223A22666C6F7736227D5D7D2C7B22626F756E6473223A7B226C6F7765725269676874223A7B2278223A3137322E302C2279223A3231322E307D2C2275707065724C656674223A7B2278223A3132382E302C2279223A3231322E307D7D2C227265736F757263654964223A22666C6F7733222C226368696C64536861706573223A5B5D2C227374656E63696C223A7B226964223A2253657175656E6365466C6F77227D2C22646F636B657273223A5B7B2278223A32302E302C2279223A32302E307D2C7B2278223A3138302E302C2279223A3136372E307D2C7B2278223A35322E352C2279223A32372E357D5D2C226F7574676F696E67223A5B7B227265736F757263654964223A226D616E616765724175646974227D5D2C22746172676574223A7B227265736F757263654964223A226D616E616765724175646974227D2C2270726F70657274696573223A7B226F766572726964656964223A22666C6F7733222C226E616D65223A22E5B08FE4BA8EE7AD89E4BA8E33E5A4A9222C22636F6E646974696F6E73657175656E6365666C6F77223A22247B656E746974792E64617973203C3D20337D227D7D2C7B22626F756E6473223A7B226C6F7765725269676874223A7B2278223A3335352E302C2279223A3238362E307D2C2275707065724C656674223A7B2278223A3235302E302C2279223A3233312E307D7D2C227265736F757263654964223A226469726563746F724175646974222C226368696C64536861706573223A5B5D2C227374656E63696C223A7B226964223A22557365725461736B227D2C2270726F70657274696573223A7B226F766572726964656964223A226469726563746F724175646974222C226E616D65223A22E680BBE79B91E5AEA1E689B9222C22646F63756D656E746174696F6E223A22E8AFB7E58187E5A4A9E695B0E5A4A7E4BA8E33E5A4A9EFBC8CE794B1E68891E5AEA1E689B9E38082222C22666F726D70726F70657274696573223A7B22746F74616C436F756E74223A302C226974656D73223A5B5D7D2C227461736B6C697374656E657273223A7B22746F74616C436F756E74223A312C226974656D73223A5B7B227461736B5F6C697374656E65725F6576656E745F74797065223A22637265617465222C227461736B5F6C697374656E65725F64656C65676174655F65787072657373696F6E223A22247B757365725461736B4C697374656E65727D227D5D7D7D2C226F7574676F696E67223A5B7B227265736F757263654964223A22666C6F7737227D5D7D2C7B22626F756E6473223A7B226C6F7765725269676874223A7B2278223A3137322E302C2279223A3231322E307D2C2275707065724C656674223A7B2278223A3132382E302C2279223A3231322E307D7D2C227265736F757263654964223A22666C6F7734222C226368696C64536861706573223A5B5D2C227374656E63696C223A7B226964223A2253657175656E6365466C6F77227D2C22646F636B657273223A5B7B2278223A32302E302C2279223A32302E307D2C7B2278223A35322E352C2279223A32372E357D5D2C226F7574676F696E67223A5B7B227265736F757263654964223A226469726563746F724175646974227D5D2C22746172676574223A7B227265736F757263654964223A226469726563746F724175646974227D2C2270726F70657274696573223A7B226F766572726964656964223A22666C6F7734222C226E616D65223A22E5A4A7E4BA8E33E5A4A9222C22636F6E646974696F6E73657175656E6365666C6F77223A22247B656E746974792E64617973203E20337D227D7D2C7B22626F756E6473223A7B226C6F7765725269676874223A7B2278223A3335352E302C2279223A3339352E307D2C2275707065724C656674223A7B2278223A3235302E302C2279223A3334302E307D7D2C227265736F757263654964223A226D6F646966794170706C79222C226368696C64536861706573223A5B5D2C227374656E63696C223A7B226964223A22557365725461736B227D2C2270726F70657274696573223A7B226F766572726964656964223A226D6F646966794170706C79222C226E616D65223A22E8B083E695B4E794B3E8AFB7222C22757365727461736B61737369676E6D656E74223A7B22746F74616C436F756E74223A312C226974656D73223A5B7B2261737369676E6D656E745F74797065223A2261737369676E6565222C227265736F7572636561737369676E6D656E7465787072223A22247B6170706C795573657249647D227D5D7D2C22666F726D70726F70657274696573223A7B22746F74616C436F756E74223A302C226974656D73223A5B5D7D2C227461736B6C697374656E657273223A7B22746F74616C436F756E74223A302C226974656D73223A5B5D7D7D2C226F7574676F696E67223A5B7B227265736F757263654964223A22666C6F7735227D2C7B227265736F757263654964223A22666C6F773136227D5D7D2C7B22626F756E6473223A7B226C6F7765725269676874223A7B2278223A3137322E302C2279223A3231322E307D2C2275707065724C656674223A7B2278223A3132382E302C2279223A3231322E307D7D2C227265736F757263654964223A22666C6F7735222C226368696C64536861706573223A5B5D2C227374656E63696C223A7B226964223A2253657175656E6365466C6F77227D2C22646F636B657273223A5B7B2278223A35322E352C2279223A32372E357D2C7B2278223A3137392E302C2279223A3336372E307D2C7B2278223A32302E302C2279223A32302E307D5D2C226F7574676F696E67223A5B7B227265736F757263654964223A226578636C75736976656761746577617931227D5D2C22746172676574223A7B227265736F757263654964223A226578636C75736976656761746577617931227D2C2270726F70657274696573223A7B226F766572726964656964223A22666C6F7735222C226E616D65223A22E9878DE696B0E794B3E8AFB7222C22636F6E646974696F6E73657175656E6365666C6F77223A22247B72654170706C797D227D7D2C7B22626F756E6473223A7B226C6F7765725269676874223A7B2278223A3533302E302C2279223A3138372E307D2C2275707065724C656674223A7B2278223A3439302E302C2279223A3134372E307D7D2C227265736F757263654964223A226578636C75736976656761746577617932222C226368696C64536861706573223A5B5D2C227374656E63696C223A7B226964223A224578636C757369766547617465776179227D2C2270726F70657274696573223A7B226F766572726964656964223A226578636C75736976656761746577617932222C226E616D65223A224578636C75736976652047617465776179227D2C226F7574676F696E67223A5B7B227265736F757263654964223A22666C6F7738227D2C7B227265736F757263654964223A22666C6F773131227D5D7D2C7B22626F756E6473223A7B226C6F7765725269676874223A7B2278223A3137322E302C2279223A3231322E307D2C2275707065724C656674223A7B2278223A3132382E302C2279223A3231322E307D7D2C227265736F757263654964223A22666C6F7736222C226368696C64536861706573223A5B5D2C227374656E63696C223A7B226964223A2253657175656E6365466C6F77227D2C22646F636B657273223A5B7B2278223A35322E352C2279223A32372E357D2C7B2278223A32302E302C2279223A32302E307D5D2C226F7574676F696E67223A5B7B227265736F757263654964223A226578636C75736976656761746577617932227D5D2C22746172676574223A7B227265736F757263654964223A226578636C75736976656761746577617932227D2C2270726F70657274696573223A7B226F766572726964656964223A22666C6F7736227D7D2C7B22626F756E6473223A7B226C6F7765725269676874223A7B2278223A3434362E302C2279223A3237382E307D2C2275707065724C656674223A7B2278223A3430362E302C2279223A3233382E307D7D2C227265736F757263654964223A226578636C75736976656761746577617933222C226368696C64536861706573223A5B5D2C227374656E63696C223A7B226964223A224578636C757369766547617465776179227D2C2270726F70657274696573223A7B226F766572726964656964223A226578636C75736976656761746577617933222C226E616D65223A224578636C75736976652047617465776179227D2C226F7574676F696E67223A5B7B227265736F757263654964223A22666C6F7739227D2C7B227265736F757263654964223A22666C6F773130227D5D7D2C7B22626F756E6473223A7B226C6F7765725269676874223A7B2278223A3137322E302C2279223A3231322E307D2C2275707065724C656674223A7B2278223A3132382E302C2279223A3231322E307D7D2C227265736F757263654964223A22666C6F7737222C226368696C64536861706573223A5B5D2C227374656E63696C223A7B226964223A2253657175656E6365466C6F77227D2C22646F636B657273223A5B7B2278223A35322E352C2279223A32372E357D2C7B2278223A32302E302C2279223A32302E307D5D2C226F7574676F696E67223A5B7B227265736F757263654964223A226578636C75736976656761746577617933227D5D2C22746172676574223A7B227265736F757263654964223A226578636C75736976656761746577617933227D2C2270726F70657274696573223A7B226F766572726964656964223A22666C6F7737227D7D2C7B22626F756E6473223A7B226C6F7765725269676874223A7B2278223A3637352E302C2279223A3238362E307D2C2275707065724C656674223A7B2278223A3537302E302C2279223A3233312E307D7D2C227265736F757263654964223A2268724175646974222C226368696C64536861706573223A5B5D2C227374656E63696C223A7B226964223A22557365725461736B227D2C2270726F70657274696573223A7B226F766572726964656964223A2268724175646974222C226E616D65223A22E4BABAE58A9BE8B584E6BA90E5AEA1E689B9222C22666F726D70726F70657274696573223A7B22746F74616C436F756E74223A302C226974656D73223A5B5D7D2C227461736B6C697374656E657273223A7B22746F74616C436F756E74223A312C226974656D73223A5B7B227461736B5F6C697374656E65725F6576656E745F74797065223A22637265617465222C227461736B5F6C697374656E65725F64656C65676174655F65787072657373696F6E223A22247B757365725461736B4C697374656E65727D227D5D7D7D2C226F7574676F696E67223A5B7B227265736F757263654964223A22666C6F773133227D5D7D2C7B22626F756E6473223A7B226C6F7765725269676874223A7B2278223A3137322E302C2279223A3231322E307D2C2275707065724C656674223A7B2278223A3132382E302C2279223A3231322E307D7D2C227265736F757263654964223A22666C6F7738222C226368696C64536861706573223A5B5D2C227374656E63696C223A7B226964223A2253657175656E6365466C6F77227D2C22646F636B657273223A5B7B2278223A32302E302C2279223A32302E307D2C7B2278223A3632322E302C2279223A3136372E307D2C7B2278223A35322E352C2279223A32372E357D5D2C226F7574676F696E67223A5B7B227265736F757263654964223A2268724175646974227D5D2C22746172676574223A7B227265736F757263654964223A2268724175646974227D2C2270726F70657274696573223A7B226F766572726964656964223A22666C6F7738222C226E616D65223A22E5908CE6848F222C22636F6E646974696F6E73657175656E6365666C6F77223A22247B6973506173737D227D7D2C7B22626F756E6473223A7B226C6F7765725269676874223A7B2278223A3137322E302C2279223A3231322E307D2C2275707065724C656674223A7B2278223A3132382E302C2279223A3231322E307D7D2C227265736F757263654964223A22666C6F7739222C226368696C64536861706573223A5B5D2C227374656E63696C223A7B226964223A2253657175656E6365466C6F77227D2C22646F636B657273223A5B7B2278223A32302E302C2279223A32302E307D2C7B2278223A35322E352C2279223A32372E357D5D2C226F7574676F696E67223A5B7B227265736F757263654964223A2268724175646974227D5D2C22746172676574223A7B227265736F757263654964223A2268724175646974227D2C2270726F70657274696573223A7B226F766572726964656964223A22666C6F7739222C226E616D65223A22E5908CE6848F222C22636F6E646974696F6E73657175656E6365666C6F77223A22247B6973506173737D227D7D2C7B22626F756E6473223A7B226C6F7765725269676874223A7B2278223A3137322E302C2279223A3231322E307D2C2275707065724C656674223A7B2278223A3132382E302C2279223A3231322E307D7D2C227265736F757263654964223A22666C6F773130222C226368696C64536861706573223A5B5D2C227374656E63696C223A7B226964223A2253657175656E6365466C6F77227D2C22646F636B657273223A5B7B2278223A32302E302C2279223A32302E307D2C7B2278223A3432352E302C2279223A3336372E307D2C7B2278223A35322E352C2279223A32372E357D5D2C226F7574676F696E67223A5B7B227265736F757263654964223A226D6F646966794170706C79227D5D2C22746172676574223A7B227265736F757263654964223A226D6F646966794170706C79227D2C2270726F70657274696573223A7B226F766572726964656964223A22666C6F773130222C226E616D65223A22E4B88DE5908CE6848F222C22636F6E646974696F6E73657175656E6365666C6F77223A22247B216973506173737D227D7D2C7B22626F756E6473223A7B226C6F7765725269676874223A7B2278223A3137322E302C2279223A3231322E307D2C2275707065724C656674223A7B2278223A3132382E302C2279223A3231322E307D7D2C227265736F757263654964223A22666C6F773131222C226368696C64536861706573223A5B5D2C227374656E63696C223A7B226964223A2253657175656E6365466C6F77227D2C22646F636B657273223A5B7B2278223A32302E302C2279223A32302E307D2C7B2278223A3530392E302C2279223A3336372E307D2C7B2278223A35322E352C2279223A32372E357D5D2C226F7574676F696E67223A5B7B227265736F757263654964223A226D6F646966794170706C79227D5D2C22746172676574223A7B227265736F757263654964223A226D6F646966794170706C79227D2C2270726F70657274696573223A7B226F766572726964656964223A22666C6F773131222C226E616D65223A22E4B88DE5908CE6848F222C22636F6E646974696F6E73657175656E6365666C6F77223A22247B216973506173737D227D7D2C7B22626F756E6473223A7B226C6F7765725269676874223A7B2278223A3736302E302C2279223A3237392E307D2C2275707065724C656674223A7B2278223A3732302E302C2279223A3233392E307D7D2C227265736F757263654964223A226578636C75736976656761746577617934222C226368696C64536861706573223A5B5D2C227374656E63696C223A7B226964223A224578636C757369766547617465776179227D2C2270726F70657274696573223A7B226F766572726964656964223A226578636C75736976656761746577617934222C226E616D65223A224578636C75736976652047617465776179227D2C226F7574676F696E67223A5B7B227265736F757263654964223A22666C6F773134227D2C7B227265736F757263654964223A22666C6F773135227D5D7D2C7B22626F756E6473223A7B226C6F7765725269676874223A7B2278223A3137322E302C2279223A3231322E307D2C2275707065724C656674223A7B2278223A3132382E302C2279223A3231322E307D7D2C227265736F757263654964223A22666C6F773133222C226368696C64536861706573223A5B5D2C227374656E63696C223A7B226964223A2253657175656E6365466C6F77227D2C22646F636B657273223A5B7B2278223A35322E352C2279223A32372E357D2C7B2278223A32302E302C2279223A32302E307D5D2C226F7574676F696E67223A5B7B227265736F757263654964223A226578636C75736976656761746577617934227D5D2C22746172676574223A7B227265736F757263654964223A226578636C75736976656761746577617934227D2C2270726F70657274696573223A7B226F766572726964656964223A22666C6F773133227D7D2C7B22626F756E6473223A7B226C6F7765725269676874223A7B2278223A3137322E302C2279223A3231322E307D2C2275707065724C656674223A7B2278223A3132382E302C2279223A3231322E307D7D2C227265736F757263654964223A22666C6F773134222C226368696C64536861706573223A5B5D2C227374656E63696C223A7B226964223A2253657175656E6365466C6F77227D2C22646F636B657273223A5B7B2278223A32302E302C2279223A32302E307D2C7B2278223A3734302E302C2279223A3336372E307D2C7B2278223A35322E352C2279223A32372E357D5D2C226F7574676F696E67223A5B7B227265736F757263654964223A226D6F646966794170706C79227D5D2C22746172676574223A7B227265736F757263654964223A226D6F646966794170706C79227D2C2270726F70657274696573223A7B226F766572726964656964223A22666C6F773134222C226E616D65223A22E4B88DE5908CE6848F222C22636F6E646974696F6E73657175656E6365666C6F77223A22247B216973506173737D227D7D2C7B22626F756E6473223A7B226C6F7765725269676874223A7B2278223A3838332E302C2279223A3237372E307D2C2275707065724C656674223A7B2278223A3834382E302C2279223A3234322E307D7D2C227265736F757263654964223A22656E646576656E7431222C226368696C64536861706573223A5B5D2C227374656E63696C223A7B226964223A22456E644E6F6E654576656E74227D2C2270726F70657274696573223A7B226F766572726964656964223A22656E646576656E7431222C226E616D65223A22456E64227D2C226F7574676F696E67223A5B5D7D2C7B22626F756E6473223A7B226C6F7765725269676874223A7B2278223A3137322E302C2279223A3231322E307D2C2275707065724C656674223A7B2278223A3132382E302C2279223A3231322E307D7D2C227265736F757263654964223A22666C6F773135222C226368696C64536861706573223A5B5D2C227374656E63696C223A7B226964223A2253657175656E6365466C6F77227D2C22646F636B657273223A5B7B2278223A32302E302C2279223A32302E307D2C7B2278223A31372E352C2279223A31372E357D5D2C226F7574676F696E67223A5B7B227265736F757263654964223A22656E646576656E7431227D5D2C22746172676574223A7B227265736F757263654964223A22656E646576656E7431227D2C2270726F70657274696573223A7B226F766572726964656964223A22666C6F773135222C226E616D65223A22E5908CE6848F222C22636F6E646974696F6E73657175656E6365666C6F77223A22247B6973506173737D227D7D2C7B22626F756E6473223A7B226C6F7765725269676874223A7B2278223A3137322E302C2279223A3231322E307D2C2275707065724C656674223A7B2278223A3132382E302C2279223A3231322E307D7D2C227265736F757263654964223A22666C6F773136222C226368696C64536861706573223A5B5D2C227374656E63696C223A7B226964223A2253657175656E6365466C6F77227D2C22646F636B657273223A5B7B2278223A35322E352C2279223A32372E357D2C7B2278223A3836352E302C2279223A3336372E307D2C7B2278223A31372E352C2279223A31372E357D5D2C226F7574676F696E67223A5B7B227265736F757263654964223A22656E646576656E7431227D5D2C22746172676574223A7B227265736F757263654964223A22656E646576656E7431227D2C2270726F70657274696573223A7B226F766572726964656964223A22666C6F773136222C226E616D65223A22E7BB93E69D9FE794B3E8AFB7222C22636F6E646974696F6E73657175656E6365666C6F77223A22247B2172654170706C797D227D7D5D7D, null);
INSERT INTO `act_ge_bytearray` VALUES ('112522', '1', 'source', null, 0x7B22626F756E6473223A7B226C6F7765725269676874223A7B2278223A313438352E302C2279223A313035302E307D2C2275707065724C656674223A7B2278223A302E302C2279223A302E307D7D2C227265736F757263654964223A2263616E766173222C227374656E63696C223A7B226964223A2242504D4E4469616772616D227D2C227374656E63696C736574223A7B226E616D657370616365223A22687474703A2F2F62336D6E2E6F72672F7374656E63696C7365742F62706D6E322E3023222C2275726C223A222E2E2F656469746F722F7374656E63696C736574732F62706D6E322E302F62706D6E322E302E6A736F6E227D2C2270726F70657274696573223A7B2270726F636573735F6964223A22576F726B4F72646572222C226E616D65223A22576F726B204F72646572222C2270726F636573735F6E616D657370616365223A22687474703A2F2F7777772E61637469766974692E6F72672F74657374222C226576656E746C697374656E657273223A7B22746F74616C436F756E74223A302C226974656D73223A5B5D7D2C22646F63756D656E746174696F6E223A22E4B88AE7BABFE5B7A5E58D95227D2C226368696C64536861706573223A5B7B22626F756E6473223A7B226C6F7765725269676874223A7B2278223A37352E302C2279223A38352E307D2C2275707065724C656674223A7B2278223A34302E302C2279223A35302E307D7D2C227265736F757263654964223A2273746172746576656E7432222C226368696C64536861706573223A5B5D2C227374656E63696C223A7B226964223A2253746172744E6F6E654576656E74227D2C2270726F70657274696573223A7B226F766572726964656964223A2273746172746576656E7432222C226E616D65223A225374617274222C22666F726D70726F70657274696573223A7B22746F74616C436F756E74223A302C226974656D73223A5B5D7D7D2C226F7574676F696E67223A5B7B227265736F757263654964223A22666C6F773235227D5D7D2C7B22626F756E6473223A7B226C6F7765725269676874223A7B2278223A3131302E302C2279223A3138352E307D2C2275707065724C656674223A7B2278223A352E302C2279223A3133302E307D7D2C227265736F757263654964223A22627573696E6573734175646974222C226368696C64536861706573223A5B5D2C227374656E63696C223A7B226964223A22557365725461736B227D2C2270726F70657274696573223A7B226F766572726964656964223A22627573696E6573734175646974222C226E616D65223A22E983A8E997A8E5AEA1E689B9222C22646F63756D656E746174696F6E223A22E58F91E8B5B7E4BABAE983A8E997A8E5AEA1E689B9222C22666F726D6B6579646566696E6974696F6E223A222F776F726B4F72646572416374696F6E2F627573696E6573734175646974222C22666F726D70726F70657274696573223A7B22746F74616C436F756E74223A302C226974656D73223A5B5D7D2C227461736B6C697374656E657273223A7B22746F74616C436F756E74223A312C226974656D73223A5B7B227461736B5F6C697374656E65725F6576656E745F74797065223A22637265617465222C227461736B5F6C697374656E65725F64656C65676174655F65787072657373696F6E223A22247B757365724C65616465724C697374656E65727D227D5D7D7D2C226F7574676F696E67223A5B7B227265736F757263654964223A22666C6F773236227D5D7D2C7B22626F756E6473223A7B226C6F7765725269676874223A7B2278223A3137322E302C2279223A3231322E307D2C2275707065724C656674223A7B2278223A3132382E302C2279223A3231322E307D7D2C227265736F757263654964223A22666C6F773235222C226368696C64536861706573223A5B5D2C227374656E63696C223A7B226964223A2253657175656E6365466C6F77227D2C22646F636B657273223A5B7B2278223A31372E352C2279223A31372E357D2C7B2278223A35322E352C2279223A32372E357D5D2C226F7574676F696E67223A5B7B227265736F757263654964223A22627573696E6573734175646974227D5D2C22746172676574223A7B227265736F757263654964223A22627573696E6573734175646974227D2C2270726F70657274696573223A7B226F766572726964656964223A22666C6F773235227D7D2C7B22626F756E6473223A7B226C6F7765725269676874223A7B2278223A3139352E302C2279223A3137382E307D2C2275707065724C656674223A7B2278223A3135352E302C2279223A3133382E307D7D2C227265736F757263654964223A226578636C75736976656761746577617935222C226368696C64536861706573223A5B5D2C227374656E63696C223A7B226964223A224578636C757369766547617465776179227D2C2270726F70657274696573223A7B226F766572726964656964223A226578636C75736976656761746577617935222C226E616D65223A224578636C75736976652047617465776179227D2C226F7574676F696E67223A5B7B227265736F757263654964223A22666C6F773237227D2C7B227265736F757263654964223A22666C6F773238227D5D7D2C7B22626F756E6473223A7B226C6F7765725269676874223A7B2278223A3137322E302C2279223A3231322E307D2C2275707065724C656674223A7B2278223A3132382E302C2279223A3231322E307D7D2C227265736F757263654964223A22666C6F773236222C226368696C64536861706573223A5B5D2C227374656E63696C223A7B226964223A2253657175656E6365466C6F77227D2C22646F636B657273223A5B7B2278223A35322E352C2279223A32372E357D2C7B2278223A32302E302C2279223A32302E307D5D2C226F7574676F696E67223A5B7B227265736F757263654964223A226578636C75736976656761746577617935227D5D2C22746172676574223A7B227265736F757263654964223A226578636C75736976656761746577617935227D2C2270726F70657274696573223A7B226F766572726964656964223A22666C6F773236227D7D2C7B22626F756E6473223A7B226C6F7765725269676874223A7B2278223A3336352E302C2279223A3138352E307D2C2275707065724C656674223A7B2278223A3236302E302C2279223A3133302E307D7D2C227265736F757263654964223A22636F646572222C226368696C64536861706573223A5B5D2C227374656E63696C223A7B226964223A22557365725461736B227D2C2270726F70657274696573223A7B226F766572726964656964223A22636F646572222C226E616D65223A22E5BC80E58F91222C22757365727461736B61737369676E6D656E74223A7B22746F74616C436F756E74223A312C226974656D73223A5B7B2261737369676E6D656E745F74797065223A2261737369676E6565222C227265736F7572636561737369676E6D656E7465787072223A22247B636F64657249647D227D5D7D2C22666F726D6B6579646566696E6974696F6E223A222F776F726B4F72646572416374696F6E2F636F646572222C22666F726D70726F70657274696573223A7B22746F74616C436F756E74223A302C226974656D73223A5B5D7D2C227461736B6C697374656E657273223A7B22746F74616C436F756E74223A302C226974656D73223A5B5D7D7D2C226F7574676F696E67223A5B7B227265736F757263654964223A22666C6F773330227D5D7D2C7B22626F756E6473223A7B226C6F7765725269676874223A7B2278223A3137322E302C2279223A3231322E307D2C2275707065724C656674223A7B2278223A3132382E302C2279223A3231322E307D7D2C227265736F757263654964223A22666C6F773237222C226368696C64536861706573223A5B5D2C227374656E63696C223A7B226964223A2253657175656E6365466C6F77227D2C22646F636B657273223A5B7B2278223A32302E302C2279223A32302E307D2C7B2278223A35322E352C2279223A32372E357D5D2C226F7574676F696E67223A5B7B227265736F757263654964223A22636F646572227D5D2C22746172676574223A7B227265736F757263654964223A22636F646572227D2C2270726F70657274696573223A7B226F766572726964656964223A22666C6F773237222C226E616D65223A22E9809AE8BF87222C22636F6E646974696F6E73657175656E6365666C6F77223A22247B6973506173737D227D7D2C7B22626F756E6473223A7B226C6F7765725269676874223A7B2278223A3131302E302C2279223A3238352E307D2C2275707065724C656674223A7B2278223A352E302C2279223A3233302E307D7D2C227265736F757263654964223A22627573696E657373557064617465222C226368696C64536861706573223A5B5D2C227374656E63696C223A7B226964223A22557365725461736B227D2C2270726F70657274696573223A7B226F766572726964656964223A22627573696E657373557064617465222C226E616D65223A22E4BFAEE694B9222C22757365727461736B61737369676E6D656E74223A7B22746F74616C436F756E74223A312C226974656D73223A5B7B2261737369676E6D656E745F74797065223A2261737369676E6565222C227265736F7572636561737369676E6D656E7465787072223A22247B6170706C795573657249647D227D5D7D2C22666F726D6B6579646566696E6974696F6E223A222F776F726B4F72646572416374696F6E2F627573696E657373557064617465222C22666F726D70726F70657274696573223A7B22746F74616C436F756E74223A302C226974656D73223A5B5D7D2C227461736B6C697374656E657273223A7B22746F74616C436F756E74223A302C226974656D73223A5B5D7D7D2C226F7574676F696E67223A5B7B227265736F757263654964223A22666C6F773239227D5D7D2C7B22626F756E6473223A7B226C6F7765725269676874223A7B2278223A3137322E302C2279223A3231322E307D2C2275707065724C656674223A7B2278223A3132382E302C2279223A3231322E307D7D2C227265736F757263654964223A22666C6F773238222C226368696C64536861706573223A5B5D2C227374656E63696C223A7B226964223A2253657175656E6365466C6F77227D2C22646F636B657273223A5B7B2278223A32302E302C2279223A32302E307D2C7B2278223A3137342E302C2279223A3235372E307D2C7B2278223A35322E352C2279223A32372E357D5D2C226F7574676F696E67223A5B7B227265736F757263654964223A22627573696E657373557064617465227D5D2C22746172676574223A7B227265736F757263654964223A22627573696E657373557064617465227D2C2270726F70657274696573223A7B226F766572726964656964223A22666C6F773238222C226E616D65223A22E9A9B3E59B9E222C22636F6E646974696F6E73657175656E6365666C6F77223A22247B216973506173737D227D7D2C7B22626F756E6473223A7B226C6F7765725269676874223A7B2278223A3137322E302C2279223A3231322E307D2C2275707065724C656674223A7B2278223A3132382E302C2279223A3231322E307D7D2C227265736F757263654964223A22666C6F773239222C226368696C64536861706573223A5B5D2C227374656E63696C223A7B226964223A2253657175656E6365466C6F77227D2C22646F636B657273223A5B7B2278223A35322E352C2279223A32372E357D2C7B2278223A35322E352C2279223A32372E357D5D2C226F7574676F696E67223A5B7B227265736F757263654964223A22627573696E6573734175646974227D5D2C22746172676574223A7B227265736F757263654964223A22627573696E6573734175646974227D2C2270726F70657274696573223A7B226F766572726964656964223A22666C6F773239227D7D2C7B22626F756E6473223A7B226C6F7765725269676874223A7B2278223A3531352E302C2279223A3138352E307D2C2275707065724C656674223A7B2278223A3431302E302C2279223A3133302E307D7D2C227265736F757263654964223A22636F6465724175646974222C226368696C64536861706573223A5B5D2C227374656E63696C223A7B226964223A22557365725461736B227D2C2270726F70657274696573223A7B226F766572726964656964223A22636F6465724175646974222C226E616D65223A22E983A8E997A8E5AEA1E689B9222C22666F726D6B6579646566696E6974696F6E223A222F776F726B4F72646572416374696F6E2F636F6465724175646974222C22666F726D70726F70657274696573223A7B22746F74616C436F756E74223A302C226974656D73223A5B5D7D2C227461736B6C697374656E657273223A7B22746F74616C436F756E74223A312C226974656D73223A5B7B227461736B5F6C697374656E65725F6576656E745F74797065223A22637265617465222C227461736B5F6C697374656E65725F64656C65676174655F65787072657373696F6E223A22247B757365724C65616465724C697374656E65727D227D5D7D7D2C226F7574676F696E67223A5B7B227265736F757263654964223A22666C6F773331227D5D7D2C7B22626F756E6473223A7B226C6F7765725269676874223A7B2278223A3137322E302C2279223A3231322E307D2C2275707065724C656674223A7B2278223A3132382E302C2279223A3231322E307D7D2C227265736F757263654964223A22666C6F773330222C226368696C64536861706573223A5B5D2C227374656E63696C223A7B226964223A2253657175656E6365466C6F77227D2C22646F636B657273223A5B7B2278223A35322E352C2279223A32372E357D2C7B2278223A35322E352C2279223A32372E357D5D2C226F7574676F696E67223A5B7B227265736F757263654964223A22636F6465724175646974227D5D2C22746172676574223A7B227265736F757263654964223A22636F6465724175646974227D2C2270726F70657274696573223A7B226F766572726964656964223A22666C6F773330227D7D2C7B22626F756E6473223A7B226C6F7765725269676874223A7B2278223A3630302E302C2279223A3137382E307D2C2275707065724C656674223A7B2278223A3536302E302C2279223A3133382E307D7D2C227265736F757263654964223A226578636C75736976656761746577617936222C226368696C64536861706573223A5B5D2C227374656E63696C223A7B226964223A224578636C757369766547617465776179227D2C2270726F70657274696573223A7B226F766572726964656964223A226578636C75736976656761746577617936222C226E616D65223A224578636C75736976652047617465776179227D2C226F7574676F696E67223A5B7B227265736F757263654964223A22666C6F773332227D2C7B227265736F757263654964223A22666C6F773333227D5D7D2C7B22626F756E6473223A7B226C6F7765725269676874223A7B2278223A3137322E302C2279223A3231322E307D2C2275707065724C656674223A7B2278223A3132382E302C2279223A3231322E307D7D2C227265736F757263654964223A22666C6F773331222C226368696C64536861706573223A5B5D2C227374656E63696C223A7B226964223A2253657175656E6365466C6F77227D2C22646F636B657273223A5B7B2278223A35322E352C2279223A32372E357D2C7B2278223A32302E302C2279223A32302E307D5D2C226F7574676F696E67223A5B7B227265736F757263654964223A226578636C75736976656761746577617936227D5D2C22746172676574223A7B227265736F757263654964223A226578636C75736976656761746577617936227D2C2270726F70657274696573223A7B226F766572726964656964223A22666C6F773331227D7D2C7B22626F756E6473223A7B226C6F7765725269676874223A7B2278223A3735302E302C2279223A3138362E307D2C2275707065724C656674223A7B2278223A3634352E302C2279223A3133312E307D7D2C227265736F757263654964223A22746573746572222C226368696C64536861706573223A5B5D2C227374656E63696C223A7B226964223A22557365725461736B227D2C2270726F70657274696573223A7B226F766572726964656964223A22746573746572222C226E616D65223A22E6B58BE8AF95222C22666F726D6B6579646566696E6974696F6E223A222F776F726B4F72646572416374696F6E2F746573746572222C22666F726D70726F70657274696573223A7B22746F74616C436F756E74223A302C226974656D73223A5B5D7D2C227461736B6C697374656E657273223A7B22746F74616C436F756E74223A312C226974656D73223A5B7B227461736B5F6C697374656E65725F6576656E745F74797065223A22637265617465222C227461736B5F6C697374656E65725F64656C65676174655F65787072657373696F6E223A22247B757365725461736B4C697374656E65727D227D5D7D7D2C226F7574676F696E67223A5B7B227265736F757263654964223A22666C6F773335227D5D7D2C7B22626F756E6473223A7B226C6F7765725269676874223A7B2278223A3137322E302C2279223A3231322E307D2C2275707065724C656674223A7B2278223A3132382E302C2279223A3231322E307D7D2C227265736F757263654964223A22666C6F773332222C226368696C64536861706573223A5B5D2C227374656E63696C223A7B226964223A2253657175656E6365466C6F77227D2C22646F636B657273223A5B7B2278223A32302E302C2279223A32302E307D2C7B2278223A35322E352C2279223A32372E357D5D2C226F7574676F696E67223A5B7B227265736F757263654964223A22746573746572227D5D2C22746172676574223A7B227265736F757263654964223A22746573746572227D2C2270726F70657274696573223A7B226F766572726964656964223A22666C6F773332222C226E616D65223A22E9809AE8BF87222C22636F6E646974696F6E73657175656E6365666C6F77223A22247B6973506173737D227D7D2C7B22626F756E6473223A7B226C6F7765725269676874223A7B2278223A3531352E302C2279223A3238352E307D2C2275707065724C656674223A7B2278223A3431302E302C2279223A3233302E307D7D2C227265736F757263654964223A22636F646572557064617465222C226368696C64536861706573223A5B5D2C227374656E63696C223A7B226964223A22557365725461736B227D2C2270726F70657274696573223A7B226F766572726964656964223A22636F646572557064617465222C226E616D65223A22E4BFAEE694B9222C22757365727461736B61737369676E6D656E74223A7B22746F74616C436F756E74223A312C226974656D73223A5B7B2261737369676E6D656E745F74797065223A2261737369676E6565222C227265736F7572636561737369676E6D656E7465787072223A22247B636F64657249647D227D5D7D2C22666F726D6B6579646566696E6974696F6E223A222F776F726B4F72646572416374696F6E2F636F646572557064617465222C22666F726D70726F70657274696573223A7B22746F74616C436F756E74223A302C226974656D73223A5B5D7D2C227461736B6C697374656E657273223A7B22746F74616C436F756E74223A302C226974656D73223A5B5D7D7D2C226F7574676F696E67223A5B7B227265736F757263654964223A22666C6F773334227D5D7D2C7B22626F756E6473223A7B226C6F7765725269676874223A7B2278223A3137322E302C2279223A3231322E307D2C2275707065724C656674223A7B2278223A3132382E302C2279223A3231322E307D7D2C227265736F757263654964223A22666C6F773333222C226368696C64536861706573223A5B5D2C227374656E63696C223A7B226964223A2253657175656E6365466C6F77227D2C22646F636B657273223A5B7B2278223A32302E302C2279223A32302E307D2C7B2278223A3538302E302C2279223A3235372E307D2C7B2278223A35322E352C2279223A32372E357D5D2C226F7574676F696E67223A5B7B227265736F757263654964223A22636F646572557064617465227D5D2C22746172676574223A7B227265736F757263654964223A22636F646572557064617465227D2C2270726F70657274696573223A7B226F766572726964656964223A22666C6F773333222C226E616D65223A22E9A9B3E59B9E222C22636F6E646974696F6E73657175656E6365666C6F77223A22247B216973506173737D227D7D2C7B22626F756E6473223A7B226C6F7765725269676874223A7B2278223A3137322E302C2279223A3231322E307D2C2275707065724C656674223A7B2278223A3132382E302C2279223A3231322E307D7D2C227265736F757263654964223A22666C6F773334222C226368696C64536861706573223A5B5D2C227374656E63696C223A7B226964223A2253657175656E6365466C6F77227D2C22646F636B657273223A5B7B2278223A35322E352C2279223A32372E357D2C7B2278223A35322E352C2279223A32372E357D5D2C226F7574676F696E67223A5B7B227265736F757263654964223A22636F6465724175646974227D5D2C22746172676574223A7B227265736F757263654964223A22636F6465724175646974227D2C2270726F70657274696573223A7B226F766572726964656964223A22666C6F773334227D7D2C7B22626F756E6473223A7B226C6F7765725269676874223A7B2278223A3930302E302C2279223A3138362E307D2C2275707065724C656674223A7B2278223A3739352E302C2279223A3133312E307D7D2C227265736F757263654964223A227465737465724175646974222C226368696C64536861706573223A5B5D2C227374656E63696C223A7B226964223A22557365725461736B227D2C2270726F70657274696573223A7B226F766572726964656964223A227465737465724175646974222C226E616D65223A22E983A8E997A8E5AEA1E689B9222C22666F726D6B6579646566696E6974696F6E223A222F776F726B4F72646572416374696F6E2F7465737465724175646974222C22666F726D70726F70657274696573223A7B22746F74616C436F756E74223A302C226974656D73223A5B5D7D2C227461736B6C697374656E657273223A7B22746F74616C436F756E74223A312C226974656D73223A5B7B227461736B5F6C697374656E65725F6576656E745F74797065223A22637265617465222C227461736B5F6C697374656E65725F64656C65676174655F65787072657373696F6E223A22247B757365724C65616465724C697374656E65727D227D5D7D7D2C226F7574676F696E67223A5B7B227265736F757263654964223A22666C6F773336227D5D7D2C7B22626F756E6473223A7B226C6F7765725269676874223A7B2278223A3137322E302C2279223A3231322E307D2C2275707065724C656674223A7B2278223A3132382E302C2279223A3231322E307D7D2C227265736F757263654964223A22666C6F773335222C226368696C64536861706573223A5B5D2C227374656E63696C223A7B226964223A2253657175656E6365466C6F77227D2C22646F636B657273223A5B7B2278223A35322E352C2279223A32372E357D2C7B2278223A35322E352C2279223A32372E357D5D2C226F7574676F696E67223A5B7B227265736F757263654964223A227465737465724175646974227D5D2C22746172676574223A7B227265736F757263654964223A227465737465724175646974227D2C2270726F70657274696573223A7B226F766572726964656964223A22666C6F773335227D7D2C7B22626F756E6473223A7B226C6F7765725269676874223A7B2278223A3938352E302C2279223A3137392E307D2C2275707065724C656674223A7B2278223A3934352E302C2279223A3133392E307D7D2C227265736F757263654964223A226578636C75736976656761746577617937222C226368696C64536861706573223A5B5D2C227374656E63696C223A7B226964223A224578636C757369766547617465776179227D2C2270726F70657274696573223A7B226F766572726964656964223A226578636C75736976656761746577617937222C226E616D65223A224578636C75736976652047617465776179227D2C226F7574676F696E67223A5B7B227265736F757263654964223A22666C6F773338227D2C7B227265736F757263654964223A22666C6F773439227D5D7D2C7B22626F756E6473223A7B226C6F7765725269676874223A7B2278223A3137322E302C2279223A3231322E307D2C2275707065724C656674223A7B2278223A3132382E302C2279223A3231322E307D7D2C227265736F757263654964223A22666C6F773336222C226368696C64536861706573223A5B5D2C227374656E63696C223A7B226964223A2253657175656E6365466C6F77227D2C22646F636B657273223A5B7B2278223A35322E352C2279223A32372E357D2C7B2278223A32302E302C2279223A32302E307D5D2C226F7574676F696E67223A5B7B227265736F757263654964223A226578636C75736976656761746577617937227D5D2C22746172676574223A7B227265736F757263654964223A226578636C75736976656761746577617937227D2C2270726F70657274696573223A7B226F766572726964656964223A22666C6F773336227D7D2C7B22626F756E6473223A7B226C6F7765725269676874223A7B2278223A313133352E302C2279223A3138352E307D2C2275707065724C656674223A7B2278223A313033302E302C2279223A3133302E307D7D2C227265736F757263654964223A227765626D6173746572222C226368696C64536861706573223A5B5D2C227374656E63696C223A7B226964223A22557365725461736B227D2C2270726F70657274696573223A7B226F766572726964656964223A227765626D6173746572222C226E616D65223A22E8BF90E7BBB4222C22666F726D6B6579646566696E6974696F6E223A222F776F726B4F72646572416374696F6E2F7765626D6173746572222C22666F726D70726F70657274696573223A7B22746F74616C436F756E74223A302C226974656D73223A5B5D7D2C227461736B6C697374656E657273223A7B22746F74616C436F756E74223A312C226974656D73223A5B7B227461736B5F6C697374656E65725F6576656E745F74797065223A22637265617465222C227461736B5F6C697374656E65725F64656C65676174655F65787072657373696F6E223A22247B757365725461736B4C697374656E65727D227D5D7D7D2C226F7574676F696E67223A5B7B227265736F757263654964223A22666C6F773530227D5D7D2C7B22626F756E6473223A7B226C6F7765725269676874223A7B2278223A3930302E302C2279223A3238352E307D2C2275707065724C656674223A7B2278223A3739352E302C2279223A3233302E307D7D2C227265736F757263654964223A22746573746572557064617465222C226368696C64536861706573223A5B5D2C227374656E63696C223A7B226964223A22557365725461736B227D2C2270726F70657274696573223A7B226F766572726964656964223A22746573746572557064617465222C226E616D65223A22E4BFAEE694B9222C22757365727461736B61737369676E6D656E74223A7B22746F74616C436F756E74223A312C226974656D73223A5B7B2261737369676E6D656E745F74797065223A2261737369676E6565222C227265736F7572636561737369676E6D656E7465787072223A22247B74657374657249647D227D5D7D2C22666F726D6B6579646566696E6974696F6E223A222F776F726B4F72646572416374696F6E2F746573746572557064617465222C22666F726D70726F70657274696573223A7B22746F74616C436F756E74223A302C226974656D73223A5B5D7D2C227461736B6C697374656E657273223A7B22746F74616C436F756E74223A302C226974656D73223A5B5D7D7D2C226F7574676F696E67223A5B7B227265736F757263654964223A22666C6F773339227D5D7D2C7B22626F756E6473223A7B226C6F7765725269676874223A7B2278223A3137322E302C2279223A3231322E307D2C2275707065724C656674223A7B2278223A3132382E302C2279223A3231322E307D7D2C227265736F757263654964223A22666C6F773338222C226368696C64536861706573223A5B5D2C227374656E63696C223A7B226964223A2253657175656E6365466C6F77227D2C22646F636B657273223A5B7B2278223A32302E302C2279223A32302E307D2C7B2278223A3936352E302C2279223A3235372E307D2C7B2278223A35322E352C2279223A32372E357D5D2C226F7574676F696E67223A5B7B227265736F757263654964223A22746573746572557064617465227D5D2C22746172676574223A7B227265736F757263654964223A22746573746572557064617465227D2C2270726F70657274696573223A7B226F766572726964656964223A22666C6F773338222C226E616D65223A22E9A9B3E59B9E222C22636F6E646974696F6E73657175656E6365666C6F77223A22247B216973506173737D227D7D2C7B22626F756E6473223A7B226C6F7765725269676874223A7B2278223A3137322E302C2279223A3231322E307D2C2275707065724C656674223A7B2278223A3132382E302C2279223A3231322E307D7D2C227265736F757263654964223A22666C6F773339222C226368696C64536861706573223A5B5D2C227374656E63696C223A7B226964223A2253657175656E6365466C6F77227D2C22646F636B657273223A5B7B2278223A35322E352C2279223A32372E357D2C7B2278223A35322E352C2279223A32372E357D5D2C226F7574676F696E67223A5B7B227265736F757263654964223A227465737465724175646974227D5D2C22746172676574223A7B227265736F757263654964223A227465737465724175646974227D2C2270726F70657274696573223A7B226F766572726964656964223A22666C6F773339227D7D2C7B22626F756E6473223A7B226C6F7765725269676874223A7B2278223A313130322E302C2279223A3333302E307D2C2275707065724C656674223A7B2278223A313036322E302C2279223A3239302E307D7D2C227265736F757263654964223A226578636C75736976656761746577617938222C226368696C64536861706573223A5B5D2C227374656E63696C223A7B226964223A224578636C757369766547617465776179227D2C2270726F70657274696573223A7B226F766572726964656964223A226578636C75736976656761746577617938222C226E616D65223A224578636C75736976652047617465776179227D2C226F7574676F696E67223A5B7B227265736F757263654964223A22666C6F773431227D2C7B227265736F757263654964223A22666C6F773434227D5D7D2C7B22626F756E6473223A7B226C6F7765725269676874223A7B2278223A3137322E302C2279223A3231322E307D2C2275707065724C656674223A7B2278223A3132382E302C2279223A3231322E307D7D2C227265736F757263654964223A22666C6F773431222C226368696C64536861706573223A5B5D2C227374656E63696C223A7B226964223A2253657175656E6365466C6F77227D2C22646F636B657273223A5B7B2278223A32302E302C2279223A32302E307D2C7B2278223A3331322E302C2279223A3330392E307D2C7B2278223A35322E352C2279223A32372E357D5D2C226F7574676F696E67223A5B7B227265736F757263654964223A22636F646572227D5D2C22746172676574223A7B227265736F757263654964223A22636F646572227D2C2270726F70657274696573223A7B226F766572726964656964223A22666C6F773431222C226E616D65223A22E59B9EE6BB9A222C22636F6E646974696F6E73657175656E6365666C6F77223A22247B726F6C6C6261636B7D227D7D2C7B22626F756E6473223A7B226C6F7765725269676874223A7B2278223A3936352E302C2279223A3431352E307D2C2275707065724C656674223A7B2278223A3836302E302C2279223A3336302E307D7D2C227265736F757263654964223A226170706C79436F6E6669726D222C226368696C64536861706573223A5B5D2C227374656E63696C223A7B226964223A22557365725461736B227D2C2270726F70657274696573223A7B226F766572726964656964223A226170706C79436F6E6669726D222C226E616D65223A22E58F91E8B5B7E4BABAE7A1AEE8AEA4222C22757365727461736B61737369676E6D656E74223A7B22746F74616C436F756E74223A312C226974656D73223A5B7B2261737369676E6D656E745F74797065223A2261737369676E6565222C227265736F7572636561737369676E6D656E7465787072223A22247B6170706C795573657249647D227D5D7D2C22666F726D6B6579646566696E6974696F6E223A222F776F726B4F72646572416374696F6E2F776F726B4F72646572566572696679222C22666F726D70726F70657274696573223A7B22746F74616C436F756E74223A302C226974656D73223A5B5D7D2C227461736B6C697374656E657273223A7B22746F74616C436F756E74223A302C226974656D73223A5B5D7D7D2C226F7574676F696E67223A5B7B227265736F757263654964223A22666C6F773433227D5D7D2C7B22626F756E6473223A7B226C6F7765725269676874223A7B2278223A3738342E302C2279223A3430352E307D2C2275707065724C656674223A7B2278223A3734392E302C2279223A3337302E307D7D2C227265736F757263654964223A22656E646576656E7432222C226368696C64536861706573223A5B5D2C227374656E63696C223A7B226964223A22456E644E6F6E654576656E74227D2C2270726F70657274696573223A7B226F766572726964656964223A22656E646576656E7432222C226E616D65223A22456E64227D2C226F7574676F696E67223A5B5D7D2C7B22626F756E6473223A7B226C6F7765725269676874223A7B2278223A3137322E302C2279223A3231322E307D2C2275707065724C656674223A7B2278223A3132382E302C2279223A3231322E307D7D2C227265736F757263654964223A22666C6F773433222C226368696C64536861706573223A5B5D2C227374656E63696C223A7B226964223A2253657175656E6365466C6F77227D2C22646F636B657273223A5B7B2278223A35322E352C2279223A32372E357D2C7B2278223A31372E352C2279223A31372E357D5D2C226F7574676F696E67223A5B7B227265736F757263654964223A22656E646576656E7432227D5D2C22746172676574223A7B227265736F757263654964223A22656E646576656E7432227D2C2270726F70657274696573223A7B226F766572726964656964223A22666C6F773433227D7D2C7B22626F756E6473223A7B226C6F7765725269676874223A7B2278223A313133352E302C2279223A3431352E307D2C2275707065724C656674223A7B2278223A313033302E302C2279223A3336302E307D7D2C227265736F757263654964223A227765626D61737465724175646974222C226368696C64536861706573223A5B5D2C227374656E63696C223A7B226964223A22557365725461736B227D2C2270726F70657274696573223A7B226F766572726964656964223A227765626D61737465724175646974222C226E616D65223A22E983A8E997A8E5AEA1E6A0B8222C22666F726D6B6579646566696E6974696F6E223A222F776F726B4F72646572416374696F6E2F7765626D61737465724175646974222C22666F726D70726F70657274696573223A7B22746F74616C436F756E74223A302C226974656D73223A5B5D7D2C227461736B6C697374656E657273223A7B22746F74616C436F756E74223A312C226974656D73223A5B7B227461736B5F6C697374656E65725F6576656E745F74797065223A22637265617465222C227461736B5F6C697374656E65725F64656C65676174655F65787072657373696F6E223A22247B757365724C65616465724C697374656E65727D227D5D7D7D2C226F7574676F696E67223A5B7B227265736F757263654964223A22666C6F773531227D5D7D2C7B22626F756E6473223A7B226C6F7765725269676874223A7B2278223A3137322E302C2279223A3231322E307D2C2275707065724C656674223A7B2278223A3132382E302C2279223A3231322E307D7D2C227265736F757263654964223A22666C6F773434222C226368696C64536861706573223A5B5D2C227374656E63696C223A7B226964223A2253657175656E6365466C6F77227D2C22646F636B657273223A5B7B2278223A32302E302C2279223A32302E307D2C7B2278223A35322E352C2279223A32372E357D5D2C226F7574676F696E67223A5B7B227265736F757263654964223A227765626D61737465724175646974227D5D2C22746172676574223A7B227265736F757263654964223A227765626D61737465724175646974227D2C2270726F70657274696573223A7B226F766572726964656964223A22666C6F773434222C22636F6E646974696F6E73657175656E6365666C6F77223A22247B21726F6C6C6261636B7D227D7D2C7B22626F756E6473223A7B226C6F7765725269676874223A7B2278223A3137322E302C2279223A3231322E307D2C2275707065724C656674223A7B2278223A3132382E302C2279223A3231322E307D7D2C227265736F757263654964223A22666C6F773439222C226368696C64536861706573223A5B5D2C227374656E63696C223A7B226964223A2253657175656E6365466C6F77227D2C22646F636B657273223A5B7B2278223A32302E302C2279223A32302E307D2C7B2278223A35322E352C2279223A32372E357D5D2C226F7574676F696E67223A5B7B227265736F757263654964223A227765626D6173746572227D5D2C22746172676574223A7B227265736F757263654964223A227765626D6173746572227D2C2270726F70657274696573223A7B226F766572726964656964223A22666C6F773439222C226E616D65223A22E9809AE8BF87227D7D2C7B22626F756E6473223A7B226C6F7765725269676874223A7B2278223A3137322E302C2279223A3231322E307D2C2275707065724C656674223A7B2278223A3132382E302C2279223A3231322E307D7D2C227265736F757263654964223A22666C6F773530222C226368696C64536861706573223A5B5D2C227374656E63696C223A7B226964223A2253657175656E6365466C6F77227D2C22646F636B657273223A5B7B2278223A35322E352C2279223A32372E357D2C7B2278223A32302E302C2279223A32302E307D5D2C226F7574676F696E67223A5B7B227265736F757263654964223A226578636C75736976656761746577617938227D5D2C22746172676574223A7B227265736F757263654964223A226578636C75736976656761746577617938227D2C2270726F70657274696573223A7B226F766572726964656964223A22666C6F773530227D7D2C7B22626F756E6473223A7B226C6F7765725269676874223A7B2278223A3137322E302C2279223A3231322E307D2C2275707065724C656674223A7B2278223A3132382E302C2279223A3231322E307D7D2C227265736F757263654964223A22666C6F773531222C226368696C64536861706573223A5B5D2C227374656E63696C223A7B226964223A2253657175656E6365466C6F77227D2C22646F636B657273223A5B7B2278223A35322E352C2279223A32372E357D2C7B2278223A35322E352C2279223A32372E357D5D2C226F7574676F696E67223A5B7B227265736F757263654964223A226170706C79436F6E6669726D227D5D2C22746172676574223A7B227265736F757263654964223A226170706C79436F6E6669726D227D2C2270726F70657274696573223A7B226F766572726964656964223A22666C6F773531227D7D5D7D, null);
INSERT INTO `act_ge_bytearray` VALUES ('15006', '1', 'source', null, 0x7B22626F756E6473223A7B226C6F7765725269676874223A7B2278223A313438352E302C2279223A313035302E307D2C2275707065724C656674223A7B2278223A302E302C2279223A302E307D7D2C227265736F757263654964223A2263616E766173222C227374656E63696C223A7B226964223A2242504D4E4469616772616D227D2C227374656E63696C736574223A7B226E616D657370616365223A22687474703A2F2F62336D6E2E6F72672F7374656E63696C7365742F62706D6E322E3023222C2275726C223A222E2E2F656469746F722F7374656E63696C736574732F62706D6E322E302F62706D6E322E302E6A736F6E227D2C2270726F70657274696573223A7B2270726F636573735F6964223A22436F756E7453616C617279222C226E616D65223A22E8AEA1E7AE97E896AAE8B584222C2270726F636573735F6E616D657370616365223A22687474703A2F2F7777772E61637469766974692E6F72672F74657374222C226576656E746C697374656E657273223A7B22746F74616C436F756E74223A302C226974656D73223A5B5D7D7D2C226368696C64536861706573223A5B7B22626F756E6473223A7B226C6F7765725269676874223A7B2278223A3432352E302C2279223A3235352E307D2C2275707065724C656674223A7B2278223A3339302E302C2279223A3232302E307D7D2C227265736F757263654964223A2273746172746576656E7431222C226368696C64536861706573223A5B5D2C227374656E63696C223A7B226964223A2253746172744E6F6E654576656E74227D2C2270726F70657274696573223A7B226F766572726964656964223A2273746172746576656E7431222C226E616D65223A225374617274222C22666F726D70726F70657274696573223A7B22746F74616C436F756E74223A302C226974656D73223A5B5D7D7D2C226F7574676F696E67223A5B7B227265736F757263654964223A22666C6F7731227D5D7D2C7B22626F756E6473223A7B226C6F7765725269676874223A7B2278223A3537352E302C2279223A3236352E307D2C2275707065724C656674223A7B2278223A3437302E302C2279223A3231302E307D7D2C227265736F757263654964223A22636F756E7453616C617279222C226368696C64536861706573223A5B5D2C227374656E63696C223A7B226964223A22536572766963655461736B227D2C2270726F70657274696573223A7B226F766572726964656964223A22636F756E7453616C617279222C226E616D65223A22E7B3BBE7BB9FE8AEB0E5BD95E896AAE8B584222C22736572766963657461736B64656C656761746565787072657373696F6E223A22247B636F6E74656E7453616C6172797D222C22736572766963657461736B6669656C6473223A7B22746F74616C436F756E74223A302C226974656D73223A5B5D7D2C22657865637574696F6E6C697374656E657273223A7B22746F74616C436F756E74223A302C226974656D73223A5B5D7D7D2C226F7574676F696E67223A5B7B227265736F757263654964223A22666C6F7732227D5D7D2C7B22626F756E6473223A7B226C6F7765725269676874223A7B2278223A3137322E302C2279223A3231322E307D2C2275707065724C656674223A7B2278223A3132382E302C2279223A3231322E307D7D2C227265736F757263654964223A22666C6F7731222C226368696C64536861706573223A5B5D2C227374656E63696C223A7B226964223A2253657175656E6365466C6F77227D2C22646F636B657273223A5B7B2278223A31372E352C2279223A31372E357D2C7B2278223A35322E352C2279223A32372E357D5D2C226F7574676F696E67223A5B7B227265736F757263654964223A22636F756E7453616C617279227D5D2C22746172676574223A7B227265736F757263654964223A22636F756E7453616C617279227D2C2270726F70657274696573223A7B226F766572726964656964223A22666C6F7731227D7D2C7B22626F756E6473223A7B226C6F7765725269676874223A7B2278223A3635352E302C2279223A3235352E307D2C2275707065724C656674223A7B2278223A3632302E302C2279223A3232302E307D7D2C227265736F757263654964223A22656E646576656E7431222C226368696C64536861706573223A5B5D2C227374656E63696C223A7B226964223A22456E644E6F6E654576656E74227D2C2270726F70657274696573223A7B226F766572726964656964223A22656E646576656E7431222C226E616D65223A22456E64227D2C226F7574676F696E67223A5B5D7D2C7B22626F756E6473223A7B226C6F7765725269676874223A7B2278223A3137322E302C2279223A3231322E307D2C2275707065724C656674223A7B2278223A3132382E302C2279223A3231322E307D7D2C227265736F757263654964223A22666C6F7732222C226368696C64536861706573223A5B5D2C227374656E63696C223A7B226964223A2253657175656E6365466C6F77227D2C22646F636B657273223A5B7B2278223A35322E352C2279223A32372E357D2C7B2278223A31372E352C2279223A31372E357D5D2C226F7574676F696E67223A5B7B227265736F757263654964223A22656E646576656E7431227D5D2C22746172676574223A7B227265736F757263654964223A22656E646576656E7431227D2C2270726F70657274696573223A7B226F766572726964656964223A22666C6F7732227D7D5D7D, null);
INSERT INTO `act_ge_bytearray` VALUES ('200002', '1', 'CountSalary.png', '200001', 0x89504E470D0A1A0A0000000D49484452000003E6000001E50802000000F70971F70000184D49444154789CEDDD6D6C5DF561C77154B5AAFBA2AAA54A85371BE6C5564B9586A5554A5E4C8BF7D44454054B95C00229B5C4DA4693A0BC985A0B89025BB2B452515EB428D20AF534D1795553592A84A825955101792DD0B490D6ED12EA12D85270A83B1230E4C9FBE71E385CFC849DD83EBFD49F8FFEB2EE3DF79EE37B7C4E8EBEF7E6F8F89219000020D8254DBF0000006031921D0000A2497600008826D90100209A6407008068921D0000A2497600008826D90100209A6407008068921D0000A2497600008826D90100209A6407008068921D0000A2497600008826D90100209A6407008068921D0000A2497600008826D90100209A6407008068921D0000A2497600008826D90100209A6407008068921D0000A2497600008826D90100209A6407008068921D0000A2497600008826D90100209A6407008068921D0000A2497600008826D90100209A6407008068921D0000A2497600008826D90100209A6407008068921D0000A2497600008826D90100209A6407008068921D0000A2497600008826D90100209A6407008068921D0000A2497600008826D90100209A6407008068921D0000A2497600008826D90100209A6407008068921D0000A2497600008826D90100209A6407008068921D0000A2497600008826D90100209A6407008068921D0000A2497600008826D90100209A6407008068921D0000A2497600008826D90100209A6407008068921D0000A2497600008826D90100209A6407008068921D0000A2497600008826D90100209A6407008068921D0000A2497600008826D90100209A6407008068921D0000A2497600008826D90100209A6407008068921D0000A2497600008826D90100209A6407008068921D0000A2497600008826D90100209A6407008068921D0000A2497600008826D90100209A6407008068921D0000A2497600008826D90100209A6407008068921D0000A2497600008826D90100209A6407008068921D0000A2497600008826D90100209A6407008068921D0000A2497600008826D90100209A6407008068921D0000A2497600008826D90100209A6407008068921D0000A2497600008826D90100209A6407008068921D0000A2497600008826D90100209A6407008068921D0000A2497600008826D90100209A6407008068921D0000A2497600008826D90100209A6407008068921D0000A2497600008826D90100209A6407008068921D0000A2497600008826D90100209A6407008068921D0000A2497600008826D90100209A6407008068921D0000A2497600008826D90100209A6407008068921D0000A2497600008826D90100209A6407008068921D0000A2497600008826D90100209A6407008068921D0000A2497600008826D90100209A6407008068921D0000A2497600008826D90100209A6407008068921D0000A2497600008826D90100209A6407008068921D0000A2497600008826D90100209A6407008068921D0000A2497600008826D90100209A6407008068921D0000A2497600008826D90100209A6407008068921D0000A2497600008826D90100209A6407008068921D0000A2497600008826D90100209A6407008068921D0000A2497600008826D90100209A6407008068921D0000A2497600008826D90100209A6407008068921D0000A2497600008826D90100209A6407008068921D0000A2497600008826D90100209A6407008068921D20C8F4F4F4F0F0707F7F7F6F6F6F5757D725EB5559F7F213E8EBEB1B1A1A9A9A9A6A7AB300344CB203A4D8B76F5F49D5D2EBF7DD77DF43FBF71F3A7CF8E4A953EB7394752F3F813D7BF66CDDBAB5FC4C4AB837BD71009A24D9019A373535353030B079F3E623CF1D3979EAA4D13E5E9C7CB1847BF9E11C3D7AB4E90D05D00CC90ED0B0D2EB3D3D3DF7DCFBF593A75E37161AF73F70FF860D1B2626269ADE5C000D90EC000D1B181868F5FA6BC6E2E3A1FDDFDFB4E92F9BDE5C000D90EC004DDAB76FDFE6CD1F3B757ABA8CB98F969AAF7E1DF3A69B6E9AFB6835D7BA1A9FFFC23FEED8F1CFABBF5900B2487680C64C4F4F7775753DF7FCC4A9D3AF96514FBFE38E3BF6ECD9536E7CF4A31F7DF0C17DFFF5A31F5D7AE9A5E5EE77BFFBDD92EF274F9EAC9E56CDB5AEC6F113BFBBF2CA3F1B1F1F6F647B013445B20334666868686060E0D4E957AA51A69C3871A2BED0E1E8E868F9FAC31FFEF0D9678FBCFBDDEFDEB76F5FB9BB7FFFFEF2F5A5975E9A3997ECAFACC3B163C73F0D0E0E36BDE900D6946407684C5F5FDF9EEFFC677BB23FFFFCF3A5C8BFFFFD87262727CB8D6BAFBDF6C5C9C993A74E6DDDFAA972F7C891E75E7EF978B971F8F0E199F59AEC4F3C39D6D3D3D3F4A6035853921DA031DDDDDD070FFEE4D4E913D5A826DE79E79DEF7DEF7B8F1D3BF739FA4B2FFDAEFAC4FD85175E28775F7FFDF572FBE1871FAE9E59CFB8AEC6F113C73A3A3A9ADA64008D90ECC045667A7A7A6464E4F6DB6FEFEBEBEB7DD3962D5BCA94E1E1E18BEB2F657676764E1E7BFED4E9E3D5D8BF7FFF3DF7DC539D0FF3CA2BAF0E0DFD5BB9F1894F7CA2AC69B9F1A52F7DF9B5D75E2B37F6EEDDBB7BF7EE6F7DEB5BF58CEB6D941F42D39B6E1916D9638786865C6C1E588A8BE9A807AC73A57B4AE874747494F429B9B367CF771EDAFF836ADCFFC0DEDB6EFB627F7F7F89E08D1B375E2C7F2CB3A4E7A9D32FD7A33E8BBDACE9E4E4B172E38E3BEEA89EB97DFBF672F7D0A143879F79A67E5AFBBCEB6A5C2CC95EB663F5766B713D3D3DE53D5829FBA65F2F90EBE238EA01EBDC8103077A7B7B4BFD94343F79EAF4E2E391471FDBBAF55325834647479B7EE1EFA095DDFF578F72F7F88957EB87AEBAEAAA3367CE5477CB8DEBAFBFBE4ED5EA8CF6F679D7D5C84FF6B2EF95B78EEF18EBEDBABABA4AE237FDC28150E9473D809D3B7796FE7E68FF0FDE31D6DBC7E34F3CB969D3A66DDBB6257F78D9CAEEDFD7A3AEB75FFE72BC7CFDF8C73FDE9EEC37DC7043993835F5C6D36EBDF5D6F679D7D5484EF6B2BFD557D36FFF1CFDF39FFF42FBFF0B9571DB6D5FDCBC79F3AC6796F7A517D7C95DC0DAC83DEA0194FAE9EFEF1F1C1C5C56ACB78FAFDD7D776F6F6FECE9C2AD649FAA4735B1BCCDF8F18F1FFFFDD45479F4CE3BEFAC26EED8B1E392D685620E1EFC7949F96A8DDAE75D572336D9CB7699F5E1FACD377FEED0E1C38BECA22F4E1E2B7BE965975DD6FE71FB8103079A5E15204BE8510FA0F47AA99FE1E1E1F3EEF5FA3C99B29C898989A657681EA5CF4E9FFE5D3D9E7DF6D9EB5B1FA5BF3075BC3CFAF57BBF517DECFAC94F7EB2DCD8BE7DFBCCB90BB7BF72D555577DF0831F7CF2C927DBE75D572333D9CB3E566ABB2EEF2D5BB62C1EEBB3C2FDB6DBBE58CFDBD1D1313636D6F40A0141128F7A00457F7FFF85F77A7D924CA9F6C033646625FB534F3D756ECACCCC6FA75E197BE267274ECE7CEFE1B1AAE19E79E699B367671E7DF4D1071F7CF0F8F17327B27FFBDBDF6E3C9D257BAD7A875937F7F61D3BCE6347BDEFBE6F9658AF3F6B8FFDDF2160EDC51DF500665AE7AF5FC8F93073C79E3DDFE9EBEB6B7AB5666B25FB4BF528536EBDF5D6AAD84AFF955E2FF93EF5CAC9DF9F38F766E3AFFEE66F7B7A7AAEB8E28AF2E88D37DE58A6B4CFBBAE4660B297779875AF979DED42DE5E76767656CBE9EDED6D7AB5801471473D8003070E94365DC15EAFC6673EF3D9DDBB7737BD726FD34AF663F5983977DECB89EB6FB8617474F4431FFAD0F83347A65E7DBDAAB7DF9F78EDA74FFDFCD24B2F2DCFD9BB77EFE4E4E4CCB9643FB63E475AB28F8C8C5CE0E7EBEDE3FE07F6D64BDBB56B57D32B0744C83AEA0114A5D71F7FE2C9154FF623CF3D7FF9E55D51A7C79C4BF63393F5A8A79F397366E3C68D7FFF0FB7FC45EFDF951B5FFDEA57FFE88FBBC60F3DF3277FFAE163C78ED54F6B9F775D8DB4642F7B6C7DFEFA8AECABF579ED975D7659D41E0B3425EBA80750FDF59915EFF56ADC7CF3E7A23EB66C25FB8BF5A8A797647FE08107AA681B1B1B9B6A5D3DA6D8BF7FFFC99327EBA7B5CFBBAE4654B20F0F0FD7BF335ADE16AEC88EFAF2F113F535646EB9E596A65711685ED0510FA0E8EDED5DEE25D897F5417B29A1A657F12DAD647FC158EE884AF6B2C7D6D7735CC17DF59E7BEFAD16DBD9D9D9F42A02CD0B3AEA014C4D4D954059A55EAFC6860D1B722E9FD74AF6DF1ACB1D39C95EFF0748B1521FB1D7E3F2CBDFB86464FEDFF105565BCA510FA0181A1A1A181858D564DFBE63C7E0E0E05AAED4F0F0F04257856F25FB5163B9638D937D912D58F6D8FAEA2E2BBEAF7EE6339FAD16BEC67B2C1048B20341B66DDBB67BF7EE554DF687F6FF602DAF9DF7AB5FFDAAAAAEF7BFFFFD7BF6EC99F5A864CF4FF6C5B760D96357EA4231F3EEABF5153FD76C7D814C921D08B265CB96FB1FD8BBAAC97EE8F0E1CB2FEF5AB3359A9E9E7ED7BBDE5585D77BDEF39E8F7CE423ED9FD7B692FD7F2F645CD266D6F445EECE3B65F1852FF48D96B2F0F6BB17BECAD54242B660D963AB875663BF2DFB6AB5F0AEAEB5DB63814C921D08B24A97776C1F2F1F3FD1D1D1B1962B555FFAA3F2BEF7BDEFC61B6FACAEDC57EE9E39F33FCB1AB3EA7991A72D7DCA12973977390B35FDDC452DF4BDCEE327502D24640BD697775CA5FDB6FEA66BB9BE40204701204869A315FF1DBE7933A8BECA47E3CE9C79FEFCC622F3B63FB4DCEF38EB094B79CD4B99326BFADC1BCB5DF7902D58D7FCA1C38757635FAD97DFF43F4DA0618E024090EEEEEEA70F1E5C83645FCB95FAC0073E50175E5F4BC9CDF1F1F199373E657FEE3CC6AC19DBEFD6B7E79DB8DC252FF109732756EBBBC82B3CEF75AFE60DD982658FADA6AFD27EDBD1D121D98119C90E4459D58BB257638DCF65AF2F0258DAEED39FFE74F93A3C3C5C3FDACAD623CB1D733FEB9DF7D1F629736FCC9D71A1E72C64DEA7D55366BD9EB9B7E7DE5DD64F20640BD61FF6AFC67EFBE2E4B16AE12ECD0E487620C8C0C0C03DF7DEBBAAC9FEC8A38F6DD8B061CDD6E837BFF94D4747C7962D5BBABABA0607074BFFB53FDA0AD667CF7BBC99BCF33F34EBC6DCBBEDCF797B762FB6C0851E5AE83BAEC658CB645F7C0B963DB6FAA17DEDEEBB577C5F7DFAE0C16AE13D3D3D6BB6BE4026C90E04D9B56BD7CAFE09C9B9A3BC25D8BAF5536BB952232323434343F35ED8FBBCEB766E5BCFDBE273737CA1647FC74C5F4AEB2F14FD0B3DED42563F640BEEDCB9B35A91B253ADF8BEBA7DC78E6AE1FDFDFD6BB9BE4020C90E042955D4D5D5B5AAC9BE79F3E67DFBF635BDA26F6835EB6F963516C9DF6A69B3EE5653667D6D9F3E6BE2DC6FD7BECC859E3C6BB1F3BE80C56F2FF787D0F4A67BC3F8F878B5A69D9D9D2F1F3FB1B2FBEAA64D9BAA8597370C4DAF28D0B094A31E4065557F03B5445549ABEAF27C09CE35EBD989F31EB3665F6869D5F4B98FD6D3177F19EDB3CFBB90B735FA7CCF5CCAEDE5AE78D39BEE2DE54D66B5EE7BF67C6705F7D5FAA2ECC5ACB371807528E8A80730B3CAE7C67CE5AEBBCAC29B5EC5B7B49AF5D7CB1DF55C736FB43F67D6A38B3C67D643ED7797F2BDE69D6591A7B5BFB6F31B51C93E383858ADD195575EB9821FB45F7DCD35D562FBFAFA9A5E45A07941473D8099D61F9BECEAEA5A8DABB3979CBAFCF2AEA3478F36BD8A6F6995EB33CB1AEDB3CC7BFBCD209E67FA22B3CCFD160B2D67D643ED8B9DFB75DE59169AB2AC1F42D39BEE2D535353F5D5D3B7EFD8B122FBEA238F3E567FC47EE0C081A65711685ED0510FA0323C3C7CED75D7FDC17FC43EF346B21F5EFA687FFE9BC93BFFA3F34E993BCBAC87DACE6F99E7D1855E4FFBA3F3DE58643597FB13A8E76A7AD3BDCDAE5DBBAAD5ECE8E8B8F0AB3D1E3A7CB87E0FB06DDBB6A6570E889075D403A85C7DCD352B7B66F0D3070F56E72D34BD666FD30AD643C672475AB2171B376EAC22BBD4F685FC25D4B28B961DB55E54D47F0A010D8A3BEA01CCB44E36D8B061C34AFD1EEA8B93C74A0695906A7AB5666B25FB7F1BCB1D81C93E3131D1D9D959A7F6E34F3C791E3BEA91E79EAF7BBDA3A3637474B4E9D50252C41DF5002AE3E3E3A5DA2FE403CBBAD7AFBEE69AFB1FD8DBF40ACD43B2FFC1247B510ABB3EB3A804F772FFB8D2238F3E569F0F53ECDAB5ABE9150282241EF5002A070E1CB8F2CA2B4BCA5CC8F930A5FB337B7DA695EC67CFFECA58EEC84CF699D61F5DAA3F6BBFA4750D99B2EF2DE5C3F56BAFBBAEFD7709F43A304BE8510FA0323535B569D3A6DB6EFBE28B93C7967B4EF057EEBAAB3ABBA6E99558502BD97F692C77C426FB4CEB7F87BABBBBDBFBBB847BD981E79EE5554AFD6B77DFBD79F3E6F62797E2773E0C3057EE510FA0323D3D5D8AE7C31FEE2E09BEC4EB5EDF73EFBDE5F937DFFCB912FA4DBFFCC5B4927DDC58EE484EF699D6FBCCDB6FBFBDA3A3E392F994B7910B3DD4DFDFEFF74D8179451FF5006A25656EB9E596CECECEABAFB9A614F9DC5FEF2B53EEBBEF9BD75E775D79CED6AD9F9A989868FA25BFB356B2FFC258EE084FF64AD963070606E64DF3B97A7B7BC7C6C69A7EC940AE8BE0A807509B9E9E1E19192925545F58A3FDF483D2EBC3C3C317D15F77EFE8E878F5D59F9C3DFB736359E3A248F64AD963CB3E59F6D89E9E9E597B6C5757575F5FDFEEDDBB7DB20EBCA38BE6A807F087A744DBAF7FFDBDB3670F1ACB1A1751B203AC08473D80C66CD9B2E5C17DBBCFCE3C6D2C7DFC62FCBBDDDDDD4D6F3A803525D9011AB373E7CEC1C11B1B8FE08B6B7C6368FBC0C040D39B0E604D497680C64C4C4C74775FF1EAF4E367679E329638FAFAFE7A6464A4E94D07B0A6243B40936E3F67DBD9999F194B19FF31FCE5FEFE2D4D6F3480B526D9019A343D3DDDDBFBD1B1B17F9F99F9A9B1F8387A747F77F71553538F34BDD100D69A640768D8F8F8784FCF87C7C74766660E180B8DD2EBE5BDCDE8E8D79BDE5C000D90EC00CD1B1B1B2BD5BE73E74D33333F31E68E9191BBBABBBB4647FFB5E90D05D00CC90E10617A7A7A7070A0B7F7CF8786EE387AF4FB33334F1A53530F0F0FFF4B7FFFE6BEBEDE72BBE94D04D018C90E106474747460E013975DF6C125FEA1FB3F6C9D9DEFEFEFFF58A9F6A6370B40C3243B00004493EC0000104DB203004034C90E0000D1243B00004493EC0000104DB203004034C90E0000D1243B00004493EC0000104DB203004034C90E0000D1243B00004493EC0000104DB203004034C90E0000D1243B00004493EC0000104DB203004034C90E0000D1243B00004493EC0000104DB203004034C90E0000D1243B00004493EC0000104DB203004034C90E0000D1243B00004493EC0000104DB203004034C90E0000D1243B00004493EC0000104DB203004034C90E0000D1243B00004493EC0000104DB203004034C90E0000D1243B00004493EC0000104DB203004034C90E0000D1243B00004493EC0000104DB203004034C90E0000D1243B00004493EC0000104DB203004034C90E0000D1243B00004493EC0000104DB203004034C90E0000D1243B00004493EC0000104DB203004034C90E0000D1243B00004493EC0000104DB203004034C90E0000D1243B00004493EC0000104DB203004034C90E0000D1243B00004493EC0000104DB203004034C90E0000D1243B00004493EC0000104DB203004034C90E0000D1243B00004493EC0000104DB203004034C90E0000D1243B00004493EC0000104DB203004034C90E0000D1243B00004493EC0000104DB203004034C90E0000D1243B00004493EC0000104DB203004034C90E0000D1243B00004493EC0000104DB203004034C90E0000D1243B00004493EC0000104DB203004034C90E0000D1243B00004493EC0000104DB203004034C90E0000D1243B00004493EC0000104DB203004034C90E0000D1243B00004493EC0000104DB203004034C90E0000D1243B00004493EC0000104DB203004034C90E0000D1243B00004493EC0000104DB203004034C90E0000D1243B00004493EC0000104DB203004034C90E0000D1243B00004493EC0000104DB203004034C90E0000D1243B00004493EC0000104DB203004034C90E0000D1243B00004493EC0000104DB203004034C90E0000D1243B00004493EC0000104DB203004034C90E0000D1243B00004493EC0000104DB203004034C90E0000D1243B00004493EC0000104DB203004034C90E0000D1243B00004493EC0000104DB203004034C90E0000D1243B00004493EC0000104DB203004034C90E0000D1243B00004493EC0000104DB203004034C90E0000D1243B00004493EC0000104DB203004034C90E0000D1243B00004493EC0000104DB203004034C90E0000D1243B00004493EC0000104DB203004034C90E0000D1243B00004493EC0000104DB203004034C90E0000D1243B00004493EC0000104DB203004034C90E0000D1243B00004493EC0000104DB203004034C90E0000D1243B00004493EC0000104DB203004034C90E0000D1243B00004493EC0000104DB203004034C90E0000D1243B00004493EC0000104DB203004034C90E0000D1243B00004493EC0000104DB203004034C90E0000D1243B00004493EC0000104DB203004034C90E0000D1243B00004493EC0000104DB203004034C90E0000D1243B00004493EC0000104DB203004034C90E0000D1243B00004493EC0000104DB203004034C90E0000D1243B00004493EC0000104DB203004034C90E0000D1FE1FF8395DDA798BB1B80000000049454E44AE426082, '0');
INSERT INTO `act_ge_bytearray` VALUES ('200003', '1', 'CountSalary.bpmn', '200001', 0x3C3F786D6C2076657273696F6E3D22312E302220656E636F64696E673D225554462D38223F3E0A3C646566696E6974696F6E7320786D6C6E733D22687474703A2F2F7777772E6F6D672E6F72672F737065632F42504D4E2F32303130303532342F4D4F44454C2220786D6C6E733A7873693D22687474703A2F2F7777772E77332E6F72672F323030312F584D4C536368656D612D696E7374616E63652220786D6C6E733A7873643D22687474703A2F2F7777772E77332E6F72672F323030312F584D4C536368656D612220786D6C6E733A61637469766974693D22687474703A2F2F61637469766974692E6F72672F62706D6E2220786D6C6E733A62706D6E64693D22687474703A2F2F7777772E6F6D672E6F72672F737065632F42504D4E2F32303130303532342F44492220786D6C6E733A6F6D6764633D22687474703A2F2F7777772E6F6D672E6F72672F737065632F44442F32303130303532342F44432220786D6C6E733A6F6D6764693D22687474703A2F2F7777772E6F6D672E6F72672F737065632F44442F32303130303532342F44492220747970654C616E67756167653D22687474703A2F2F7777772E77332E6F72672F323030312F584D4C536368656D61222065787072657373696F6E4C616E67756167653D22687474703A2F2F7777772E77332E6F72672F313939392F585061746822207461726765744E616D6573706163653D22687474703A2F2F7777772E61637469766974692E6F72672F74657374223E0A20203C70726F636573732069643D22436F756E7453616C61727922206E616D653D22E8AEA1E7AE97E896AAE8B5842220697345786563757461626C653D2274727565223E0A202020203C73746172744576656E742069643D2273746172746576656E743122206E616D653D225374617274223E3C2F73746172744576656E743E0A202020203C736572766963655461736B2069643D22636F756E7453616C61727922206E616D653D22E7B3BBE7BB9FE8AEB0E5BD95E896AAE8B584222061637469766974693A64656C656761746545787072657373696F6E3D22247B636F6E74656E7453616C6172797D223E3C2F736572766963655461736B3E0A202020203C73657175656E6365466C6F772069643D22666C6F77312220736F757263655265663D2273746172746576656E743122207461726765745265663D22636F756E7453616C617279223E3C2F73657175656E6365466C6F773E0A202020203C656E644576656E742069643D22656E646576656E743122206E616D653D22456E64223E3C2F656E644576656E743E0A202020203C73657175656E6365466C6F772069643D22666C6F77322220736F757263655265663D22636F756E7453616C61727922207461726765745265663D22656E646576656E7431223E3C2F73657175656E6365466C6F773E0A20203C2F70726F636573733E0A20203C62706D6E64693A42504D4E4469616772616D2069643D2242504D4E4469616772616D5F436F756E7453616C617279223E0A202020203C62706D6E64693A42504D4E506C616E652062706D6E456C656D656E743D22436F756E7453616C617279222069643D2242504D4E506C616E655F436F756E7453616C617279223E0A2020202020203C62706D6E64693A42504D4E53686170652062706D6E456C656D656E743D2273746172746576656E7431222069643D2242504D4E53686170655F73746172746576656E7431223E0A20202020202020203C6F6D6764633A426F756E6473206865696768743D2233352E30222077696474683D2233352E302220783D223339302E302220793D223232302E30223E3C2F6F6D6764633A426F756E64733E0A2020202020203C2F62706D6E64693A42504D4E53686170653E0A2020202020203C62706D6E64693A42504D4E53686170652062706D6E456C656D656E743D22636F756E7453616C617279222069643D2242504D4E53686170655F636F756E7453616C617279223E0A20202020202020203C6F6D6764633A426F756E6473206865696768743D2235352E30222077696474683D223130352E302220783D223437302E302220793D223231302E30223E3C2F6F6D6764633A426F756E64733E0A2020202020203C2F62706D6E64693A42504D4E53686170653E0A2020202020203C62706D6E64693A42504D4E53686170652062706D6E456C656D656E743D22656E646576656E7431222069643D2242504D4E53686170655F656E646576656E7431223E0A20202020202020203C6F6D6764633A426F756E6473206865696768743D2233352E30222077696474683D2233352E302220783D223632302E302220793D223232302E30223E3C2F6F6D6764633A426F756E64733E0A2020202020203C2F62706D6E64693A42504D4E53686170653E0A2020202020203C62706D6E64693A42504D4E456467652062706D6E456C656D656E743D22666C6F7731222069643D2242504D4E456467655F666C6F7731223E0A20202020202020203C6F6D6764693A776179706F696E7420783D223432352E302220793D223233372E30223E3C2F6F6D6764693A776179706F696E743E0A20202020202020203C6F6D6764693A776179706F696E7420783D223437302E302220793D223233372E30223E3C2F6F6D6764693A776179706F696E743E0A2020202020203C2F62706D6E64693A42504D4E456467653E0A2020202020203C62706D6E64693A42504D4E456467652062706D6E456C656D656E743D22666C6F7732222069643D2242504D4E456467655F666C6F7732223E0A20202020202020203C6F6D6764693A776179706F696E7420783D223537352E302220793D223233372E30223E3C2F6F6D6764693A776179706F696E743E0A20202020202020203C6F6D6764693A776179706F696E7420783D223632302E302220793D223233372E30223E3C2F6F6D6764693A776179706F696E743E0A2020202020203C2F62706D6E64693A42504D4E456467653E0A202020203C2F62706D6E64693A42504D4E506C616E653E0A20203C2F62706D6E64693A42504D4E4469616772616D3E0A3C2F646566696E6974696F6E733E, '0');
INSERT INTO `act_ge_bytearray` VALUES ('200006', '1', 'ExpenseAccount.png', '200005', 0x89504E470D0A1A0A0000000D49484452000003E6000001E50802000000F70971F700002D1149444154789CEDDD0D749CD57D277E9F342F4A4ED278F36637FF3628DBD3A0862476035BD3D3742D92166B934DD0BF49B10A59A35D12709B8478DB8628690DC9C65EB76743DD2E65490B8EFE4D499426A6DAF2A6069C08308E31B6311883000B848D41808DE5F86D6CCBF6F3BFD62413F14823245BA37BA5F97CCEEFE88CE6E5D13CF3BBF7FAABF1A367A665000040C2A6C57E020000C04844760000489AC80E00004913D901002069223B0000244D64070080A489EC00009034911D00009226B2030040D244760000489AC80E00004913D901002069223B0000244D64070080A489EC00009034911D00009226B2030040D244760000489AC80E00004913D901002069223B0000244D64070080A489EC00009034911D00009226B2030040D244760000489AC80E00004913D901002069223B0000244D64070080A489EC00009034911D00009226B2030040D244760000489AC80E00004913D901002069223B0000244D64070080A489EC00009034911D00009226B2030040D244760000489AC80E00004913D901002069223B0000244D64070080A489EC00009034911D00009226B2030040D244760000489AC80E00004913D901002069223B0000244D64070080A489EC00009034911D00009226B2030040D244760000489AC80E00004913D901002069223B0000244D64070080A489EC00009034911D00009226B2030040D244760000489AC80E00004913D901002069223B0000244D64070080A489EC00009034911D00009226B2030040D244760000489AC80E00004913D901002069223B0000244D64070080A489EC00009034911D00009226B2030040D244760000489AC80E00004913D901002069223B0000244D64070080A489EC00009034911D00009226B2030040D244760000489AC80E00004913D901002069223B0000244D64070080A489EC00009034911D00009226B2030040D244760000489AC80E00004913D901002069223B0000244D64070080A489EC00009034911D00009226B2030040D244760000489AC80E00004913D901002069223B0000244D64070080A489EC00009034911D00009226B2030040D244760000489AC80E00004913D901002069223B0000244D64070080A489EC00009034911D00009226B2030040D244760000489AC80E00004913D901002069223B0000244D64070080A489EC00009034911D00009226B2030040D244760000489AC80E00004913D901002069223B0000244D64070080A489EC00009034911D00009226B2030040D244760000489AC80E00004913D901002069223B0000244D64070080A489EC00009034911D00009226B2030040D244760000489AC80E00004913D901002069223B0000244D64070080A489EC00009034911D00009226B2030040D244760000489AC80E00004913D901002069223B0000244D64070080A489EC00009034911D268D42A1D0D6D6D6D4D4545F5F5F5B5B3BAD5A857D0FAF406363636B6B6B5F5F5FECB68C335D2E9ADA5D06182B911D26878E8E8E10624292BBE1861BEE58B56A6B77F791FEFEEAACB0EFE11558B972E582050BC26B12225DECE68C1B5DAE862E039C04911D52D7D7D7D7DCDC3C6FDEBCED4F6F3FD27F440DAE1776BE10225D78717A7B7B6337EA94E872357419E0A489EC90B490E466CF9E7DFD8AEB8EF41F56E5EAE65B6E9E33674E4F4F4FEC769D245DAE862E039C0A911D92D6DCDC3C90E40EA991EB8E55B7CF9DFB1F63B7EB24E972357419E05488EC90AE8E8E8E79F3CEED3F5A50A3A9CBBFF8674B977E2D76D3C66C709787DE1AD27CF1CF313FF7B9CF0DBD35FA6BAECB001343648744150A85DADADAA777F4F41F3DA84653FBF6EF9E35EB7D5D5D5DB15B3706B92E97AEFFCA57BEB272E5CA70E1ACB3CEBAEDB68E7BD7AD9B316346F8F6A69B6E0AF1FDC89123C5BB457FCD7519606288EC90A8D6D6D6E6E6E6FEA3074A754EC37F1EE509F2063FAAAA6AE9D2FFD1D2D212BB756390EB72B866FFFEFDA53E76767686AF77DF7DF7B66DDB5FF9CA57767474846F57AD5A15BEBEF8E28BD989C81EFF35D765800920B243A21A1B1B57DEF8DD524C39E7DC79CF66D953C7B2C7FBB3870F670F1CCED6EF3BBAFCC61FFE60C79E7547B27B0BD9BA42B6FA4076FBA1EC6F576FBE64E1A5D1735594DAB071EDECD9B363B76E0C725D0ED7ECD8B12324F2DB6FBF63E7CE9DE1C2F9E79FFFC2CE9D47FAFB172CB8287CBB7DFBD37BF7EE0B17BABBBBB36A8DEC93AECB00A74E648744D5D5D56DD9727FFFD1FDC50A296D5F96ED3F9EED399ABD78240BE1EE4FBE7CC5B457BCFEEC731B77F467DB0F67DB0F653D856CEBD1EC7B3F7E60E08DF6FD5558FBF6EFAAA9A989DDBA31C875B978E557BFFAD5D7BCE635BB769D781FFDC5177717DF717FFEF9E7C3B7870F1F0E97EFBCF3CEE23DA3BFE0BA0C3031447692532814DADBDBAFBCF2CAC6C6C6FA9F69686808D7B4B5B555CFE7204E9F3E7DE7AE1DFD47F7152B04B503C7B2C3C74EDC74F4F889AF37DDFA6F6FFFD5F7FCF992AF1FCDB2BD47B33DFDD98BFD5978756EBFEFC181C8BEAF3A2BEC7BDCC68D49AECBAB56ADBAFEFAEB8BC7C31C3870B0B5F5FF0B173EFAD18F86B9102EFCE55FFED5A14387C2855B6FBDF5DA6BAFFDE77FFEE7E8AFB62E335E4658F95B5B5B9D921FAC7A2424ACD76181AEA9A9094B7658A657AEBCF18E553F2CD6CDB7DCBA78F1154D4D4D21E29C7DF6D9D5F0518803B17B6FA9C2B7FB8F66BB0E66478EFDF40EE1B797BFBEFA1B5FFB5F576F7FE6C43F66FDC7B32303517ECD8607728FADAA9A5C616E68978BC25CD8B97357B8F095AF7CA578CF254B96846FB76EDDDAFDC41383FE6821FE0BAECB9CA230DA8BBF948E6CF6ECD9E137D590EC633F5F88C3AA4712366DDA545F5F1F56ED10CD8FF41F1DB956DFB366C1828BC2F2DDD9D919FB8957D04020FB49A94E44F663D90B07B2E7F665FD5976E4F0E1BAD34F9F36ED17A64DABF9C41F2E18FCC0F51BEFCF3DB6AA6A7285B9A15DDEB7FF60E9A60F7FF8C3C78EFDF457B470E1820B2E28ED5DF188F6E8AFB62E732AC21A7EF6D9678FEA6FEA7FA6B6B63644FCD84F1C22B0EA11DFB265CB42FEBE63D50F5F36AC0FAEF51B36CE9D3B77E1C28553F54D978140B6A754C50363761DCC9ED99B3D7F285BBFE589193366FCC22B5FFDDA37BEA5E9829744F6FB366CCC3DB6AA6A7285B9A15D2E7AF4D1AEF0F5231FF9C8E0C87EE18517862BFBFA7E7AB72F7FF9CBD15F6D5DE6E48475BBF4990383DF47BFFCF22F0EFEFFD5508B175F316FDEBCDC3D1B1B1BABE7204928B2EA115358B59B9A9A5A5A5AC614D607D7DF5D734D7D7DFD943CCC7120CCF5952A7C7BF078F662E1C4BBEC2F1CCA56DDD7F5DE5967BEE5AD6F7BE3F47FF78D7FFCDEA12CDB77383B70F8C40357AFBD2FF7D8AAAAC915E6729D2A5E197E11BDEFBEF57BFA4EECCB57BFFAD5E2954B972E9D3670A2982D5B1E0E51BE38E6A3BFDABACC4908A337F7E6FA65977D7E6B77F7084BFD0B3B7785D57EE6CC9983DF6EDFB46953EC5D818963D5239A90D7C3AADDD6D676D279BD749C4CD84E4F4F4FEC1D1A67E1DFA4A3477797AA9851426ADFD39FED3E923DB3B77FCDE69E59EF3FEB9CDFFB4FCF1FCE9E2B64CF17B25D87B310DA57AFBB2FF7D8AAAAC915E6729DDAB66DDB05036FA53FDFB72FDC7ADD8A6F16DF50FCF8C73F1E2E2C59B2243B71E2F6031FFEF087DFFCE6376FDCB831FAABADCB8C5558AB43DA2E25EF86868691C37A2EB82F5E7C45E9B13535356BD7AE8DBD433041AC7A44D3D4D474EA79BD74904C48ED53EC08995C98AB3F67EE838F3CBE7E73D7DA4D5DF76CECBAE7FEC7D63CD8FDA3750FFF78F393776D7CECEE8D8FDE73FFA36B1F786CF3E3DBAEF9FB15E7CF3F3F7AA812E64623D7E5CD9B379FB826CB9EEB3BB076C383FB8F643FB8736D319D3CF1C413C78F67F7DC73CF6DB7DDB66FDF8903D9BFFFFDEF477FB575993129BE5353CADC4B962E3D8905FF861BBE1DC27AE9BDF629F9BFAC3094558F38962D5B762AC7C30CAD952B6F6C6C6C8CBD5BE36920CCBD38B83EF3994BA78DC2C73FF189DC03ABAA265798CB75395CF3E52F7FB9D8C7906C425E0FF1BDEFC0913DFB4FFC3A7ACE877E77F6ECD9EF7CE73BC3AD175F7C71B826FAABADCB8C4953535369A50A8BF6A9BC4D337DFAF4E276EAEBEB63EF164C04AB1E116CDAB429248F71CCEBC5BAE4924BAFBDF6DAD83B376E06C2DC2E35D69A5C612ED7E5ECC4712FFB2FB8F0C2CECECEB7BDED6D5D4F6CEF3B78B8984BF6EC3FF4C0E68767CC9811EE73EBADB7EEDCB9333B11D9E3BFE0BACC28B5B7B79FE2FBEB83EBE65B6E2D6D6DF9F2E5B1770E2ACEAA470421AFAFDFB071DC23FBF6A7779C765AED94393CE644983BB6538DB5265798CB75B974FDB163C7CE3EFBEC4FFDF1A20FD4FF5EB870F5D557FFCA3B6ABBB63EF16BEF3A7DD7AE5DA5BB457FB57599D10B2B7FE9F8F57159F34BC7B5CF9C3973CAACFC508E558F8956FCD48C71CFEBC5BAECB2CF4F99B75B06C2DC0B6AAC35B9C25CAECBA5EB4364BFE5965B8A7164EDDAB57D03678F0956AD5A75E4C891D2DDA2BFDABACC28B5B5B595FE6674FBD33BC665C1DFBB6F7FE91C328B162D8ABD8B5059563D265A7D7DFD584FC13EA637DAC30A1E7B17C7C740987B5E8DB5265798D3E56AE832D9C0CA5FCCD6975DF6F9715CF3AF5FB1A2B8D9E9D3A7C7DE45A82CAB1E13AAAFAF2F2CAC15CAEBC59A3367CED438EDD740987B4E8DB5265798D3E56AE832A5FF260AC6EB2DF6529D765A6D71CB53FBF3B0C1AAC7846A6D6D6D6E6EAE68645FB274694B4B4BEC1D1DADB6B6B67267941F0873BD6AAC956098D3E56AE832238CF3B0F297CEEE32EE6BFE2597FCF4545A9368E5879360D563422D5CB8F0DA6BAFAD6864BF63D50F27CB39BF1E7BECB1E2BF346F78C31B56AE5C99BB55989B1A614E97ABA1CB8C3CCEC3CA3F5E278A1976CD2F6EFCECB3CF8EB2EF3031AC7A4CA88686869B6FB9B5A2917D6B77F769A7D5C6DED15129140AAF78C52B8AFFD8BCEA55AF3AE38C3306BF473510E69E9DB01AFAE346FF04CADDB374FDD00B15DD91782D1D46942E0FDEECB4971A53974F62544CCCB84DADCB8C3CCEC3CA5FBCA912EB7F58F38B1BAFAD9D1C2B3F9C1CAB1E13AA42A7771C5C7BF7EDAFA9A989BDA3A3553ADD41D16B5FFBDA8B2FBEB878B6B2F0EDB163CF8C6FE5D25BEEA611EE99BBFFB0B70EBDE708172A570986B909EE72EE752E7739D797728D1E61CBC33E70627A9D609719619C974EEF58A1F5BFF44363BF065041C637132AACE9E3FEB747C32EDFA5B3134C6AC78EED18DF1ABCCDDCF687DE34CA3B8FF0534673A112FB38B9BA5FA117A1B4F16965FAF8B23F3AB791619FF6D00D0EFDA1BA4C29CD6FEDEEAEC49A5FDA7EEC7FE2A0828C6F26545D5DDD435BB64C40648FBDA3A3F5C637BEB1F4AF5AE3801044BABABAB29FBEFFFAF4F856719BB9AF830DBDFFB0D70FBBD9111E5BBAC3D00B95D8C7D85DCD8BD2E5A18D18DCCA513662E8A64639A22AD4DC94BBCC08E33CACFCC5EB2BB4FED7D4D488EC4C79C63713AAA227652FD6243A96BD74E2B3F0EFD9A73FFDE9F0B5ADADAD74EB40EED93EBE55DCE6E0AFB99B067F3BF89ADCB7A56B8635749BB95B2BB16B837F68C49E0E15A5CBE55EED619B5EAE892FFBF0614754459B9B6C9719799C97FE4BA412EBFF0B3B771537EED4EC4C6D563D26547373F3F52B565434B2AFBE67CD9C397362EFE8A83CF5D4533535350D0D0DB5B5B52D2D2DE1DFBCC1B70E449F6DE35BC56D0EFE5ABABEF46DEE72EEE1C3DEF4B29787DD78852AB53037F15D1E7D7786FEF4A1772E7D1D2ED68FEA3ED5D065461EE761E52F8E87BFBBE69A715FF31FDAB2A5B8F1D9B367C7DA7D9800563D26D4F2E5CBC7F7A3EF8656F89560C1828B62EFE868B5B7B7B7B6B60E7B32E35891BD5C801B7A533943375BEE77802A097313DCE5619B9BEBCED03130F203CBF56ED8E03E018D4EB0CB8C30CE972D5B561C4861711EF7357FC9D2A5C58D3735354DF84EC3C4B1EA31A1C26A5E5B5B5BD1C83E6FDEBC8E8E8ED83B3A0E0642CF53E35BC56D0EFE3AF4DBE2E532593CBFA9112E0F7EC8D00B95ABC915E62AD4E5C12D1BB6DDE5DA31C235C30E86A13F62E870D265BABABA8AC366FAF4E97BF7ED1FDF357FEEDCB9C58D875F1862EF285490558F8956D1BF400DFF18847F128AA7159BEC4E849EE33DE35BC56D0EFD3AF842EECE237C5B36D90F79C8083FA512FB18BB756350A11764681772ED1E65D34B8D2E77B7318DA8AAED32416D6D6D712CAD5C79E338AEF9A593B207B9A371608AB1EA31D12A7A6CCCD7AFBA2A6C3CF62E8E8F81C4F36425AAB4E5C13F62E88FCB5D33C2B72F7BB978E167E16FF81F378E7B17BB756350A1D7A1F482976BF768AE19F43BD8CFBF1DCDA32ADDE249D76582969696E2109A356BD638BED1FEB1F3CE2B6EB6B1B131F62E426559F598688542A1B6B6B61267670FFF0C9C765A6D6F6F6FEC5D1C1F0389E78971AFE266876E3C77CDCBDE61343795AEFF59DA7BC93595D8BBE29663B76E0C2AD7E5A12FFEC97579E84386DDC8687E5CD576996CE09432A5B3A72F59BA745CD6FCD5F7AC29FD62B969D3A6D8BB089565D52382B6B6B6F3E7CFF716FBC806E24EF7F8D6E06DE62E97BB69E8AD236F76D8470DFD5995D8BBD2F663B76E0C2AF43A8CDCCD11C6C0D0E753AEB9E5B656B9CE4EDE2E53B47CF9F2E218ABA9A939F5B33D6EEDEE2EFD0EB070E1C2D83B071567D5238E8F9D77DEF81ED1F8D0962DC5FF6F8DBD67E36620FA6C5563ADC915E674B91ABA4CC9D9679F5D0CD9216D9FCA27A186A53E2CF8A54D4D99FF5C851158F588A3AFAF6FCE9C39E3F577A82FECDC1596EFF00F40ECDD1A4F0361EE7135D69A5C614E97ABA1CB94F4F4F44C9F3EBD14B5D76FD878120BFEF6A77794F27A4D4D4D676767ECDD828960D5239AAEAEAE90DA4FE58D96525EFFD879E7DD7CCBADB177689C0973D510E674B91ABACC602161978EC20A817BAC1FAEB4FA9E35A5E36182E5CB97C7DE219820563D62DAB469D3AC59B3C2127C2AC7C384DC3FF5F27A3610E68E1F7F4C8DB52657984BB6CB4F3EF9A36F7E73D9238F742C5CF887E1F2A2451715AF89FEC4266397C9696F6F2FBDD73E6DE01C32610D1FCD9BEBE7CF9F3F6D10799DAA62D523B2BEBEBEB973E72E5E7CC50B3B778DF558C6AF5F7555F1E89AD83B51110361EE5135D69A5C612EB52E3FF2C86DCF3E7B4F6DEDFF73F0E083617E8559167EA30E7373FD868D5BBBBBC335B7DD765D73F3FFBB7BF77DBACCA9E8EAEAAAABAB1B9CBF43700FFF100C3D5A3224F5BFBBE69A79F3E60DBE7348FC8E87A1DA58F588AF50288495FAF4D3EB8A11613479FDFA152BC2FD2FBBECF3214CC47EFA953210E6BAD4586B7285B974BAFCC823B78620DED0F03B2F3B0743845AB274E995577EE6E0C107749993D6D7D777E59557D6D4D44C1BCE9C3973CADDD4D4D4E4EF4DA942563D521196E0458B164D9F3EFD63E79D1712F9D03F4B0AD7DC70C3B7CF9F3F3FDC67C1828B7A7A7A623FE5CA1A08738FA8B1D6E40A738974F9E0C14D8B162D187C7042F86578E5CA1B43855FA4C3BCFBBB6BAE597DCF9AC11FA7503C65C7934FDEA1CB9C8AB0F23737370F1BCD87AAAFAF5FBB766DECA70C7158F5484BA150686F6F0F2B78E9840083FFDB34E4F5B6B6B62AF954EA9A9A9A8307EF3F7EFC6135A69A5C612E852EDF7FFF8DF5F5FFA194C5B776772F5E7CC5E5977FB178304CA890D41FDAB2257CBDECB2CF87F81E927DF19DF810EB438E6F69F9942E738AC2CA1FD6F6B0F2CF9E3D3BB7F2D7D6D63636365E7BEDB5DE59A7CA59F52051E11FAA279FFCC1F1E35BD4986A7285B9E85DBEEDB66FDC7FFFCAE25F92148F5C5FB0E0A2910F8C097708F1BD78AEA7F0C03B56FD306C4197195F21BEC77E0A9016AB1E24AAA1A1E1B68E6B8F670FA9D1D7235D37D5D5D5C56EDD1844EF72F8E9A583D066CD9A35F8D09791CFD454FA00E310F4E7CC99B3BBEFC7BACC7859B76E5DF8ADAC4AFE431546496487442D5BB6ACA5E5E2E8217872D5375B974CAE37E7E276B9A1E103C553AC6EEDEE5EB27469E90F4F7FD479E7AFBFFBDD7FF6675F58B0E0A2508BAFB862CD8FD71E3858387CA47F70700FA9BD7486D6CB2FFFE2C1C2065D665CBCE31DEF0891FDB39FFD6CEC27020911D921513D3D3D7575EF3C58587F3CDBAC46598D8D1F6C6F6F8FDDBA3188D8E5277BFEEDD9DE1F0DFE63D35216FFD0873EF4FBBFFFFBEF79CF7BBFF085CB172FBEE2E28B3FF5AE779DFE810F7CE0BEF51BF61F38580AEEC5C3DC8B07D55CBF62C5EEBE35BACCA9FB9BBFF99BE251ECBFF44BBFB469D3A6D84F075221B243BAAE3C61E1F1EC41359AFA4EDB5F353535C46EDA98C5EA7273F379C553C484B47DD9659F2FA6F09FECDDF75BBFF55B21B2DF79E75D7FF3B77FFBC77FFC99FFFBAF376D7EE8A150D77EE31B7575BF7E5BC7BF85FB9452FB92A54B8B597FEFBEFD73E7CE3D58B84F9739157D7D7DA5733BBEFAD5AF3EF3CC33633F234885C80EE92A140AF5F567AD5DFBAD2C7B408D5CBDBDABEAEADED9D7B73A76D3C62C4A97C30BD5D5D55E3ACF7AE983CC2EB8F0C2F94D4D21853FF3ECB3F7ADDFD0D8D83863C68C7FFFEF7FF59FFEE986279E78F2479D7786CB7FFEE77FB1EBC5DD8543878B0F09B9BFF8A7A8EB376CD4654E511872834F17F38E77BCA3B5B535F693822488EC90B4AEAEAED9B34F0FE92ACB36A97215925C48BD9D9DD7C56ED7499AF82E77745C73E5959716FF9074DEBC79C5F01D32FA19679CF1D9CF7E6EC389F09D1D397264EDBDF75E7CF1A7BEF5AD7F7AFFFBDFFF177FB13884FBF31A1B7FE5577E65CBC30FEFEEDB53FA5CB3E21FB086A0BF70E127749993D6D7D737F45CECBFFCCBBF1C7EAD8DFDD4203E911D52B776EDDA90E7962DFB5C96DDAF86567BFB557575B59D9DFF10BB51A76482BBDCD5F52FC593C384C85EFAABD3458BFEFB1F5E70C1FFBEFAEA7DFBF6EF1E3859C7818307BFB664C935FFE7FF8450FE6BBFF6AE70D3DBDFFEF637BCE10D3FEABCF399677B077F9E7CF180F8814F23D6654ED275D75D578CE9EF7DEF7B4B91FDDDEF7E77676767ECA706F189EC3009140A859696E6FAFA335B5BBFD2DB7B7B966D547D7D77B6B5FDCFA6A6798D8DF5E172EC168D8389EC72F841C593BD143F32A918BE7FFBB77FFB0FCE3FFF1FBFF5AD7BD7AD3BF7DC73F7ECF9497856219A3736363EF6F8E3975C72E919EF79CFFBDEF7BE9A9A9AEF7DEFFBDBB63F5DFAD3D5AF5F7555F1C2E9A7D7E93227EDEEBBEF7EFDEB5F5F5B5B3B7DFAF410D6670E78DBDBDE26B24326B2C32412FEDD6A6EFEE8CC996F1EE5877B4F6DD3A7BFA1A9E9DC90E762B7659C4D58978B6FAE87E05E7A97FD5DEF3AFD939FFCE477BFFBDD37BDE94D5FF8C2E57FF9977FB57B77DF8BBBFBEEBCEBAE90D73FFAD18F2E5EBCF8E28B3FF5E637BFF9BAEBAF7FEAA96DA533CC2C5E7C45E91C32E3FB24A76A972967D3A64D3D3D3DE1C2B4814FCB0A979D34068A447680AAD3D8D8583C30E663E79D57FAF8A433CE38E3231FF9C8FCF9F35FFFFAD77FFBDBDF69FEAFFF75CD8F7F7CF4D8B1DEE79EBBECB2CBEEB8E38E356BD65C70E185AF7EF5ABDBFFEFBFF6F43C558AECC577D9430DBCCB0EE3609A0FB88597322500AACEA64D9B8A678959BF6163E97431BFF33BBFF3A637BD69D1A2FFFE99CF7CF6431FFAD08F3AEFFC833FF883471F7BFCD8F1E3FBF71F387AF4E84D37DD74E1273FF9AE779D1E6EDAB66D7BEEC09862C5DE33A608911D724C0980AA73E59557DEB1EA8721615F76D9E78B1742BDE7BDEFFDC55FFCC5EF7EF79F57DF73E2DDF433CF3CF3F73FFEF12F7DE94B4FEF78263CA4B7F7B92F7EB165DEBC795FF8C2E5F7AEBBAFF7B9E74B91BD7860CCD6EEEE59B366C5DE33A608911D724C0980AAD3DBDB5BFC1CA510B84B91FDD39FBE24D4F9F3E73FFCC8233B9E79F65BDFFAA7F94D4D6F79CB5BEEBD77DD4FF6EEBDEBEEBBFFCB8205BFF11BBF71D7DDABBB1E7D74CF4FF696CECB5EFC03D6EB57ACB8E4924B63EF195384C80E39A60440D5E9EAEA5AB2746931B27FECBCF38AE1BBA7E7A910D6FFDB7FBB78D6AC59B7DC7ADBD33B9ED9DADDFD9DEFB4FDE99FFEE9DA7BD7353737D7D5FDFABFDE74F3868DF73FDBFB5CE9A3946EB8E1DBA573CE0C9CE411C681C80E39A60440356A6F6F2FFEE169C8E5D7AF58112E1C2C1CDADDB727C4F1EF7F7FE5BBDFFDEED7BDEE75BFF99BBFF9C10F7EF0AD6F7DEBEFFEEEEF9E75D6593FB8FD8E90DDB76DDBBEFFC0C1D25BECC593B2879A397366DFC0D9DCE1D489EC90634A0054A3E5CB973FB465CBE0CF420A75F8487F08EEBB5EDCFDC4134FFE78EDBD7FFF0FFF70D55FFF75F83A7BF66FFCC99FFCE99D77DDFDE4933DFBF61F28BDA71E1E5B3CBF7BD894B7D81947223BE498120055AAA5A5A5784C4B48DB73E6CC299DA03D04F770F9B9E75FD8B66D7B77F7138F3DFEF8030F6E5E7BEFBAC187B017FF74B594F5172CB8A8ABAB2BF60E317588EC90634A0054A9CECECEED4FEF289EE4315CB8E1866F17DF777FD90A81FE924B2E2D9D1D72F1E22BBCC5CEF812D921C79400A85ECB962D2B9D55FDFA152B42640FC17DE4BC7EF32DB786BBAD5C7963E9F098F0C042A1107B5798524476C8312500AA5A4F4FCF25975C5ACCDFDB9FDE112E0F3EBABD54219AAFBE674D08F421A0178F5F0F152ECC9D3B37F61E300589EC90634A0054BB8E8E8E10BE8B2790291D24B372E58D218EAFDFB03184F870F9FCF9F31FDAB2A57836F76285EBC3ADB19F3B5393C80E39A60400274E2013527B88E6A523D447A870B7EB57AC90D7A91C911D724C09007EAAA5A565EFBEFDE7CF9F1FBE964E20533A302664F487B66C29BEDDEEFC305494C80E39A604003F5728143A3A3A42409F3B77EED6EEEED34EAB2D7EDDFEF48E050B2E0A39BEA7A727F67364EA13D921C79400A0ACE6E6E6D84F816A24B2438E29014059921351187890634A005096E44414061EE49812009425391185810739A6040065494E4461E0418E29014059921351187890634A005096E44414061EE49812009425391185810739A6040065494E4461E0418E29014059921351187890634A005096E44414061EE49812009425391185810739A6040065494E4461E0418E29014059921351187890634A005096E44414061EE49812009425391185810739A6040065494E4461E0418E29014059921351187890634A005096E44414061EE49812009425391185810739A6040065494E4461E0418E29014059921351187890634A005096E44414061EE49812009425391185810739A6040065494E4461E0418E29014059921351187890634A005096E44414061EE49812009425391185810739A6040065494E4461E0418E29014059921351187890634A005096E44414061EE49812009425391185810739A6040065494E4461E0418E29014059921351187890634A005096E44414061EE49812009425391185810739A6040065494E4461E0418E29014059921351187890634A005096E44414061EE49812009425391185810739A6040065494E4461E0418E29014059921351187890634A005096E44414061EE49812009425391185810739A6040065494E4461E0418E29014059921351187890634A005096E44414061EE49812009425391185810739A6040065494E4461E0418E29014059921351187890634A005096E44414061EE49812009425391185810739A6040065494E4461E0418E29014059921351187890634A005096E44414061EE49812009425391185810739A6040065494E4461E0418E29014059921351187890634A005096E44414061EE49812009425391185810739A6040065494E4461E0418E29014059921351187890634A005096E44414061EE49812009425391185810739A6040065494E4461E0418E29014059921351187890634A005096E44414061EE49812009425391185810739A6040065494E4461E0418E29014059921351187890634A005096E44414061EE4981200BC445B5B5B084C353535B367CF0E1766CE9C19BEBEEE75AFEBEAEA8AFDD4A816223BE4981200BCC4BFFCCBBF4C1BE29C73CE696F6F8FFDD4A816223BE4981200BC44A15078CD6B5E3338AFBFEF7DEF9B3973665F5F5FECA746B510D921C7940020EF4B5FFAD22B5FF9CA5264FFA33FFAA3969696D84F8A2A22B2438E2901C03066CC9851CCEBF3E7CFAFADAD2D140AB19F11554464871C53028061DC75D75DAF7AD5AB42726A686870143B134C64871C530280E17DF0831F2C46F6D84F84AA23B2438E2901C0F07A7B7B4372726E47269EC80E39A6040065494E4461E0418E2901909C42A1D0D6D6D6D4D4545F5F5F5B5B3BF42CE95522EC7B78051A1B1B5B5B5B9D62B2AA4C13D9E1A54C0980B474747484A81AF2FA0D37DC70C7AA555BBBBB8FF4F75767857D0FAFC0CA952B172C58105E9310DC6337870922B2438E2901908ABEBEBEE6E6E679F3E66D7F7AFB91FE236A70BDB0F38510DCC38BD3DBDB1BBB51549CC80E39A6044012425E9F3D7BF6F52BAE3BD27F5895AB9B6FB979CE9C393D3D3DB1DB456589EC90634A0024A1B9B97920AF1F5223D71DAB6E9F3BF73FC66E179525B2438E2901105F4747C7BC79E7F61F2DA8D1D4E55FFCB3A54BBF16BB695490C80E39A60440648542A1B6B6F6E91D3DFD470FAAD1D4BEFDBB67CD7A9F13C64F61223BE498120091B5B6B6363737F71F3D50AA731AFEF3284F8338F85155554B97FE8F969696D8ADA3524476C8312500226B6C6C5C79E3777F9ED7CF9DF76C963D752C7BBC3F7BF870F6C0E16CFDBEA3CB6FFCE10F76EC597724BBB790AD2B64AB0F64B71FCAFE76F5E64B165E1A3D3D47A90D1BD7CE9E3D3B76EBA814911D724C0980C8EAEAEAB66CB9BFFFE8FE6285B0B22FCBF61FCFF61CCD5E3C921DC8B23FF9F215D35EF1FAB3CF6DDCD19F6D3F9C6D3F94F514B2AD47B3EFFDF8818137DAF75761EDDBBFABA6A62676EBA814911D724C0980C8A64F9FBE73D78EFEA3FB8A15C2CA8163D9E163276E3A7AFCC4D79B6EFDB7B7FFEA7BFE7CC9D78F66D9DEA3D99EFEECC5FEAC2FCB6EBFEFC181C8BEAF3A4BAA9BC23417724C0980C80662F7DE52856FF71FCD761DCC8E1CFBE91DFAFAFAFEFAEA6F7CED7F5DBDFD99139F22D47F3C3B3210E5D76C7820F7D8AA2AA96E0AD35CC8312500221B88DD3F29D589C87E2C7BE140F6DCBEAC3FCB8E1C3E5C77FAE9D3A6FDC2B469359FF8C305831FB87EE3FDB9C7565549755398E6428E290110D940ECDE53AAE28131BB0E66CFECCD9E3F94ADDFF2C48C19337EE195AF7EED1BDFD274C14B22FB7D1B36E61E5B5525D54D619A0B39A604406403B1BBAF54E1DB83C7B3170B27DE657FE150B6EABEAEF7CE3AF32D6F7DDB1BA7FFBB6FFCE3F70E65D9BEC3D981C3271EB87AED7DB9C75655497553556F6FEFCC9933633F0B488BF50E20B2103D8F1EDD5DAA62120DA97D4F7FB6FB48F6CCDEFE359B7B66BDFFAC737EEF3F3D7F387BAE903D5FC8761DCE42685FBDEEBEDC63ABAA44F6A9AAA7A7A7B6B636F6B380B458EF0022CBC5EEFA73E63EF8C8E3EB3777ADDDD475CFC6AE7BEE7F6CCD83DD3F5AF7F08F373F79D7C6C7EEDEF8E83DF73FBAF681C7363FBEED9ABF5F71FEFCF3A34767919DF1D5D1D1D1D0D010FB59405AAC7700910D44F61707D7673E73E9683EFAF4E39FF844EE81555522FB5475E580D8CF02D262BD03886C20B2EF52632D917DAA6A6868E8E8E888FD2C202DD63B80C84E44F6633BD5584B649F927A7B7B6B6B6B0B8542EC270269B1DE01443610D95F50632D917D4A5ABE7CF9A2458B623F0B488EF50E20B281C8FEBC1A6B89EC534FA150A8ADADEDEDED8DFD442039D63B80C80622FB736AAC25B24F3DCDCDCDADADADB19F05A4C87A0710D94064EF55632D917D8A59BE7CF9C2850B633F0B4894F50E2032915D64AF728542A1B9B9595E871158EF00221B88ECCF46AFD13C8D91EF33F4D68AEE9AC83E05F4F5F52D5FBEBCB6B6D6F1303032EB1D4064217A1E3BF6CCF8D6E04F5CCA7D3BEC8F2BDDED65373BA65B2BB16B83371EBB759CA4CECECE65CB9635363686B0BE68D1227F6F0A2FCB7A0710D940AEDD51892A6D79F08F18FAE346B8F5653F817584CD96BB721CF7AEBEBE7E341F134B6A42E35A5A5ADADBDBFBFAFA62CF3F981C447680C8A69DC8B54F57A24A5B2E5E18FC75E87D46B866F4370D9BCF2AB777B15B073041AC7700910D84DAED95A8D2968B17067F2D5E285DF3D284FDF39BCA6D70E8F563BAFF78ED5DECD6014C10EB1D406403B976DBF8D64B23F8B6A15F877DC8CB6E6A48B8DF36F2662BB16B83371EBB750013C47A071059E572EDB0A97AAC917D94713CF7B34476807164BD03886C20D73E55892A6DB97861F0D7D2F5E5DF411F7E53C37E3B74B3E5EE36BE7B17BB750013C47A0710D9895C7BBCA7123578CBC5CB23FCAC977D1AA53B0C7BCFA13F6B34DB3CC5BD8BDD3A800962BD03886C20D73E5989FAE9FBE53FBB5CFA9ABB4FB90B236FB0DC765EF6CA71DCBBD8AD039820D63B80C80672ED13E35B3FCBD63FFF76F085DC4F1C7C65B927337883B98DE77EC4CB5E398EFB18BB750013C47A0710D940AEEDAE5CE5B6FFB3C0DD3DC281EC43EF33EC66075F3FEC4FA9E8AE89EC40F5B0DE014436906BB7AAB196C80E540FEB1D40640391FD7135D612D981EA61BD03884C6417D9014666BD03882C44CFE3C71F53632D911DA81ED63B80C80622FBA36AAC25B203D5C37A0710D94064EF52632D911DA81ED63B80C80622FB236AAC25B203D5C37A0710594D4DCDC183F71F3FFEB01A5389EC40F5B0DE0144565B5BFBE4933F387E7C8B1A5389EC40F5B0DE0144D6D0D0705BC7B5C7B387D4E8EB91AE9BEAEAEA62B70E608288EC00912D5BB6ACA5E5E2E8217872D5375B97343737C76E1DC00411D90122EBE9E9A9AB7BE7C1C2FAE3D96635CA6A6CFC607B7B7BECD6014C10911D20BE2B4F58783C7B508DA6BED3F6574D4D0DB19B063071447680F80A85427DFD596BD77E2BCB1E5023576FEFAABABA77F6F5AD8EDD34808923B20324A1ABAB6BF6ECD3BBBADAB36C932A5721AF87DF6D3A3BAF8BDD2E800925B203A462EDDAB521B52F5BF6B92CBB5F0DADF6F6ABEAEA6A3B3BFF2176A300269AC80E909042A1D0D2D25C5F7F666BEB577A7B6FCFB28DAAAFEFCEB6B6FFD9D434AFB1B13E5C8EDD228008447680E474767636377F74E6CC374F63DAB4E9D3DFD0D4746E48EDB1DB02108DC80E00004913D901002069223B0000244D64070080A489EC00009034911D00009226B2030040D244760000489AC80E00004913D901002069223B0000244D64070080A489EC00009034911D00009226B2030040D244760000489AC80E00004913D901002069223B0000244D64070080A489EC00009034911D00009226B2030040D244760000489AC80E00004913D901002069223B0000244D64070080A489EC00009034911D00009226B2030040D244760000489AC80E00004913D901002069223B0000244D64070080A489EC00009034911D00009226B2030040D244760000489AC80E00004913D901002069223B0000244D64070080A489EC00009034911D00009226B2030040D244760000489AC80E00004913D901002069223B0000244D64070080A489EC00009034911D00009226B2030040D244760000489AC80E00004913D901002069223B0000244D64070080A489EC00009034911D00009226B2030040D244760000489AC80E00004913D901002069223B0000244D64070080A489EC00009034911D00009226B2030040D244760000489AC80E00004913D901002069223B0000244D64070080A489EC00009034911D00009226B2030040D244760000489AC80E00004913D901002069223B0000244D64070080A489EC00009034911D00009226B2030040D244760000489AC80E00004913D901002069223B0000244D64070080A489EC00009034911D00009226B2030040D244760000489AC80E00004913D901002069223B0000244D64070080A489EC00009034911D00009226B2030040D244760000489AC80E00004913D901002069223B0000244D64070080A489EC00009034911D00009226B2030040D244760000489AC80E00004913D901002069223B0000244D64070080A489EC00009034911D00009226B2030040D24476000048DAFF0FF6D7CF835556A2A00000000049454E44AE426082, '0');
INSERT INTO `act_ge_bytearray` VALUES ('200007', '1', 'ExpenseAccount.bpmn', '200005', 0x3C3F786D6C2076657273696F6E3D22312E302220656E636F64696E673D225554462D38223F3E0A3C646566696E6974696F6E7320786D6C6E733D22687474703A2F2F7777772E6F6D672E6F72672F737065632F42504D4E2F32303130303532342F4D4F44454C2220786D6C6E733A7873693D22687474703A2F2F7777772E77332E6F72672F323030312F584D4C536368656D612D696E7374616E63652220786D6C6E733A7873643D22687474703A2F2F7777772E77332E6F72672F323030312F584D4C536368656D612220786D6C6E733A61637469766974693D22687474703A2F2F61637469766974692E6F72672F62706D6E2220786D6C6E733A62706D6E64693D22687474703A2F2F7777772E6F6D672E6F72672F737065632F42504D4E2F32303130303532342F44492220786D6C6E733A6F6D6764633D22687474703A2F2F7777772E6F6D672E6F72672F737065632F44442F32303130303532342F44432220786D6C6E733A6F6D6764693D22687474703A2F2F7777772E6F6D672E6F72672F737065632F44442F32303130303532342F44492220747970654C616E67756167653D22687474703A2F2F7777772E77332E6F72672F323030312F584D4C536368656D61222065787072657373696F6E4C616E67756167653D22687474703A2F2F7777772E77332E6F72672F313939392F585061746822207461726765744E616D6573706163653D22687474703A2F2F7777772E61637469766974692E6F72672F74657374223E0A20203C70726F636573732069643D22636F6D2E7A6D6C2E6F612E657870656E736522206E616D653D22E68AA5E99480E6B581E7A88B2220697345786563757461626C653D2274727565223E0A202020203C646F63756D656E746174696F6E3EE68AA5E99480E6B581E7A88BE6BC94E7A4BA3C2F646F63756D656E746174696F6E3E0A202020203C73746172744576656E742069643D2273746172746576656E743122206E616D653D225374617274222061637469766974693A696E69746961746F723D226170706C79557365724964223E3C2F73746172744576656E743E0A202020203C757365725461736B2069643D2266696E616E6365417564697422206E616D653D22E8B4A2E58AA1E5AEA1E689B9223E0A2020202020203C657874656E73696F6E456C656D656E74733E0A20202020202020203C61637469766974693A7461736B4C697374656E6572206576656E743D22637265617465222064656C656761746545787072657373696F6E3D22247B757365725461736B4C697374656E65727D223E3C2F61637469766974693A7461736B4C697374656E65723E0A2020202020203C2F657874656E73696F6E456C656D656E74733E0A202020203C2F757365725461736B3E0A202020203C73657175656E6365466C6F772069643D22666C6F77312220736F757263655265663D2273746172746576656E743122207461726765745265663D2266696E616E63654175646974223E3C2F73657175656E6365466C6F773E0A202020203C736572766963655461736B2069643D22736572766963657461736B3122206E616D653D22E993B6E8A18CE8BDACE8B4A6222061637469766974693A65787072657373696F6E3D22247B776F726B666C6F77536572766963652E62616E6B5472616E7366657228657865637574696F6E297D223E3C2F736572766963655461736B3E0A202020203C73657175656E6365466C6F772069643D22666C6F77322220736F757263655265663D2266696E616E6365417564697422207461726765745265663D22736572766963657461736B31223E3C2F73657175656E6365466C6F773E0A202020203C626F756E646172794576656E742069643D22626F756E646172796572726F723122206E616D653D224572726F7222206174746163686564546F5265663D22736572766963657461736B31223E0A2020202020203C6572726F724576656E74446566696E6974696F6E3E3C2F6572726F724576656E74446566696E6974696F6E3E0A202020203C2F626F756E646172794576656E743E0A202020203C757365725461736B2069643D22706179466F724D6F6E657922206E616D653D22E78EB0E98791E694AFE4BB98223E3C2F757365725461736B3E0A202020203C73657175656E6365466C6F772069643D22666C6F77332220736F757263655265663D22626F756E646172796572726F723122207461726765745265663D22706179466F724D6F6E6579223E3C2F73657175656E6365466C6F773E0A202020203C656E644576656E742069643D22656E646576656E743122206E616D653D22456E64223E3C2F656E644576656E743E0A202020203C73657175656E6365466C6F772069643D22666C6F77342220736F757263655265663D22736572766963657461736B3122207461726765745265663D22656E646576656E7431223E3C2F73657175656E6365466C6F773E0A202020203C73657175656E6365466C6F772069643D22666C6F77352220736F757263655265663D22706179466F724D6F6E657922207461726765745265663D22656E646576656E7431223E3C2F73657175656E6365466C6F773E0A20203C2F70726F636573733E0A20203C62706D6E64693A42504D4E4469616772616D2069643D2242504D4E4469616772616D5F636F6D2E7A6D6C2E6F612E657870656E7365223E0A202020203C62706D6E64693A42504D4E506C616E652062706D6E456C656D656E743D22636F6D2E7A6D6C2E6F612E657870656E7365222069643D2242504D4E506C616E655F636F6D2E7A6D6C2E6F612E657870656E7365223E0A2020202020203C62706D6E64693A42504D4E53686170652062706D6E456C656D656E743D2273746172746576656E7431222069643D2242504D4E53686170655F73746172746576656E7431223E0A20202020202020203C6F6D6764633A426F756E6473206865696768743D2233352E30222077696474683D2233352E302220783D223230382E302220793D223137302E30223E3C2F6F6D6764633A426F756E64733E0A2020202020203C2F62706D6E64693A42504D4E53686170653E0A2020202020203C62706D6E64693A42504D4E53686170652062706D6E456C656D656E743D2266696E616E63654175646974222069643D2242504D4E53686170655F66696E616E63654175646974223E0A20202020202020203C6F6D6764633A426F756E6473206865696768743D2235352E30222077696474683D223130352E302220783D223330382E302220793D223136302E30223E3C2F6F6D6764633A426F756E64733E0A2020202020203C2F62706D6E64693A42504D4E53686170653E0A2020202020203C62706D6E64693A42504D4E53686170652062706D6E456C656D656E743D22736572766963657461736B31222069643D2242504D4E53686170655F736572766963657461736B31223E0A20202020202020203C6F6D6764633A426F756E6473206865696768743D2235352E30222077696474683D223130352E302220783D223437302E302220793D223136302E30223E3C2F6F6D6764633A426F756E64733E0A2020202020203C2F62706D6E64693A42504D4E53686170653E0A2020202020203C62706D6E64693A42504D4E53686170652062706D6E456C656D656E743D22626F756E646172796572726F7231222069643D2242504D4E53686170655F626F756E646172796572726F7231223E0A20202020202020203C6F6D6764633A426F756E6473206865696768743D2233302E30222077696474683D2233302E302220783D223531302E302220793D223230302E30223E3C2F6F6D6764633A426F756E64733E0A2020202020203C2F62706D6E64693A42504D4E53686170653E0A2020202020203C62706D6E64693A42504D4E53686170652062706D6E456C656D656E743D22706179466F724D6F6E6579222069643D2242504D4E53686170655F706179466F724D6F6E6579223E0A20202020202020203C6F6D6764633A426F756E6473206865696768743D2235352E30222077696474683D223130352E302220783D223437322E302220793D223331302E30223E3C2F6F6D6764633A426F756E64733E0A2020202020203C2F62706D6E64693A42504D4E53686170653E0A2020202020203C62706D6E64693A42504D4E53686170652062706D6E456C656D656E743D22656E646576656E7431222069643D2242504D4E53686170655F656E646576656E7431223E0A20202020202020203C6F6D6764633A426F756E6473206865696768743D2233352E30222077696474683D2233352E302220783D223731382E302220793D223137302E30223E3C2F6F6D6764633A426F756E64733E0A2020202020203C2F62706D6E64693A42504D4E53686170653E0A2020202020203C62706D6E64693A42504D4E456467652062706D6E456C656D656E743D22666C6F7731222069643D2242504D4E456467655F666C6F7731223E0A20202020202020203C6F6D6764693A776179706F696E7420783D223234332E302220793D223138372E30223E3C2F6F6D6764693A776179706F696E743E0A20202020202020203C6F6D6764693A776179706F696E7420783D223330382E302220793D223138372E30223E3C2F6F6D6764693A776179706F696E743E0A2020202020203C2F62706D6E64693A42504D4E456467653E0A2020202020203C62706D6E64693A42504D4E456467652062706D6E456C656D656E743D22666C6F7732222069643D2242504D4E456467655F666C6F7732223E0A20202020202020203C6F6D6764693A776179706F696E7420783D223431332E302220793D223138372E30223E3C2F6F6D6764693A776179706F696E743E0A20202020202020203C6F6D6764693A776179706F696E7420783D223437302E302220793D223138372E30223E3C2F6F6D6764693A776179706F696E743E0A2020202020203C2F62706D6E64693A42504D4E456467653E0A2020202020203C62706D6E64693A42504D4E456467652062706D6E456C656D656E743D22666C6F7733222069643D2242504D4E456467655F666C6F7733223E0A20202020202020203C6F6D6764693A776179706F696E7420783D223532352E302220793D223233302E30223E3C2F6F6D6764693A776179706F696E743E0A20202020202020203C6F6D6764693A776179706F696E7420783D223532342E302220793D223331302E30223E3C2F6F6D6764693A776179706F696E743E0A2020202020203C2F62706D6E64693A42504D4E456467653E0A2020202020203C62706D6E64693A42504D4E456467652062706D6E456C656D656E743D22666C6F7734222069643D2242504D4E456467655F666C6F7734223E0A20202020202020203C6F6D6764693A776179706F696E7420783D223537352E302220793D223138372E30223E3C2F6F6D6764693A776179706F696E743E0A20202020202020203C6F6D6764693A776179706F696E7420783D223731382E302220793D223138372E30223E3C2F6F6D6764693A776179706F696E743E0A2020202020203C2F62706D6E64693A42504D4E456467653E0A2020202020203C62706D6E64693A42504D4E456467652062706D6E456C656D656E743D22666C6F7735222069643D2242504D4E456467655F666C6F7735223E0A20202020202020203C6F6D6764693A776179706F696E7420783D223537372E302220793D223333372E30223E3C2F6F6D6764693A776179706F696E743E0A20202020202020203C6F6D6764693A776179706F696E7420783D223733352E302220793D223333372E30223E3C2F6F6D6764693A776179706F696E743E0A20202020202020203C6F6D6764693A776179706F696E7420783D223733352E302220793D223230352E30223E3C2F6F6D6764693A776179706F696E743E0A2020202020203C2F62706D6E64693A42504D4E456467653E0A202020203C2F62706D6E64693A42504D4E506C616E653E0A20203C2F62706D6E64693A42504D4E4469616772616D3E0A3C2F646566696E6974696F6E733E, '0');
INSERT INTO `act_ge_bytearray` VALUES ('200010', '1', 'Salary.bpmn', '200009', 0x3C3F786D6C2076657273696F6E3D22312E302220656E636F64696E673D225554462D38223F3E0A3C646566696E6974696F6E7320786D6C6E733D22687474703A2F2F7777772E6F6D672E6F72672F737065632F42504D4E2F32303130303532342F4D4F44454C2220786D6C6E733A7873693D22687474703A2F2F7777772E77332E6F72672F323030312F584D4C536368656D612D696E7374616E63652220786D6C6E733A7873643D22687474703A2F2F7777772E77332E6F72672F323030312F584D4C536368656D612220786D6C6E733A61637469766974693D22687474703A2F2F61637469766974692E6F72672F62706D6E2220786D6C6E733A62706D6E64693D22687474703A2F2F7777772E6F6D672E6F72672F737065632F42504D4E2F32303130303532342F44492220786D6C6E733A6F6D6764633D22687474703A2F2F7777772E6F6D672E6F72672F737065632F44442F32303130303532342F44432220786D6C6E733A6F6D6764693D22687474703A2F2F7777772E6F6D672E6F72672F737065632F44442F32303130303532342F44492220747970654C616E67756167653D22687474703A2F2F7777772E77332E6F72672F323030312F584D4C536368656D61222065787072657373696F6E4C616E67756167653D22687474703A2F2F7777772E77332E6F72672F313939392F585061746822207461726765744E616D6573706163653D22687474703A2F2F7777772E61637469766974692E6F72672F74657374223E0A20203C70726F636573732069643D22636F6D2E7A6D6C2E6F612E73616C61727922206E616D653D22E896AAE8B584E8B083E695B42220697345786563757461626C653D2274727565223E0A202020203C646F63756D656E746174696F6E3EE896AAE8B584E8B083E695B4E6B581E7A88BE6BC94E7A4BA3C2F646F63756D656E746174696F6E3E0A202020203C73746172744576656E742069643D2273746172746576656E743122206E616D653D225374617274222061637469766974693A696E69746961746F723D226170706C79557365724964223E3C2F73746172744576656E743E0A202020203C757365725461736B2069643D226469726563746F72417564697422206E616D653D22E680BBE79B91E5AEA1E689B9223E0A2020202020203C646F63756D656E746174696F6E3EE680BBE79B91E58EBBE5AEA1E689B93C2F646F63756D656E746174696F6E3E0A2020202020203C657874656E73696F6E456C656D656E74733E0A20202020202020203C61637469766974693A7461736B4C697374656E6572206576656E743D22637265617465222064656C656761746545787072657373696F6E3D22247B757365725461736B4C697374656E65727D223E3C2F61637469766974693A7461736B4C697374656E65723E0A2020202020203C2F657874656E73696F6E456C656D656E74733E0A202020203C2F757365725461736B3E0A202020203C73657175656E6365466C6F772069643D22666C6F77312220736F757263655265663D2273746172746576656E743122207461726765745265663D226469726563746F724175646974223E3C2F73657175656E6365466C6F773E0A202020203C757365725461736B2069643D226872417564697422206E616D653D22E4BABAE4BA8BE5AEA1E689B9223E0A2020202020203C657874656E73696F6E456C656D656E74733E0A20202020202020203C61637469766974693A7461736B4C697374656E6572206576656E743D22637265617465222064656C656761746545787072657373696F6E3D22247B757365725461736B4C697374656E65727D223E3C2F61637469766974693A7461736B4C697374656E65723E0A2020202020203C2F657874656E73696F6E456C656D656E74733E0A202020203C2F757365725461736B3E0A202020203C63616C6C41637469766974792069643D2263616C6C61637469766974793122206E616D653D22E8B083E695B4E896AAE8B584222063616C6C6564456C656D656E743D22436F756E7453616C617279223E0A2020202020203C646F63756D656E746174696F6E3EE69BB4E696B0E896AAE8B5843C2F646F63756D656E746174696F6E3E0A2020202020203C657874656E73696F6E456C656D656E74733E0A20202020202020203C61637469766974693A696E20736F7572636545787072657373696F6E3D22247B627573696E6573734B65797D22207461726765743D22627573696E6573734B6579223E3C2F61637469766974693A696E3E0A2020202020203C2F657874656E73696F6E456C656D656E74733E0A202020203C2F63616C6C41637469766974793E0A202020203C757365725461736B2069643D22626F7373417564697422206E616D653D22E88081E69DBFE5AEA1E689B9223E0A2020202020203C657874656E73696F6E456C656D656E74733E0A20202020202020203C61637469766974693A7461736B4C697374656E6572206576656E743D22637265617465222064656C656761746545787072657373696F6E3D22247B757365725461736B4C697374656E65727D223E3C2F61637469766974693A7461736B4C697374656E65723E0A2020202020203C2F657874656E73696F6E456C656D656E74733E0A202020203C2F757365725461736B3E0A202020203C73657175656E6365466C6F772069643D22666C6F77342220736F757263655265663D2263616C6C61637469766974793122207461726765745265663D22626F73734175646974223E3C2F73657175656E6365466C6F773E0A202020203C6578636C7573697665476174657761792069643D226578636C7573697665676174657761793122206E616D653D224578636C75736976652047617465776179223E3C2F6578636C7573697665476174657761793E0A202020203C73657175656E6365466C6F772069643D22666C6F77352220736F757263655265663D22626F7373417564697422207461726765745265663D226578636C75736976656761746577617931223E3C2F73657175656E6365466C6F773E0A202020203C656E644576656E742069643D22656E646576656E743122206E616D653D22456E64223E3C2F656E644576656E743E0A202020203C73657175656E6365466C6F772069643D22666C6F773622206E616D653D22E5908CE6848F2220736F757263655265663D226578636C7573697665676174657761793122207461726765745265663D22656E646576656E7431223E0A2020202020203C636F6E646974696F6E45787072657373696F6E207873693A747970653D2274466F726D616C45787072657373696F6E223E3C215B43444154415B247B6973506173737D5D5D3E3C2F636F6E646974696F6E45787072657373696F6E3E0A202020203C2F73657175656E6365466C6F773E0A202020203C736572766963655461736B2069643D22726F6C6C6261636B4170706C7922206E616D653D22E59B9EE6BB9AE8B083E695B4222061637469766974693A64656C656761746545787072657373696F6E3D22247B726F6C6C6261636B53616C6172794170706C797D223E3C2F736572766963655461736B3E0A202020203C73657175656E6365466C6F772069643D22666C6F773722206E616D653D22E4B88DE5908CE6848F2220736F757263655265663D226578636C7573697665676174657761793122207461726765745265663D22726F6C6C6261636B4170706C79223E0A2020202020203C636F6E646974696F6E45787072657373696F6E207873693A747970653D2274466F726D616C45787072657373696F6E223E3C215B43444154415B247B216973506173737D5D5D3E3C2F636F6E646974696F6E45787072657373696F6E3E0A202020203C2F73657175656E6365466C6F773E0A202020203C757365725461736B2069643D226D6F646966794170706C7922206E616D653D22E8B083E695B4E794B3E8AFB7222061637469766974693A61737369676E65653D22247B6170706C795573657249647D223E0A2020202020203C657874656E73696F6E456C656D656E74733E0A20202020202020203C61637469766974693A7461736B4C697374656E6572206576656E743D22636F6D706C657465222064656C656761746545787072657373696F6E3D22247B61667465724D6F646966794170706C7950726F636573736F727D223E0A202020202020202020203C61637469766974693A6669656C64206E616D653D22627573696E6573734B6579223E0A2020202020202020202020203C61637469766974693A65787072657373696F6E3E247B627573696E6573734B65797D3C2F61637469766974693A65787072657373696F6E3E0A202020202020202020203C2F61637469766974693A6669656C643E0A20202020202020203C2F61637469766974693A7461736B4C697374656E65723E0A2020202020203C2F657874656E73696F6E456C656D656E74733E0A202020203C2F757365725461736B3E0A202020203C73657175656E6365466C6F772069643D22666C6F77382220736F757263655265663D22726F6C6C6261636B4170706C7922207461726765745265663D226D6F646966794170706C79223E3C2F73657175656E6365466C6F773E0A202020203C6578636C7573697665476174657761792069643D226578636C7573697665676174657761793222206E616D653D224578636C75736976652047617465776179223E3C2F6578636C7573697665476174657761793E0A202020203C73657175656E6365466C6F772069643D22666C6F77392220736F757263655265663D226469726563746F72417564697422207461726765745265663D226578636C75736976656761746577617932223E3C2F73657175656E6365466C6F773E0A202020203C73657175656E6365466C6F772069643D22666C6F77313022206E616D653D22E5908CE6848F2220736F757263655265663D226578636C7573697665676174657761793222207461726765745265663D2268724175646974223E0A2020202020203C636F6E646974696F6E45787072657373696F6E207873693A747970653D2274466F726D616C45787072657373696F6E223E3C215B43444154415B247B6973506173737D5D5D3E3C2F636F6E646974696F6E45787072657373696F6E3E0A202020203C2F73657175656E6365466C6F773E0A202020203C73657175656E6365466C6F772069643D22666C6F77313122206E616D653D22E4B88DE5908CE6848F2220736F757263655265663D226578636C7573697665676174657761793222207461726765745265663D226D6F646966794170706C79223E0A2020202020203C636F6E646974696F6E45787072657373696F6E207873693A747970653D2274466F726D616C45787072657373696F6E223E3C215B43444154415B247B216973506173737D5D5D3E3C2F636F6E646974696F6E45787072657373696F6E3E0A202020203C2F73657175656E6365466C6F773E0A202020203C6578636C7573697665476174657761792069643D226578636C7573697665676174657761793322206E616D653D224578636C75736976652047617465776179223E3C2F6578636C7573697665476174657761793E0A202020203C73657175656E6365466C6F772069643D22666C6F7731322220736F757263655265663D226D6F646966794170706C7922207461726765745265663D226578636C75736976656761746577617933223E3C2F73657175656E6365466C6F773E0A202020203C73657175656E6365466C6F772069643D22666C6F77313322206E616D653D22E58F96E6B688E794B3E8AFB72220736F757263655265663D226578636C7573697665676174657761793322207461726765745265663D22656E646576656E7431223E0A2020202020203C636F6E646974696F6E45787072657373696F6E207873693A747970653D2274466F726D616C45787072657373696F6E223E3C215B43444154415B247B2172654170706C797D5D5D3E3C2F636F6E646974696F6E45787072657373696F6E3E0A202020203C2F73657175656E6365466C6F773E0A202020203C73657175656E6365466C6F772069643D22666C6F77313422206E616D653D22E9878DE696B0E794B3E8AFB72220736F757263655265663D226578636C7573697665676174657761793322207461726765745265663D226469726563746F724175646974223E0A2020202020203C636F6E646974696F6E45787072657373696F6E207873693A747970653D2274466F726D616C45787072657373696F6E223E3C215B43444154415B247B72654170706C797D5D5D3E3C2F636F6E646974696F6E45787072657373696F6E3E0A202020203C2F73657175656E6365466C6F773E0A202020203C6578636C7573697665476174657761792069643D226578636C7573697665676174657761793422206E616D653D224578636C75736976652047617465776179223E3C2F6578636C7573697665476174657761793E0A202020203C73657175656E6365466C6F772069643D22666C6F7731352220736F757263655265663D226872417564697422207461726765745265663D226578636C75736976656761746577617934223E3C2F73657175656E6365466C6F773E0A202020203C73657175656E6365466C6F772069643D22666C6F77313622206E616D653D22E4B88DE5908CE6848F2220736F757263655265663D226578636C7573697665676174657761793422207461726765745265663D226D6F646966794170706C79223E0A2020202020203C636F6E646974696F6E45787072657373696F6E207873693A747970653D2274466F726D616C45787072657373696F6E223E3C215B43444154415B247B216973506173737D5D5D3E3C2F636F6E646974696F6E45787072657373696F6E3E0A202020203C2F73657175656E6365466C6F773E0A202020203C73657175656E6365466C6F772069643D22666C6F77313722206E616D653D22E5908CE6848F2220736F757263655265663D226578636C7573697665676174657761793422207461726765745265663D2263616C6C616374697669747931223E0A2020202020203C636F6E646974696F6E45787072657373696F6E207873693A747970653D2274466F726D616C45787072657373696F6E223E3C215B43444154415B247B6973506173737D5D5D3E3C2F636F6E646974696F6E45787072657373696F6E3E0A202020203C2F73657175656E6365466C6F773E0A20203C2F70726F636573733E0A20203C62706D6E64693A42504D4E4469616772616D2069643D2242504D4E4469616772616D5F636F6D2E7A6D6C2E6F612E73616C617279223E0A202020203C62706D6E64693A42504D4E506C616E652062706D6E456C656D656E743D22636F6D2E7A6D6C2E6F612E73616C617279222069643D2242504D4E506C616E655F636F6D2E7A6D6C2E6F612E73616C617279223E0A2020202020203C62706D6E64693A42504D4E53686170652062706D6E456C656D656E743D2273746172746576656E7431222069643D2242504D4E53686170655F73746172746576656E7431223E0A20202020202020203C6F6D6764633A426F756E6473206865696768743D2233352E30222077696474683D2233352E302220783D2232302E302220793D223134302E30223E3C2F6F6D6764633A426F756E64733E0A2020202020203C2F62706D6E64693A42504D4E53686170653E0A2020202020203C62706D6E64693A42504D4E53686170652062706D6E456C656D656E743D226469726563746F724175646974222069643D2242504D4E53686170655F6469726563746F724175646974223E0A20202020202020203C6F6D6764633A426F756E6473206865696768743D2235352E30222077696474683D223130352E302220783D223130302E302220793D223133302E30223E3C2F6F6D6764633A426F756E64733E0A2020202020203C2F62706D6E64693A42504D4E53686170653E0A2020202020203C62706D6E64693A42504D4E53686170652062706D6E456C656D656E743D2268724175646974222069643D2242504D4E53686170655F68724175646974223E0A20202020202020203C6F6D6764633A426F756E6473206865696768743D2235352E30222077696474683D223130352E302220783D223335302E302220793D223133302E30223E3C2F6F6D6764633A426F756E64733E0A2020202020203C2F62706D6E64693A42504D4E53686170653E0A2020202020203C62706D6E64693A42504D4E53686170652062706D6E456C656D656E743D2263616C6C616374697669747931222069643D2242504D4E53686170655F63616C6C616374697669747931223E0A20202020202020203C6F6D6764633A426F756E6473206865696768743D2235352E30222077696474683D223130352E302220783D223539302E302220793D223133302E30223E3C2F6F6D6764633A426F756E64733E0A2020202020203C2F62706D6E64693A42504D4E53686170653E0A2020202020203C62706D6E64693A42504D4E53686170652062706D6E456C656D656E743D22626F73734175646974222069643D2242504D4E53686170655F626F73734175646974223E0A20202020202020203C6F6D6764633A426F756E6473206865696768743D2235352E30222077696474683D223130352E302220783D223736302E302220793D223133302E30223E3C2F6F6D6764633A426F756E64733E0A2020202020203C2F62706D6E64693A42504D4E53686170653E0A2020202020203C62706D6E64693A42504D4E53686170652062706D6E456C656D656E743D226578636C75736976656761746577617931222069643D2242504D4E53686170655F6578636C75736976656761746577617931223E0A20202020202020203C6F6D6764633A426F756E6473206865696768743D2234302E30222077696474683D2234302E302220783D223931302E302220793D223133382E30223E3C2F6F6D6764633A426F756E64733E0A2020202020203C2F62706D6E64693A42504D4E53686170653E0A2020202020203C62706D6E64693A42504D4E53686170652062706D6E456C656D656E743D22656E646576656E7431222069643D2242504D4E53686170655F656E646576656E7431223E0A20202020202020203C6F6D6764633A426F756E6473206865696768743D2233352E30222077696474683D2233352E302220783D223939352E302220793D223134312E30223E3C2F6F6D6764633A426F756E64733E0A2020202020203C2F62706D6E64693A42504D4E53686170653E0A2020202020203C62706D6E64693A42504D4E53686170652062706D6E456C656D656E743D22726F6C6C6261636B4170706C79222069643D2242504D4E53686170655F726F6C6C6261636B4170706C79223E0A20202020202020203C6F6D6764633A426F756E6473206865696768743D2235352E30222077696474683D223130352E302220783D223837382E302220793D223237302E30223E3C2F6F6D6764633A426F756E64733E0A2020202020203C2F62706D6E64693A42504D4E53686170653E0A2020202020203C62706D6E64693A42504D4E53686170652062706D6E456C656D656E743D226D6F646966794170706C79222069643D2242504D4E53686170655F6D6F646966794170706C79223E0A20202020202020203C6F6D6764633A426F756E6473206865696768743D2235352E30222077696474683D223130352E302220783D223231382E302220793D223237302E30223E3C2F6F6D6764633A426F756E64733E0A2020202020203C2F62706D6E64693A42504D4E53686170653E0A2020202020203C62706D6E64693A42504D4E53686170652062706D6E456C656D656E743D226578636C75736976656761746577617932222069643D2242504D4E53686170655F6578636C75736976656761746577617932223E0A20202020202020203C6F6D6764633A426F756E6473206865696768743D2234302E30222077696474683D2234302E302220783D223235302E302220793D223133382E30223E3C2F6F6D6764633A426F756E64733E0A2020202020203C2F62706D6E64693A42504D4E53686170653E0A2020202020203C62706D6E64693A42504D4E53686170652062706D6E456C656D656E743D226578636C75736976656761746577617933222069643D2242504D4E53686170655F6578636C75736976656761746577617933223E0A20202020202020203C6F6D6764633A426F756E6473206865696768743D2234302E30222077696474683D2234302E302220783D223235302E302220793D223339302E30223E3C2F6F6D6764633A426F756E64733E0A2020202020203C2F62706D6E64693A42504D4E53686170653E0A2020202020203C62706D6E64693A42504D4E53686170652062706D6E456C656D656E743D226578636C75736976656761746577617934222069643D2242504D4E53686170655F6578636C75736976656761746577617934223E0A20202020202020203C6F6D6764633A426F756E6473206865696768743D2234302E30222077696474683D2234302E302220783D223530302E302220793D223133382E30223E3C2F6F6D6764633A426F756E64733E0A2020202020203C2F62706D6E64693A42504D4E53686170653E0A2020202020203C62706D6E64693A42504D4E456467652062706D6E456C656D656E743D22666C6F7731222069643D2242504D4E456467655F666C6F7731223E0A20202020202020203C6F6D6764693A776179706F696E7420783D2235352E302220793D223135372E30223E3C2F6F6D6764693A776179706F696E743E0A20202020202020203C6F6D6764693A776179706F696E7420783D223130302E302220793D223135372E30223E3C2F6F6D6764693A776179706F696E743E0A2020202020203C2F62706D6E64693A42504D4E456467653E0A2020202020203C62706D6E64693A42504D4E456467652062706D6E456C656D656E743D22666C6F7734222069643D2242504D4E456467655F666C6F7734223E0A20202020202020203C6F6D6764693A776179706F696E7420783D223639352E302220793D223135372E30223E3C2F6F6D6764693A776179706F696E743E0A20202020202020203C6F6D6764693A776179706F696E7420783D223736302E302220793D223135372E30223E3C2F6F6D6764693A776179706F696E743E0A2020202020203C2F62706D6E64693A42504D4E456467653E0A2020202020203C62706D6E64693A42504D4E456467652062706D6E456C656D656E743D22666C6F7735222069643D2242504D4E456467655F666C6F7735223E0A20202020202020203C6F6D6764693A776179706F696E7420783D223836352E302220793D223135372E30223E3C2F6F6D6764693A776179706F696E743E0A20202020202020203C6F6D6764693A776179706F696E7420783D223931302E302220793D223135382E30223E3C2F6F6D6764693A776179706F696E743E0A2020202020203C2F62706D6E64693A42504D4E456467653E0A2020202020203C62706D6E64693A42504D4E456467652062706D6E456C656D656E743D22666C6F7736222069643D2242504D4E456467655F666C6F7736223E0A20202020202020203C6F6D6764693A776179706F696E7420783D223935302E302220793D223135382E30223E3C2F6F6D6764693A776179706F696E743E0A20202020202020203C6F6D6764693A776179706F696E7420783D223939352E302220793D223135382E30223E3C2F6F6D6764693A776179706F696E743E0A20202020202020203C62706D6E64693A42504D4E4C6162656C3E0A202020202020202020203C6F6D6764633A426F756E6473206865696768743D2231342E30222077696474683D2232342E302220783D223935392E302220793D223134312E30223E3C2F6F6D6764633A426F756E64733E0A20202020202020203C2F62706D6E64693A42504D4E4C6162656C3E0A2020202020203C2F62706D6E64693A42504D4E456467653E0A2020202020203C62706D6E64693A42504D4E456467652062706D6E456C656D656E743D22666C6F7737222069643D2242504D4E456467655F666C6F7737223E0A20202020202020203C6F6D6764693A776179706F696E7420783D223933302E302220793D223137382E30223E3C2F6F6D6764693A776179706F696E743E0A20202020202020203C6F6D6764693A776179706F696E7420783D223933302E302220793D223237302E30223E3C2F6F6D6764693A776179706F696E743E0A20202020202020203C62706D6E64693A42504D4E4C6162656C3E0A202020202020202020203C6F6D6764633A426F756E6473206865696768743D2231342E30222077696474683D2233362E302220783D223934302E302220793D223230392E30223E3C2F6F6D6764633A426F756E64733E0A20202020202020203C2F62706D6E64693A42504D4E4C6162656C3E0A2020202020203C2F62706D6E64693A42504D4E456467653E0A2020202020203C62706D6E64693A42504D4E456467652062706D6E456C656D656E743D22666C6F7738222069643D2242504D4E456467655F666C6F7738223E0A20202020202020203C6F6D6764693A776179706F696E7420783D223837382E302220793D223239372E30223E3C2F6F6D6764693A776179706F696E743E0A20202020202020203C6F6D6764693A776179706F696E7420783D223332332E302220793D223239372E30223E3C2F6F6D6764693A776179706F696E743E0A2020202020203C2F62706D6E64693A42504D4E456467653E0A2020202020203C62706D6E64693A42504D4E456467652062706D6E456C656D656E743D22666C6F7739222069643D2242504D4E456467655F666C6F7739223E0A20202020202020203C6F6D6764693A776179706F696E7420783D223230352E302220793D223135372E30223E3C2F6F6D6764693A776179706F696E743E0A20202020202020203C6F6D6764693A776179706F696E7420783D223235302E302220793D223135382E30223E3C2F6F6D6764693A776179706F696E743E0A2020202020203C2F62706D6E64693A42504D4E456467653E0A2020202020203C62706D6E64693A42504D4E456467652062706D6E456C656D656E743D22666C6F773130222069643D2242504D4E456467655F666C6F773130223E0A20202020202020203C6F6D6764693A776179706F696E7420783D223239302E302220793D223135382E30223E3C2F6F6D6764693A776179706F696E743E0A20202020202020203C6F6D6764693A776179706F696E7420783D223335302E302220793D223135372E30223E3C2F6F6D6764693A776179706F696E743E0A20202020202020203C62706D6E64693A42504D4E4C6162656C3E0A202020202020202020203C6F6D6764633A426F756E6473206865696768743D2231342E30222077696474683D2232342E302220783D223330302E302220793D223134322E30223E3C2F6F6D6764633A426F756E64733E0A20202020202020203C2F62706D6E64693A42504D4E4C6162656C3E0A2020202020203C2F62706D6E64693A42504D4E456467653E0A2020202020203C62706D6E64693A42504D4E456467652062706D6E456C656D656E743D22666C6F773131222069643D2242504D4E456467655F666C6F773131223E0A20202020202020203C6F6D6764693A776179706F696E7420783D223237302E302220793D223137382E30223E3C2F6F6D6764693A776179706F696E743E0A20202020202020203C6F6D6764693A776179706F696E7420783D223237302E302220793D223237302E30223E3C2F6F6D6764693A776179706F696E743E0A20202020202020203C62706D6E64693A42504D4E4C6162656C3E0A202020202020202020203C6F6D6764633A426F756E6473206865696768743D2231342E30222077696474683D2233362E302220783D223237392E302220793D223230392E30223E3C2F6F6D6764633A426F756E64733E0A20202020202020203C2F62706D6E64693A42504D4E4C6162656C3E0A2020202020203C2F62706D6E64693A42504D4E456467653E0A2020202020203C62706D6E64693A42504D4E456467652062706D6E456C656D656E743D22666C6F773132222069643D2242504D4E456467655F666C6F773132223E0A20202020202020203C6F6D6764693A776179706F696E7420783D223237302E302220793D223332352E30223E3C2F6F6D6764693A776179706F696E743E0A20202020202020203C6F6D6764693A776179706F696E7420783D223237302E302220793D223339302E30223E3C2F6F6D6764693A776179706F696E743E0A2020202020203C2F62706D6E64693A42504D4E456467653E0A2020202020203C62706D6E64693A42504D4E456467652062706D6E456C656D656E743D22666C6F773133222069643D2242504D4E456467655F666C6F773133223E0A20202020202020203C6F6D6764693A776179706F696E7420783D223239302E302220793D223431302E30223E3C2F6F6D6764693A776179706F696E743E0A20202020202020203C6F6D6764693A776179706F696E7420783D22313031322E302220793D223431302E30223E3C2F6F6D6764693A776179706F696E743E0A20202020202020203C6F6D6764693A776179706F696E7420783D22313031322E302220793D223137362E30223E3C2F6F6D6764693A776179706F696E743E0A20202020202020203C62706D6E64693A42504D4E4C6162656C3E0A202020202020202020203C6F6D6764633A426F756E6473206865696768743D2231342E30222077696474683D2234382E302220783D223532332E302220793D223339302E30223E3C2F6F6D6764633A426F756E64733E0A20202020202020203C2F62706D6E64693A42504D4E4C6162656C3E0A2020202020203C2F62706D6E64693A42504D4E456467653E0A2020202020203C62706D6E64693A42504D4E456467652062706D6E456C656D656E743D22666C6F773134222069643D2242504D4E456467655F666C6F773134223E0A20202020202020203C6F6D6764693A776179706F696E7420783D223235302E302220793D223431302E30223E3C2F6F6D6764693A776179706F696E743E0A20202020202020203C6F6D6764693A776179706F696E7420783D223135322E302220793D223430392E30223E3C2F6F6D6764693A776179706F696E743E0A20202020202020203C6F6D6764693A776179706F696E7420783D223135322E302220793D223138352E30223E3C2F6F6D6764693A776179706F696E743E0A20202020202020203C62706D6E64693A42504D4E4C6162656C3E0A202020202020202020203C6F6D6764633A426F756E6473206865696768743D2231342E30222077696474683D2234382E302220783D223136382E302220793D223339312E30223E3C2F6F6D6764633A426F756E64733E0A20202020202020203C2F62706D6E64693A42504D4E4C6162656C3E0A2020202020203C2F62706D6E64693A42504D4E456467653E0A2020202020203C62706D6E64693A42504D4E456467652062706D6E456C656D656E743D22666C6F773135222069643D2242504D4E456467655F666C6F773135223E0A20202020202020203C6F6D6764693A776179706F696E7420783D223435352E302220793D223135372E30223E3C2F6F6D6764693A776179706F696E743E0A20202020202020203C6F6D6764693A776179706F696E7420783D223530302E302220793D223135382E30223E3C2F6F6D6764693A776179706F696E743E0A2020202020203C2F62706D6E64693A42504D4E456467653E0A2020202020203C62706D6E64693A42504D4E456467652062706D6E456C656D656E743D22666C6F773136222069643D2242504D4E456467655F666C6F773136223E0A20202020202020203C6F6D6764693A776179706F696E7420783D223532302E302220793D223137382E30223E3C2F6F6D6764693A776179706F696E743E0A20202020202020203C6F6D6764693A776179706F696E7420783D223531392E302220793D223239372E30223E3C2F6F6D6764693A776179706F696E743E0A20202020202020203C6F6D6764693A776179706F696E7420783D223332332E302220793D223239372E30223E3C2F6F6D6764693A776179706F696E743E0A20202020202020203C62706D6E64693A42504D4E4C6162656C3E0A202020202020202020203C6F6D6764633A426F756E6473206865696768743D2231342E30222077696474683D2233362E302220783D223533312E302220793D223230392E30223E3C2F6F6D6764633A426F756E64733E0A20202020202020203C2F62706D6E64693A42504D4E4C6162656C3E0A2020202020203C2F62706D6E64693A42504D4E456467653E0A2020202020203C62706D6E64693A42504D4E456467652062706D6E456C656D656E743D22666C6F773137222069643D2242504D4E456467655F666C6F773137223E0A20202020202020203C6F6D6764693A776179706F696E7420783D223534302E302220793D223135382E30223E3C2F6F6D6764693A776179706F696E743E0A20202020202020203C6F6D6764693A776179706F696E7420783D223539302E302220793D223135372E30223E3C2F6F6D6764693A776179706F696E743E0A20202020202020203C62706D6E64693A42504D4E4C6162656C3E0A202020202020202020203C6F6D6764633A426F756E6473206865696768743D2231342E30222077696474683D2232342E302220783D223534392E302220793D223134322E30223E3C2F6F6D6764633A426F756E64733E0A20202020202020203C2F62706D6E64693A42504D4E4C6162656C3E0A2020202020203C2F62706D6E64693A42504D4E456467653E0A202020203C2F62706D6E64693A42504D4E506C616E653E0A20203C2F62706D6E64693A42504D4E4469616772616D3E0A3C2F646566696E6974696F6E733E, '0');
INSERT INTO `act_ge_bytearray` VALUES ('200011', '1', 'Salary.png', '200009', 0x89504E470D0A1A0A0000000D494844520000040B000001D40802000000D30836BD00003B6149444154789CEDDD7D905C577D27FC317E41A648A14DB258D9CA03436DEDE3A96483A716AAAC3F526B99DDA059C2CB5485C2B3A4CA4C959F10F12410D5D61619F00386C55E6D0A58254B2867038E76B7BC3B7911A80236DA18910164A2D846926D0C83B1CC18D964B025335E4BF658AFF7B99A367D9A7E9BEE997BFBDEBEE7F3A953AA564FCF9DDBE79CFB3BE7DBF3D223090000C04F8C147D02000040894808000040202100000081840000000412020000104808000040202100000081840000000412020000104808000040202100000081840000000412020000104808000040202100000081840000000412020000104808000040202100000081840000000412020000104808000040202100000081840000000412020000104808000040202100000081840000000412020000104808000040202100000081840000000412020000104808000040202100000081840000000412020000104808000040202100000081840000000412020000104808000040202100000081840000000412020000104808000040202100000081840000000412020000104808000040202100000081840000000412020000104808000040202100000081840000000412020000104808000040202100000081840000000412020000104808000040202100000081840000000412020000104808000040202100000081840000000412020000104808000040202100000081840000000412020000104808000040202100000081840000000412020000104808000040202100000081840000000412020000104808000040202100000081840000000412020000104808000040202100000081840000000412020000104808000040202100000081840000000412020000104808000040202100000081840000000412020000104808000040202100000081840000000412020000104808000040202100000081840000000412020000104808000040202100000081840000000412020000104808000040202100000081840000000412020000104808000040202100000081840000000412020000104808000040202100000081840000000412020000104808000040202100000081840000000412020000104808000040202100000081840000000412020000104808EBB2BCBC3C3B3B3B3535B565CB96D1D1D19158A5CF3DED81C9C9C95DBB762D2D2D153D2CE4C26CAF31DB87543A816FBAE9A6CD9B37173D8386C0F8F8F8B66DDB1617178B1EB4BCA86635AA195D48086BB777EFDEF4EA4A4BCCEDB7DFFEE57DFB1E3972E4F4993371B6F4B9A73DB07BF7EEEBAFBF3EED93B4D6143D3864CC6C37DB875ABA234C77BD45EFC786CCC68D1BE7E7E78B1EBAECA966AA19BD9010D6228DDAD3D3D35BB76E3DFAF8D1D3674E6B8DEDA9634FA5B526ED9C0ABFFE1415B3DD6CAF80EDDBB717BDDF1E4A5BB66C297AE8B2A49AA966F44E42E85B5A62C6C7C73F7BDB674E9F39A5756A5FBCE38B575F7DF5C2C242D1C3C5BA98ED667B35D4BF81F0FEF7BFFFE8E38F17FEDA6D99DB53C78EDD7EFBEDB5EEDAB06143D1439719D54C35A32F1242DFA6A7A7574ACC0B5AF7F6E57D775D73CDBF2C7AB85817B3DD6CAF86FA8BE24F1D7BAAF0176B87A2A5D9A0D663450F5D665433D58CBE54E7E21F8CBD7BF76EDDFAC6336797B55EDAFB7FFFDFDF72CBC78A1E34D6C86C37DB2BA39E100A7F8D76585ABDC78A1EBA6CA866AA19FDAAC8C53F18CBCBCBA3A3A38F3FB170E6ECF35A2FEDC4C91F5F75D56B2BF9BB6E9567B69BED55D290108A7F8D76285A9512826AA69AB10655B8F80766D7AE5DD3D3D367CE3E576FD74EBCB9C7DFF76AFCACA8DA2DB7FC87999999A2878EBE99ED667B95344CCEE25FA01D8A56A584A09AA966AC41152EFE81999C9CDCFDB93F0F25E68D5BFF21491E3B977CEF4CF2ED53C9FDA792FB4E9CDDF9B9AFFCCD13CFDC733AF9FBE5E49EE564FF73C95D2F247FB4FFC1776FFBEDC22FF842DA370F1E181F1F2F7AE8E89BD96EB65749C386AFF8176887A2552921A866AA196B50858B7F60C6C6C61E7AE8D099B3276B2D2D9D2792E4E4F9E499B3C9D3A793E792E4DF7DF0C3232F79F9E6374E3E7126397A2A39FA42B2B09C3C7236F9CBBFBB7F65653A19613B71F27805FE1A46ED6FE445F5863266BBD95EF48964C94BC2FDB62A2504D54C352BFA448652EE17FFF2F2F29E3D7B6EBAE9A634C46FF989898989F49ED9D9D9E11AB68D1B371E3BFEC499B3276A2D2D1CCF9D4B4E9DBBF0A1B3E72FFCFB853BFFF73FF9A7FFFCC69B3F7136499E3D9B3C732679FA4C923EC3BBEE7D60A5CA9C88B30DFB1A93CED26BAEB9E6B3B7DD964EDDE19AB1EB61B69BED559AED0D09A1F8BDD750B42A2504D54C35AB52351B981C873F0D0669124833689A0DD23CB07BF7E7BEBCEF2BB5F6C53BEEFCD0873E3C3535955EB79B376F1E96B7F15BA914CFD65BFADF936793E3CF27A7CFBDF880740AFEE74FFDC9C73EFEA9A33FBCF0862367CE27A757AACF37BE797FD3E746D586BACAD44ACC7DDF3C78FACCD9F4DF780A8DD96EB65769B6372484E2375E43D1AA94105433D5AC4AD5ACAD2E2FC7A77BECB5BD0B5E2EC37FF8F0E1F4CCD2B34C93403A36DDDBFEBBBF71FDF5EF1A1F1F9F9B9BCBE36432B45229FE4FBD5DA832E792A79E4B7E7422399324A74F9D1ABBF2CA91918B474636BCFDDF5EDFF889F71D3CD4F4B951B5E1AD328D25A6D6CA5368F2EE55B3DD6C2FC96CCFA44B1B1242F11BAFA168954B08AA996A56916AD6240D06E97EBBF597EC9BA4DBEC5B6FBD350D127D9C6DE6E7BA63C78EF43CBEBCEF2BAB6683C6960E5E3A9CDBB66DEBEBEC076CA5523C536FB5EF541E7F3EF9E1B3C9932F24F73DF4E815575C71F125975DFE8A9F9F7AE74F55997BBF79B0E973A36A435A655A4B4CAE85A6FBB5BDEA63B23D99C46C37DB739BED854CF5FAA717BEEB1A96965F6D193CD54C35AB5235AB9B9B9BDBBC7973F77368323A3A9A268A5E9FDD3ACFAF51BAB99F9A9A9A9999E92B1B34B63FFEF4A7D3F15BDB77430660A5522CD55BFADFE7CF274F2F5F781DE2A917927DF7CEFFCA55AFFBF97FFCCA576CFC477FF2DFFFF2852439712A79EED4854FDC7FE0DEA6CF8DAA0D6395E95462722D343D7EA8F1BFF9F5ADD96EB6E734DB0B99EAF505B2F05DD7B0B4AC363165A09AA96655AA66C9CA7E7B7A7ABA69F73F3E3EFEFEF7FF7EE38FF4A7ED431FFAF0D6AD5B9B1E393939D94B276436FCE9E9A65166767676CDF1A0FE4347E971161616B23AB10CA5DD7AF6EC8FEBAD36C669A179E64CF2E3D3C90F9F3DF38D0717AEFA17AFBFF6D7FECD93A7921F2D274F2E27C74F25699DD97FCFBD4D9F1B551BBA2AD3BDC4E45A685A137F970FB53E324366BBD99ED36C2F64AAD73FB7F05DD7B0B49C0A4B215433D5AC4AD56C7171B1E95B07EF7BDFEF3D72E4489767FDD4B1E37FFCE94F6FDAB4A9FE29A3A3A3870F1F5EE5D9ADE1E4DA9A9A9A5A7F3CA88F5FFAE44BF8E3464D9562CBB5D73CF09DEFDDF7E0FC81C3F3771F9CBFFBD0C3DF78E0C8DFDEF3EDBF7BF0FB5F3BF8F0D70F7EF7EE43DF3D70FFC30F7EEF079FFEAFB7BDE3BA77147EB5AB32BDE8A5C4E4576856FD50EBC372EA5EB3DD6CCF69B61732D5EBEB62E13364585A8513826AD6FB1C287AE8FA1049355B58584837F7F5CB736262A27B3668CA091FFAD087EB9FBB61C38603070E747B766B3BC5263B76EC58CF0F17B5B6DDBB3F37393999C9B96568A5CA3CDDD87EE7777E7BD58098FA8DB7BFBDE913A36A4354657A2F3139159AB62F3034159AB68FC99CD96EB6E734DB0B99EAF523143E4386A5E55A5E064C355BF31C287AE87A154935ABFDB44EFD0837DF72CB1A36D8B7DFFE3FD36C503B421A36BAFC607F06C37FF8F0E1F1F1F10CE341ADBDFBDDBF7DEBADB7AEFFF432B452658E6BFDB661A932FD96989C0A4DF73B5B3B33A7EE35DBCDF69C667B2153BD2121143F4986A2552E2114DFA543D78665F4E3A966535353F50B73F7EECFAD79839D3EF78D1B37D68E937642C767B786536C92C6837E07A69776F4F1275EFDEAD152FDACD1852A73EE98D66F1B8A2AB3B6125348A1C9E4A5885ECEA7F099338CCD6C5F5521535D4258C3EEB05209A1E8CA308C6D28463F9E6AB667CF9EFAE7AEEDBB078DED8B77DC593FDACE9D3BDB3FBB7E4FB1F58C272727338F07B5F6BEF7FD5EA7F32EC44A95794AEBB795BFCAB49698F4E2B9F2CAB14E3FDEF7D4B1E3575D75D5676FBB2D8F42D35A44DA7660DEBD6AB69BED39CDF642A67A480845EFBA86A5552E21145F1C86AE957FF4A3AA66E3E3E3B5834F4C4C64B2C7AEFF4EC2A64D9BDABE1CBFDEE14F7BB6DFB73EE8BD1D7DFC89F4BCD77986195AA9324F6AFDB6925799B625A6F6537AAF7EF5686BA1A99598DA759579A1E9FEA1A6BAD37A234366BBD99ED36C2F64AA372484E2375E43D12A97108A2F0E43D74A3EFA5155B3D9D9D9DA99A74F30DD1B67B2C77EF6C4C9FA5F37DABE7D7B9BA7D0FBF9B54A3B74E3C68D39C5835ABBFAEAABBBFFAAF520AD54991F69FDB63257992E25A6A6A9D0349698C20B4D973BD7CF6C37DB739AED854CF5868450FCC66B285AE51242F1C561E85A99473FB66A969E5EEDB4DFF7BEDFCB708F9D7642EDB0E966BECD53E8F1E4DADAB56BD7F4F474AE09E1E65B6E99999959CF49F62B0D6A9DDE8D61A5CA2C6AFDB6C157992E83D8A8B5C43446EAD642D35A62465A027DB685A671916E7C40D33974FAF45599ED66FBE0677B7E53BDFB7CAE297CD7352CADB1CF87826AA69A55A99A353DDFFA6765F50D847A4B7BA976E4B9B9B9E627D2575F34D9B66DDBADB7DE9A6B42F8F2BEAF74F93DEBCC3DFCF0C3B59EFA999FF999DDBB77377D5495198A2AD37D10EBBABC317BFD77FC1B0BCDC14387DA96982FDE7167EB11327FC7E53C98ED667B9566FBAAF3B9A6F019322CAD711F537EAA594E73A03C835857D56AD6251DEDDAB5AB76DAE9E965BECD7EF7BB5FFCCBBFAD2FC7AF6BF82726265ABB38DB96E6BF7480D773927D595E5E7EC94B5E52EBAC4B2FBDF4977FF9971B076CA5CAFC431EADF5C89DBE56FDFEEE27D3FBA7E7F7A41ABFE8C04670D541AC59F58DD95B0BCD65975DD64B892943A1E95151B37DD5599AD563CCF69A4866FBAAF3B926AB516E9C546D353DFE83376E6FFDDC4EC7ECE59E0C9F4E97E738E0F9BC6665AE663D0E77F7E3A8663555AD66DDD3D1B66DDB6A1F5DFF9F306A6D5FDEF795DAC1376FDEDCF475D735FC39FD9DD3C6F6EC8993E958AEE724FBD5F48DAACB2FBFFC861B6EA8FD9677FADF73E77E98536B3C78EB17AADFD37AA3FEDFEE7A3C4E4E4F6D9023D87D10939EDF98BDB5D0F458624AB56DEAAEA8D9DE65EEF53293CDF61E0731896CB6779FCF8D73239381AECFC637BFF9D73A7DA8C95FFFF57F5BC37C1EF9E9D5A1CB67653B936B8A1DD3DE95A79A8DB4ACCE4D5DDA3AA0AB0E7D971BB93EA9F20C6252E96AD63D1D4D4C4CD43E94C78BF28F1C39523BF8E868F3CBF1EB1AFE742C33FF89A8D636B2F28D9555AFA2C13877EE89CC5B2F5FAE7EBBF146E3C3BA9F5BDB4FEF74238F27589E11ECEB8DD93B159A554B4C63A1F9D55FFDD5013FC7ACE4341F5AA7655F33D66CEF9DD9DE2A8F115F49084FD48FDFF885D21B870EDD95FE7BE38DBFD7780EAD27D3CB3DAD1FEA72C0F53FAF9AF2CCE7F5C8E962EFE56B8D742D3BDDCFADF573BBDCC8E3099667F4075FCD061C12BAA4A3FADF39CDE945F9FA176D3AA5752584B1B1B16F3DF4D00012C27A4EB25FAF78C52BEA9D35B9229D28F3F3F3C98BAF433C9E79EB74D8C6FBEBB76B37563D93B60FA83FAFD603F672CCF53CC1418E60F7414C4B4CEF7F9FF76FE7BE7AF1C5173795988B2EBAE8B6DBFEACC7230CF81769FA35F8D9DECBCC6F9CAB8DCCF67E0731B6D9DE7D3E779F45EB19F13421D48FFFF18F7FA8F10BB59DC99D4EA6F5CED647763A781ECFABA6C001ED4B19AA59A7E16BFBD12EC7E93416E754B3C156B39204A47A78E8F43E0FEB6CF5E3370DC7BA863FD73743A8B501FF1E42FD17C6D3F0F35BBFF55BE9BFB3B3B3F58F8E5CB80E8F66DE3A1DB6F1FEFAEDDAE9B5FDC42ED3ABD371EA1FCDE9A9D5BFD6C04670D5413C7CF8705A689E3A767CD5B9D7F6AF1FD4B4FD5BCB6D8F905E23E9571CE4D3EF5D21B3BD9799DFE3D561B6AF3A8851CDF655E773D3F458E728374EA737BFF95F9F6B28CEADF3B0E9ABB79E49539F7FFCE3FF5FDBF9DCF4255A6778B633B9A6A801ED4B19AA59A7AFD23A4C9D86AFD3033A1DE49C6A56A16AD6251DA55D51BB3FA717E5EB7F25B6E994D635FCD3D3D38D7F50368FB6FFEE6F5C7DF5D5EB39C9BE3CF6D863694F4D4C4C8C8E8ECECCCC347D8F69E552FC41E6ADD361DBDEDF7467E37FFBBADD7823A7E7D5F845073682AB0E62D25BA1E952627A2C34856F985655C86C6F9A8A9D2679E7F5D26CEF6310939866FBAAF339DBD1AF1FADFB5CEDD2AB232DC5FCD0A1BD8D87BDF1C6F7E63A577B7982039ECF6B36F86AD67D645B27C0B996A2D77AA397DB23AA5915AB59F77454FF56461E2FCAA7CFB776F0D6B74458D7F0EFDCB933DBF76E686D6902B9FEFA77ADE724FBB567CF9E5DBB76B5FD9B53395D8DAB96980C8FD354AACE75D8A20D7595E93E8835DD0B4DDB1273D14517F55E68CAB061EAC5E0677BE3ACE865FA8D745E2FCDF65507B1269ED9DE7D3EFF643E3C9649AB1F6DE4C5EF21B4FF50FDC6CA76FFB1C673687A58ABDAA7B41EB9F3CCCFE6A9357DAD810FE31A155ECD3A7D68A42149B62D475DC75435FB2955AD66DDD3D1F4F474EDCCFFF8D39FCE7C9BFDAD871EAA1D7C7C7CBCE9ACD635FCE928A64F26D784B075EBD6BD7BF7AEE724339479095E43B1EEB22AAC7ABBF1F1AD37723DF9A287AE8D4E85A6D35BABFCD17FF954DBBFB5DCF6ADDD4BB2615A8F5C2746A7B9DA7DAAB79DC0667B2FCCF6307FCE2F64D2EA474BFF7DF35BFE55FDF81FFFC48D8D1F5A7D3EFFF431D343351EBFE961BDDCCEF60996733EF72BD70BBFB1D4B42D386DFF3B62ED5EABAA56B32EE968C78E1DB5D3BEFEFA7765BECDBEF9965B6A079F9A9A6AFABAEB1DFE5C7F59F9D91327D371ADFFA1ABC2655E82DB16E5EEB7477EB2F0B47D4C279D8ED37484FC9E54D143D75E6BA1E954626A7FFDA0D31BB234BDB5FB506C985695EBC4E834CFFBBA22CCF6BE443EDB1BA6C7F73369F5A38DFC24211C3A7CE7C88584F0C14E5FA8CB0934F573ED2037DEF8BB4D9FD2F8DF4EB7B37D82A59DCF7DC9EFC21F6959915BBFD648BBE55B355B8FD8AAD9FCFC7CED9CD367916E8CB3DD69A73D593B789A4F9ABEEE7A873FD71F34FAC4273F991E7C9D6798A1CC4B70BD10D7FF6DBCD1F6CE5E1EDCCBEDFA71DA1E2AF32758F4D075D45A68D28CDEB6C4D45A6BA1D9BA756BFD8A2D7389E957AEF3A1FB3D5DD74BB37DED629EED0D53E8D14C5AED681FFFC407469ABF87F081A62F54FF6FBBF9DC7CCC95EF21BC78FBC61B7FA7D339A777FEF517FE34F327D5FA04CB3C9F7B97D3F5DE584F7A29509DEA8F6AB606B155B3D1D1D1DA69EFDEFDB90CB7D9F537431859F97BB24D5F74BDC3BFBCBC9C9E771EEF8A908E5C9AF0161717D7798619CAAF10D7FFED7467D38DD6FBDB1EB3CBFD8D8B56F74FC9E409163D74DD7429349DDE98BD5E6886ABC4F425D7D9BEFEFBCDF6B58976B637ECE18E64D2EA471BB9B0AD7F43DB0FB53EB2D3098CFC64C79F1EAA7EBB2121341FBCF5F8193EB5A6C3163D7419C8E37A6F3C66EBF15B3FDA691157CDD62CAA6A363333533BF3ABAEBA2AC36F23BCF56D6FAB1D767272B2F58B6630FCB3B3B3EFB8EEBACC1342D9BE8190BC5865B22CC1B52ADC5A913B2D009D743F6CDB756B000B4CE3F18B1EBA55B42D34DDDF983D2D34435762FA92F76CEFE5A33D4E4BB3BD2F71CEF65CB7D1ADB36BA42112AC5ABD471ABE21500B1B4D47E865EA66FEECEA5FAEE8A1CB407ED77BDBA16F3B2BEAB71BEF6F7B9CEE83AB9A358AA79A2D2D2DD5DFB5E0E65B6EC9649BBDFFEE6FD4A750DB1EC866F8D31492ED373EBEF5D043B59C94C9E96565E53A7C44EBB795BFCA24ED0A4DF7372F4CA7E8D09598BE98ED667B95667BC35EAAF8493214AD7209A1F82E1DBA3614A31F4F35DBB97367ED924C23D0FAFFECE923478ED423C7B66DDBDA7EC56C863F0D37575F7D7556BFB25CFB8D93F4EC3339B70CAD5499EF69FDB6A1A832493F6FC8D2345D87A8C4F4CE6C37DBAB34DB1B1242F19364285AE51242F15D3A746D58463F9E6AB679F3E6DA55996EEED7F3FECA6946AAFF62777AA84E3FCF9FD9F0CFCFCFA72161FDEF089D8ED95BDFF6B62FDE71675627962155A6DA5526E9BFD00C6389E991D96EB65769B6D7F7BBE7CF3FACF5D224046D88463F926AB6B0B050FF558A7467DFFDBB259DDAD1C79FA8C7830D1B36CCCDCD75FA72590E7FDAD7E957DD7FF737D61C0FBEF5D04369CC28673C4856AA4CE1557B18DB105599A4CFB7761FC612D323B3DD6CAFD26C6F4808DFD57A69154B08855786616CC335FA9154B374435FBF36D3FD7DBFEFA1966ED1EB3F5C94DAB9736797AF95F1F02F2D2DA523F4A10F7DB8DF6FF73C7BE2E4273EF9C9DA8F2A657B4A19B2BAAC79A5297AE8FAD3E35BBB0F6F89E985D96EB65769B637248479AD9756B984507C7118BA3674A31F4935DBB3674FE35F6EBDEAAAAB3AFD6676D3B70EDE71DD75230DBAC78324F38490ACFCFDD334215C79E558BAE3EFF14F327DF6B6DBD2C7BFEF7DBF978E5CE6E79321ABCB9A579AA287AE6FABBEB5FBB097985599ED667B95667B4342F88ED64BAB5C4228BE380C5D1BC6D18FA19A252B3FD83F3636D6B8DD4F7342BAF76EFD7DE03418FCF1A73FBD75EBD6C607A701A3CB0F17D5E535FC8B8B8BDBB76F4F4FE2AD6F7B5B1A005A7F582ABDE7F6DBFF671A68D2C75C7FFDBBDABED174D9585DD6BCD2143D746BD1E5ADDDAB5162BA33DBCDF62ACDF68684F06DAD9756B984507C7118BA36A4A35FF96A56B3B4B474D34D376DD8B061A49DABAFBEBAD387A6A6A67A7CABB17C877F797979CF9E3DD3D3D3ADEF869DDE93C683D9D9D9D677712BADB4BB9F7FFE50E1857BE8DA905699A4C35BBB57A9C47461B69BED559AED0D09E121AD9756A584A09AA96655AA668DD2BD7EBAC76E9B045AA53D70E0C081DE0F3EACC35F88D1D1D1EF7FFF6F0A2FDC43D786B7CA243F5D68AA5A62DA32DBCDF62ACDF69010926F69BDB42A2504D54C35AB52356BB5BCBC3C3B3B9B4685F1F1F1A654904EFEC9C9C95B6FBDB5C7EF1B341AE2E11FBC8989892FEDBDB5F0C23D5CED3BF35F181B1B2B7AE8D6A556681E3972A4DA25A689D96EB65769B637248407B55E5A9512826AA69A55A99AF5224D0BEB3F48152EFE81D9B163C7CCCC0D855FB7C3D5FE6CD7CD99CCD462A5C5250DE2519518B33DDAD9FED6B7BEB57AB3BD21213CA0F5D2AA941054B368AB59846B77EA9E7BEE49AFDCF5FF0C7F152EFE81595858181B7BCDF3CBF715FEEACE10B5C9C937ECD9B3A7E8A1CB40056A655FCCF668677B3536854D1AF6BBF76BBDB42A2504D52CDA6A96C4B776A75EF5AA57A557EEEFFEEEEFAEF33855B8F807E9A60BB615FEEACEB0B4FF35FB07535313450F5A36AAB152F6C56C8F73B65772AA37EC770F6BBDB42A258444358BB59A25152D685DFCE11FFE61EDCAFD855FF885757EF324AE8E5BBFE5E5E52D5B5E7FE0C0FF28FC059EF2B7C5C57D6363AF595ADA5FF4A06523B62A9398EDB1CEF64A4EF586FDEE21AD9756B184A09AC559CD928A16B44E969696EA7FE4F4B2CB2E7BDDEB5EB79EA345D47159999F9F1F1FBF727E7E4FE1AFF194B9A525262DC773739F297AB832135595A933DB239CED959CEA9B366DAAAD9A73737F9A2407B5EE6D79F9407D9F51F4D06546358BB09A25152D689D4C4E4E36FE21A357BDEA55BB76ED5AF3D122EAB80C1D3870202D343B76BCB7F09779CAD9F6ECF9E4D8D8E8CA4A5C1D51559946667B6CB3BD92537D6A6A6A849E6DD87059EDC6B0FF359B26AA596CD52CA968416B6B6969A9F55AFEC55FFCC5E5E5E5B51D30968ECB5CDAE33333D35BB6BC6ED7AE8F2C2EDE55F84B3E65684B4B5F9D9DFD8F53535B2727B7A4B78B1EA28CC553655A99ED51CDF64A4EF5F9F9F94EEF304A17D5F85DD546AA5954D52CA968416BEB339FF94CEDB2FD955FF995FA25FC4BBFF44B7373736B3B602C1D9793B4DFA7A7DFB269D3CF1553BC4B66E3C69F999A7A635A688A1E965C8C4453653A31DB1B5578B68F5474AA1F3870606C6CACE8893334366DDA343B3B5BF4A0E545356B54E16A9654B7A0B5FAFAD7BFFEF297BF7C747474E3C68D232B9770EA95AF7CA58410BB08FF9ED780C55365889CA90E54465405EDF0E1C30B0B0BC94F9E757A7B3D7FCE28A28EABB0ACDE1D832EA2AA32C4CC54072A23CE8296C9B38EB1E3AA27AB77C7A08B38AB0C1132D581CA88B3A049085C90E1BB63D0459C55860899EA4065C459D02404327E770CBA88B3CA1021531DA88C380B9A8440C6EF8E41177156192264AA039511674193106297F9BB63D0459C55860899EA4065C459D02484D865FEEE18741167952142A63A501971163409217699BF3B065DC459658890A90E54469C054D4220E377C7A08B38AB0C1132D581CA88B3A0490804715E0383A4878984A90E54469C054D422088F31A18243D4C244C75A032E22C681202419CD7C020E9612261AA0395116741931008E2BC0606490F1309531DA88C380B9A844010E73530487A984898EA4065C459D024048238AF8141D2C344C254072A23CE82262110C4790D0C921E2612A63A5019711634098120CE6B6090F4309130D581CA88B3A0490804715E0383A4878984A90E54469C054D422088F31A18243D4C244C75A032E22C681202419CD7C020E9612261AA0395116741931008E2BC0606490F1309531DA88C380B9A844010E73530487A984898EA4065C459D024048238AF8141D2C344C254072A23CE82262110C4790D0C921E2612A63A5019711634098120CE6B6090F4309130D581CA88B3A0490804715E038334F81E36A614A2A88967C203992BA4B0145ECD240482C2A763E575E9E191D5F4F2B0551F338827093D1413131E1816DD8B4955AB59265F5415AE080B6ADEFAEAE1B60FEE7284A60F35FED7C832606B9872263C504EFD96946A54330981C0B29AB7AC1242DB57173A7DA8F0D7218850B609C184070A94614218A26A96C95754822BC26A9AB7DE7BB8D323BB1C61A4EBAB0E069741CA6441ED7E1C131E188CBEEA4965AA998440604DCD5B8F3DDCF4BA42EB11BABC08D178042FA652947E1754131E28ADBE5EDDAB4C35CBE4EB2AC415614DCD5B2F3DDC542F9A3EA56DE9695B62D6F0A5212B7D2DA889090F94588FF5A462D54C4220B0A6E66DD51E6E5B595A6FF752624AF2220471EA6B414D4C78A0C47A7F752FA95035931008ACA979EBD2C34D55A06D11491AAA496BF9687B70634A217A09C3263C3014BA1796AA56330981A0F0E95879BDF770A74776CF188D375A5FCF30BE0C4CBF93CD84074AABAF6252996A2621105850F3564842E87227E4A4C084D0E54E8035282A2174B97300240402AB69DE724A089DBE59D9E3B7322173B92604131E18A4FC124299AB9984406035CD9B1E2612A63A5019711634098120CE6B6090F4309130D581CA88B3A0490804715E0383A4878984A90E54469C054D422088F31A18243D4C244C75A032E22C681202419CD7C020E9612261AA0395116741931008E2BC0606490F1309531DA88C380B9A844010E73530487A984898EA4065C459D024048238AF8141D2C344C254072A23CE82262110C4790D0C921E2612A63A5019711634098120CE6B6090F4309130D581CA88B3A0490804715E0383A4878984A90E54469C054D422088F31A18243D4C244C75A032E22C681202419CD7C020E9612261AA0395116741931008E2BC0606490F1309531DA88C380B9A844010E73530487A984898EA4065C459D024048238AF8141D2C344C254072A23CE82262110C4790D0C921E2612A63A5019711634098120CE6B6090F4309130D581CA88B3A0490804715E0383A4878984A90E54469C054D422088F31A18243D4C244C75A032E22C681202419CD7C020E9612261AA0395116741931008E2BC0606490F1309531DA88C380B9A844010E73530487A984898EA4065C459D024048238AF8141D2C344C254072A23CE82262110C4790D0C921E2612A63A5019711634098120CE6B6090F4309130D581CA88B3A0490804715E0383A4878984A90E54469C054D422088F31A18243D4C244C75A032E22C681202419CD7C020E9612261AA0395116741931008E2BC0606490F1309531DA88C380B9A844010E73530487A984898EA4065C459D024048238AF8141D2C344C254072A23CE82262110C4790D0C921E2612A63A5019711634098120CE6B6090F4309130D581CA88B3A0490804715E0383A4878984A90E54469C054D422088F31A18243D4C244C75A032E22C681202419CD7C020E9612261AA0395116741931008E2BC0606490F1309531DA88C380B9A844010E73590B7D9D9D9B463376CD8303E3E9EDED8B46953FAEFCB5EF6B2F9F9F9A24F0DF2A2980043CDDA2D211058D4F3F0F9CF7F7EA4C5B5D75EBB67CF9EA24F0DF2A2980043CDDA2D211058D4F3B0BCBCFCD297BEB4B1C4BCF6B5AFDDB469D3D2D252D1A70679514C80A166ED9610082CEA39F9C0073E70C92597D4ABCC7BDEF39E999999A24F0A72A49800C32EF2B55B4220B0A8E7E78A2BAEA89598EBAEBB6E7474747979B9E833821C29264005C4BC764B080416F5FC7CED6B5FBBF4D24BD31E9E989888E7A718899662025440CC6BB784406051CFD51BDEF0865A9529FA4420778A09500DD1AEDD120281453D578B8B8B690FC7F387D2889962025443B46BB784406051CF9B1E2612A63A50197116340981A0AAD7C0F2F2F2ECECECD4D4D4962D5B4647475BFFC27124D2E79EF6C0E4E4E4AE5DBBE2F97B6D1462A4A2C50418186B774D516BF78884405D26B3A16CF6EEDD9B5E5D6989B9FDF6DBBFBC6FDF23478E9C3E7326CE963EF7B40776EFDE7DFDF5D7A77D92D69AA20787CAAA64310106C6DA5DF8DA2D2110546C514FA3F6F4F4F4D6AD5B8F3E7EF4F499D35A637BEAD85369AD493B677171B1E881A2822A564C8081B1769764ED961008AAB4A8A725667C7CFCB3B77DE6F499535AA7F6C53BBE78F5D5572F2C2C143D5C544D958A093030D6EEF2ACDD1202419516F5E9E9E99512F382D6BD7D79DF5DD75CF32F8B1E2EAAA64AC50418186B7779D66E0981A0328BFADEBD7BB76E7DE399B3CB5A2FEDFDBFFFEF6FB9E563450F1A95529962020C4CE3DADDFAD1343CD47E73F7BDEF7D6FEB470B5F49ABB7764B0804D558D49797974747471F7F62E1CCD9E7B55EDA89933FBEEAAAD746F8C79EC94F358A0930304D6B77FDFE8F7CE423BB77EF4E6FBCFEF5AFFFD297F6FEFD3DF75C71C515E97FBFF0852FA475E6F4E9D3B58715BE92566FED961008AAB1A8EFDAB56B7A7AFACCD9E7EAEDDA8937F7F837C51A3F2BAA76CB2DFF616666A6E8A1A33AAA514C8081695ABBD37B4E9E3C595F9DE7E6E6D27FBFFEF5AFFFE007472FB9E492BD7BF7A6FFDDB76F5FFAEFD34F3F9D5C4808C5AFA4155BBB2504826A2CEA939393BB3FF7E7F5EBE7DA376EFD872479EC5CF2BD33C9B74F25F79F4AEE3B7176E7E7BEF2374F3C73CFE9E4EF97937B9693FDCF2577BD90FCD1FE07DFBDEDB70BBFE00B69DF3C78607C7CBCE8A1A33AAA514C8081695ABBD37B9E78E289B492DC75D7978F1D3B96DE78C73BDEF1D4B163A7CF9CB9FEFA77A5FF3D7AF4F1679F3D91DE3872E448126B42C875ED961008AAB1A88F8D8D3DF4D0A133674FD65AFAA44E24C9C9F3C9336793A74F2769D5F9771FFCF0C84B5EBEF98D934F9C498E9E4A8EBE902C2C278F9C4DFEF2EFEE5FF936C2C908DB8993C7376CD850F4D0511DD52826C0C034ADDDB53B3FFAD18FBEF4A52F3D7EFCC277099E7EFAC7B5EF273CF9E493E97F4F9D3A95DEFEEA57BF5A7B64E1CB68F5D66E0981A01A8BFAC68D1B8F1D7FE2CCD913B5963EA9E7CE25A7CE5DF8D0D9F317FEFDC29DFFFB9FFCD37F7EE3CD9F389B24CF9E4D9E39933C7D26594A92BBEE7D6025219C88B35563F42909D309E84BD3DABD6FDFBECF7EF6B3B51F2E7AEEB9E777EDFA6FE98DB7BCE52D939393E98DFFF49FFEE085175E486FDC79E79DB7DE7AEB5FFCC55F14BE86566FED961008AAB1A8AFECF29FADB7F4BF27CF26C79F4F4E9F7BF1014B4B4BFFF9537FF2B18F7FEAE80F2FBCE1C899F3C9E995E4F08D6FDEDFF4B951B56A8C3E25613A017D695DBB6BF6ECD973ECD8F1F4C6473EF291DA236FBEF9E6F4BF8F3CF2C891471F6DF835C2E297D18AADDD1202413516F5954AF17FEAED424238973CF55CF2A313C99924397DEAD4D895578E8C5C3C32B2E1EDFFF6FAC64FBCEFE0A1A6CF8DAA5563F42909D309E84BEBDA7DE2E4F3F50FBDE94D6F3A77EEC5D7F9D21BEF7CE73BEB45A6F6DB0885AFA1D55BBB2504826A2CEA2B95E2997AABFD94D1F1E7931F3E9B3CF94272DF438F5E71C515175F72D9E5AFF8F9A977FE5442B8F79B079B3E37AA568DD1A7244C27A02FAD6B77CD77BF3B9FFEFBEBBFFEEB8D09E1377FF337D33B97965E7CD8073FF8C1C2D7D0EAADDD1202413516F5952AB3546FE97F9F3F9F3CBD7CE17B084FBD90ECBB77FE57AE7ADDCFFFE357BE62E33FFA93FFFE972F24C98953C973A72E7CE2FE03F7367D6E54AD1AA34F192C2E2E6EDAB4A9E8B3008649D3FA5BBB73DBB66DF7DE7BDF334B1756A88F7EF4A3B53B6FB9E596DA9F307AE8A16FA7C9212D38C985DF542E7E19ADD8DA2D211054638F983E8BB3677F5C6FB52795868467CE243F3E9DFCF0D933DF7870E1AA7FF1FA6B7FEDDF3C792AF9D172F2E47272FC54926684FDF7DCDBF4B951B56A8C3E65B0B0B0303A3A5AF45900C3A469FDFDC10F7EF0CE956F143CB97422FDE8676EFBB3F4F6E4E4E46FFCC66FA4376EBEF9E6E4C21B263CF7A637BDE9E77EEEE70E1E3C58F81A5ABDB55B4220A8C61EB1A9CA6CB9F69A07BEF3BDFB1E9C3F7078FEEE83F3771F7AF81B0F1CF9DB7BBEFD770F7EFF6B071FFEFAC1EFDE7DE8BB07EE7FF8C1EFFDE0D3FFF5B6775CF78EC2AFF6EA551962B377EFDE898989A2CF0218264D6BF7830F3E78E19E24F9D1D27307BEF9C0C9D3C9DF7CF540ED678A1E7DF4D1F3E793BBEFBEFB4B5FFAD28913177E09E1AFFEEAAF0A5F43ABB7764B0804D5D823AE5499A71BDBEFFCCE6F8FF4E037DEFEF6A64F8CAA5563F429839B56147D16C030695ABBD37B3EF8C10FD656E7CD9B37A7F1204D0B4BCF9D7EE6E472FAA16BFFD5BF1E1F1F7FCD6B5E937EF4861B6E48EF297C0DADDEDA2D211054638FB852658E6BFDB66A8C3E65303131B177EFDEA2CF0218264D6B7772E187884EBEF3377F736E6EEE95AF7CE5FCA347979E3F550B0CCF9C7CE1FE07BF7DC51557A48FB9F3CE3B8F1D3B965C4808C52FA3155BBB2504826AEC112F549973C7B47E5B35469FC22D2E2E8E8E8E2E2F2F177D22C030695ABBEBF79F3B776EF3E6CDFFCFFFBBFD57B7FC5A7AE3539FFAD4FFF5AAD1F9471EFD67FFF795C78F1FAF3FACF035B47A6BB78440508D3DE24A95794AEBB75563F429DCCE9D3BB76FDF5EF4590043A669EDAEDF9F26843BEEB8A3F6DD8303070E2CADFC5DA3D4BE7DFB4E9F3E5D7F58E16B68F5D66E0981A01A7BC4952AF3A4D66FABC6E853ACE5E5E5D1D1D1DA1F1F04E89DB5BB6C6BB78440508D3DE24A95F991D66FABC6E853ACE9E9E95DBB76157D16C0F0B176976DED961008AAB1475CA9328B5ABFADD3E8BFF7BDEFDDBF7FFF80079161B473E7CE6DDBB6157D16C050B27667BB76673222191C64FD87A00C2484985BD3E83FF6D863AF7EF5AB6B3FEE79F1C5170B0974B1BCBC3C3D3D2D1E006B66EDCE64EDCE76443238C8FA0F4119542821FC43B6ADF1986DDF4BA1CB837B3C6C973BF378466DBF6EBD0FDFF9CE77363EBB97BCE4250F3CF04081634A692D2D2DEDDCB9737474D40F1701EB3198956E0D8B7E7E7B80CCD7EECC47248383ACFF1094416512C2B9733FCCBCD50FDB7AFCDA3DAD25A3E9CE2EC7ECF1809D8E93D5134C56FEB6F4A5975EDAF8E55EFEF2975F72C925458F2AE5323737B763C78EC9C9C9341B6CDFBEDDAF2603EB94DFDADD45D3E2DE65CDCD630F90E1DA9DD388647090F51F8232C86F9E0DD2CA75F8447EAD7EFC4E37EAFFB63EA07E7F8732B4CA57CCFB796DDCB8B17B3105809CE4BA64F7B59A77F9DC2E9F35D2C31E208F2798DF6E2A8383ACFF1094417EF36C90562EC5C7F36BB5E33754B4C7EB5FB1A5D83DDEF4801E6F37DED97ACCFC9E57DA7BFBF7EFFFD99FFDD98B2FBEB8FE152FBAE8A2CB2FBFBCE85105A0CA725AE0BA1CB6E9438D4B79974F5FE71E20A7B53BA711C9E020EB3F046550A1847034DBF693ABFDC5DB9D6ED41FD9744FD3A1BADF6EFAF4D623E4D41A47FF631FFBD825975CD298139696960A1C5300AA2DA795AE696D6DBB9A777A7C1E7B805CD7EECC47248383ACFF1094418512C20F326FF5C3B6BEAEDFF8A12EFF76F9F4C683347E56F78765FE041BBB318D04D75C734D1A122EBFFCF2342DFCF99FFF7951030A40E50D60ED6E7BA375F16DFBDFACF60079AFDDD98E48060759FF21280309A1AF2AD3F4A12E6568D53B7B7970215566FFFEFD37DC70C3CCCCCCE0C71180781495101A17F15577FFEBDF030C66EDCE6A443238C8FA0F41195428213C9679AB1FB676A3A17634DFD3B9CAFCD4717AB9DDE920393DC1A2870E80480D60EDEEB21C373DBEF53159ED018668EDCEE4C8361615518D3DE285EBF0FC42E6AD7ED8DA8DD67F3B3DBEF5FE8EE5A3C3D75AF598593DC1A2870E8048E5BD76F7F2A1B60B7DB67B80215ABB2504826AEC11572ECBEF67DE7EB289FF7EFDDFA67BEA0F6B7C7CE3C39A1ED0CBED762922FBA756FF5A450F1D0091CA6FED5EF5438DCB7AA74FCC6A0F30446BB78440508D3DE2CAA5F868E6AD7ED8D6E337DED3E5615D8ED97A7FED434D0FC8E9A9D50F5EF4D00110A9FCD6EE2EEA0B6BEBBFBD2FEE6BDE03947CED961008AAB1475CB92C8FE4D49A0EDE50658E8CAC66D5A3B5DEDFF8804E07C9F0A9153D7400442AA705AECB615B3FD4BACEAEFADFF5EC014ABE764B0804D5D823AE5C878F68FDB66A8C3E00C3C8DA5DB6B55B4220A8C61E71A5CA7C4FEBB75563F4011846D6EEB2ADDD12024135F688AA4CD9AA0C007467ED2EDBDA2D211054638F983E8BF3E71FD6FA6DD5187D008691B5BB6C6BB78440508D3DE24A95F9AED66FABC6E803308CACDD655BBB2504826AEC1157AACCBCD66FABC6E803308CACDD655BBB2504826AEC1157AACC77B47E5B35461F806164ED2EDBDA2D211054638FB861C386E79F3F74FEFCB7B5BE5A35461F806164ED2EDBDA2D211054638F383A3AFAFDEFFFCDF9F30F697DB56A8C3E00C3C8DA5DB6B55B4220A8C61E716262E24B7B6F3D9F7C4BEBBD7D67FE0B636363450F1D0091B276976DED961008AA911076ECD831337343E1D7ED70B53FDB75F3F4F474D1430740A4ACDD655BBB2504826A2484858585B1B1D73CBF7CDFF9E441ADC73639F9863D7BF6143D740044CADA5DB6B55B4220A8464248DD74C1B6F3C9035A2FED7FCDFEC1D4D444D1830640D4ACDDA55ABB250482CA2484E5E5E52D5B5E7FE0C0FF4892FBB5EE6D7171DFD8D86B9696F6173D680044CDDA5DAAB55B4220A84C4248CDCFCF8F8F5F393FBF27490E6B9D5A5A62D2723C37F799A2870B00ACDD255ABB2504822A2584D4810307D242B363C77B93E490D6DAF6ECF9E4D8D8E8DCDC9F163D5000F0226B7749D66E0981A062092159F996E5CCCCF4962DAFDBB5EB238B8B7725C9416D69E9ABB3B3FF716A6AEBE4E496F476D14304003FC5DA5D86B55B4220A85E42A8999B9B9B9E7ECBA64D3F37C2C8C8C68D3F3335F5C6B4D0143D2C00D091B5BBD1E0D7EE110981BA4C66035D78CF0100A0FC24040209216F7A1800283F0981C0FE356F7A1800283F0981C0FE356F7A1800283F0981C0FE356F7A1800283F0981C0FE356F7A1800283F0981C0FE356F7A1800283F0981C0FE356F7A1800283F0981C0FE356F7A1800283F0981C0FE356F7A1800283F0981C0FE356F7A1800283F0981C0FE356F7A1800283F0981C0FE356F7A1800283F0981C0FE356F7A1800283F0981C0FE356F7A1800283F0981C0FE356F7A1800283F0981C0FE356F7A1800283F0981C0FE356F7A1800283F0981C0FE356F7A1800283F0981C0FE356F7A1800283F0981C0FE356F7A1800283F0981C0FE356F7A1800283F0981C0FE356F7A1800283F0981C0FE356F7A1800283F0981C0FE356F7A1800283F0981C0FE356F7A1800283F0981C0FE356F7A1800283F0981C0FE356F7A1800283F0981C0FE356F7A1800283F0981C0FE356F7A1800283F0981C0FE356F7A1800283F0981C0FE356F7A1800283F0981C0FE356F7A1800283F0981C0FE356F7A1800283F0981C0FE356F7A1800283F0981C0FE356F7A1800283F0981C0FE356F7A1800283F0981C0FE356F7A1800283F0981C0FE356F7A1800283F0981C0FE356F7A1800283F0981C0FE356F7A1800283F0981C0FE356F7A1800283F0981C0FE356F7A1800283F0981C0FE356F7A1800283F0981C0FE356F7A1800283F0981C0FE356F7A1800283F0981C0FE356F7A1800283F0981C0FE356F7A1800283F0981C0FE356F7A1800283F0981C0FE356F7A1800283F0981C0FE356F7A1800283F0981C0FE356F7A1800283F0981C0FE356F7A1800283F0981C0FE356F7A1800283F0981C0FE356F7A1800283F0981C0FE356F7A1800283F0981C0FE356F7A1800283F0981C0FE350FB3B3B369C76ED8B0617C7C3CBDB169D3A6F4DF97BDEC65F3F3F3459F1A00401B120281849087CF7FFEF3232DAEBDF6DA3D7BF6147D6A00006D48080412421E9697975FFAD29736C683D7BEF6B59B366D5A5A5A2AFAD40000DA90100824849C7CE0031FB8E4924BEA09E13DEF79CFCCCC4CD1270500D09E84402021E4E78A2BAEA8C583EBAEBB6E7474747979B9E8330200684F42209010F2F3B5AF7DEDD24B2F4D7B786262C26F200000652621104808B97AC31BDE504B08459F080040371202818490ABC5C5C5B487FD915300A0E424040209216F7A1800283F0981609DB3A1F10F7AF672E4F5DC398C5BEDA5A5A5E9E9697FE4147AD7FD4AAF70B90028968440D0EF6C687A17B01E1FB3EAE3BBDCDFFAD6635D0E552A6930B8E69A6B3E7BDB6D5BB66C1112884D8FD76CFDFE2E37DA3EBEEDFDC35B2E000A272110AC6736F4FEB96D5FE1EB772D1FAE65BE160FEEFBE6C1D367CEA6FF0A0944A869AFDFE9326F7D58F2D3D77BE5CB0540194808041B366CE8FDEFF47759A71B57EBA6A53DE9901056BDDDE5EBF678C245698C07B5262410A1D69AD0A920B4FDACB6F754AF5C0094848440303A3ABAB0B0D0FBE37B5CAA9BF601BDA488A6DBAD4BFBB0ACF4ADF14048204E9D2EFC4E75A0F7171D9A6E0F6FB900280F0981607C7CFCF0E1C3BD3FBEED2ADEB496B7DEDFFAC2E1AAC769FCACEE0F2B954EF140482042AD5BFCB6A5A0E946DB0F55B25C00944A26D552C1AD8874C33A3737D7FBE3DB2EED49D7D53DE9BA2DE8E5F6C890BC3AD83D1E0809C4A6758FDE5A0ADA3EB8ED67F5787B58CA0540A92C2E2E6EDAB469FDC751732B627A7A7AD7AE5DBD3FBEC717F39AEE5F7F4228FF2B82BDC4032181A8B4EEDABB2784553FBD97DB43512E00CA66616161747474FDC751732B228D07694858DBE7765F7A5B17EF2E29A253D268FB854AB8E4F71E0F8404E2D1B46B6FBAB3E9615DAA41C5CA054009EDDDBB77626262FDC751732B627E7E7E6C6CACF7C7F7BE5477FAB7F1313DDEEEF2B5CAA0DF782024108355B7F24DFFED941C926A950B8072BA69C5FA8FA3E65647BFBFAC5CD776E96D5DD4BBEC0056BDBF355A74797C21D6160F8404A2D2540456DDFA77BAA7D39DC990940B80D29A9898D8BB77EFFA8FA3E656C7CE9D3BB76FDFDECB23BB7C03A1F565C2EEDF37683A6CF7FBDB1EB90C5AE3C117EFB8F3CA2BC71E3972A46D2478EAD8F1ABAEBAEAB3B7DD262410955EAA41EBCEBEDF84D0FA8052950B80D25A5C5C1C1D1DEDFD0DB2BA5073AB239D10E9B4482747D1273264DAC6830D1B36A43B9257BF7AB43524D4E2416DCB2224000025D1FB8BC5AB92102A656E6E2EDDA4167D16C3A44B3CA8690A098DF1404800004A22DB578A2584AAB9E9A69BB28A8F95D71A0F9E3D7172D3A64D4D3F73550F09ADF12095C689A38F3F2124000005EAF70FDF77272154D0CCCCCCC4C4844D6A779D7E3539BD67E3C68DAD21E1E0A1436DE3C117EFB8D32F2E030005DAB973E7B66DDB323CA084504D7BF7EE1D1D1DBDE9A69BFC5A425BDDFF7251DB9070D96597F5120F8404006060969797A7A7A7B38D0789845061E9F6344D08694E989898486FCCCDCD157D4665D1CB1F366D1B127A8C0742020090B7748FB173E7CE74A797E10F17D54908159726CBBD7BF7A60921DDAD76D9EFC6A3F7F73DE81212568D074202009087B9B9B91D3B764C4E4EA6D960FBF6ED39FDB48884405CD278F0E57D5FE9F1ADD0FE76EEAB175F7C71533CB8E8A28B6EBBEDCF7A3C42FAB5B6ACC83DFA0000114837153333337BF6ECC9F525480981B81C3E7C380D094F1D3BBEEAE6BEED5F2EAA69FB3E096D8F905EC66B7BA36B0080A2480844A79790D0251EF41812C4030060484908C4A87B48681B0F2EBAE8A2DE43827800000C2F098148750A099DDE16ED8FFECBA7DABE4F426B48100F0080A1262110AFD690D0291ED4FE7251A737536B0C09E2010030EC2404A2D61A12AEBFFE5D6DE341A73F81BA75EBD6674F9C140F0080CA9010885D9790D0F67D0F1A4382780000548F8400ED434297B745AB8504F10000A82409012E680D09DDDF77F95B0F3D241E0000952421C08B7A7F33357FB90800A8300901827E4382780000548F84003FA5F790201E000095242140B35E4282780000549584006D740F09E2010050611202B4D7292488070040B54908D0516B48100F0080CA9310A09BC690201E00003190106015B590F0C89123E201001003090156970683D1D151F10000888184000000041202000010480800004020210000008184000000041202000010480800004020210000008184000000041202000010480800004020210000008184000000041202000010480800004020210000008184000000041202000010480800004020210000008184000000041202000010480800004020210000008184000000041202000010480800004020210000008184000000041202000010480800004020210000008184000000041202000010480800004020210000008184000000041202000010FCFF29A8CC061A3D04C10000000049454E44AE426082, '0');
INSERT INTO `act_ge_bytearray` VALUES ('200014', '1', 'Vacation.bpmn', '200013', 0x3C3F786D6C2076657273696F6E3D22312E302220656E636F64696E673D225554462D38223F3E0A3C646566696E6974696F6E7320786D6C6E733D22687474703A2F2F7777772E6F6D672E6F72672F737065632F42504D4E2F32303130303532342F4D4F44454C2220786D6C6E733A7873693D22687474703A2F2F7777772E77332E6F72672F323030312F584D4C536368656D612D696E7374616E63652220786D6C6E733A7873643D22687474703A2F2F7777772E77332E6F72672F323030312F584D4C536368656D612220786D6C6E733A61637469766974693D22687474703A2F2F61637469766974692E6F72672F62706D6E2220786D6C6E733A62706D6E64693D22687474703A2F2F7777772E6F6D672E6F72672F737065632F42504D4E2F32303130303532342F44492220786D6C6E733A6F6D6764633D22687474703A2F2F7777772E6F6D672E6F72672F737065632F44442F32303130303532342F44432220786D6C6E733A6F6D6764693D22687474703A2F2F7777772E6F6D672E6F72672F737065632F44442F32303130303532342F44492220747970654C616E67756167653D22687474703A2F2F7777772E77332E6F72672F323030312F584D4C536368656D61222065787072657373696F6E4C616E67756167653D22687474703A2F2F7777772E77332E6F72672F313939392F585061746822207461726765744E616D6573706163653D22687474703A2F2F7777772E61637469766974692E6F72672F74657374223E0A20203C70726F636573732069643D22636F6D2E7A6D6C2E6F612E7661636174696F6E22206E616D653D22E8AFB7E58187E6B581E7A88B2220697345786563757461626C653D2274727565223E0A202020203C646F63756D656E746174696F6E3EE8AFB7E58187E6B581E7A88BE6BC94E7A4BA3C2F646F63756D656E746174696F6E3E0A202020203C73746172744576656E742069643D2273746172746576656E743122206E616D653D225374617274222061637469766974693A696E69746961746F723D226170706C79557365724964223E3C2F73746172744576656E743E0A202020203C6578636C7573697665476174657761792069643D226578636C7573697665676174657761793122206E616D653D224578636C75736976652047617465776179223E3C2F6578636C7573697665476174657761793E0A202020203C73657175656E6365466C6F772069643D22666C6F77322220736F757263655265663D2273746172746576656E743122207461726765745265663D226578636C75736976656761746577617931223E3C2F73657175656E6365466C6F773E0A202020203C757365725461736B2069643D226D616E61676572417564697422206E616D653D22E7BB8FE79086E5AEA1E689B9223E0A2020202020203C646F63756D656E746174696F6E3EE8AFB7E58187E5A4A9E695B0E5B08FE4BA8EE7AD89E4BA8E33E5A4A9EFBC8CE794B1E68891E5AEA1E689B9E380823C2F646F63756D656E746174696F6E3E0A2020202020203C657874656E73696F6E456C656D656E74733E0A20202020202020203C61637469766974693A7461736B4C697374656E6572206576656E743D22637265617465222064656C656761746545787072657373696F6E3D22247B757365725461736B4C697374656E65727D223E3C2F61637469766974693A7461736B4C697374656E65723E0A2020202020203C2F657874656E73696F6E456C656D656E74733E0A202020203C2F757365725461736B3E0A202020203C73657175656E6365466C6F772069643D22666C6F773322206E616D653D22E5B08FE4BA8EE7AD89E4BA8E33E5A4A92220736F757263655265663D226578636C7573697665676174657761793122207461726765745265663D226D616E616765724175646974223E0A2020202020203C636F6E646974696F6E45787072657373696F6E207873693A747970653D2274466F726D616C45787072657373696F6E223E3C215B43444154415B247B656E746974792E64617973203C3D20337D5D5D3E3C2F636F6E646974696F6E45787072657373696F6E3E0A202020203C2F73657175656E6365466C6F773E0A202020203C757365725461736B2069643D226469726563746F72417564697422206E616D653D22E680BBE79B91E5AEA1E689B9223E0A2020202020203C646F63756D656E746174696F6E3EE8AFB7E58187E5A4A9E695B0E5A4A7E4BA8E33E5A4A9EFBC8CE794B1E68891E5AEA1E689B9E380823C2F646F63756D656E746174696F6E3E0A2020202020203C657874656E73696F6E456C656D656E74733E0A20202020202020203C61637469766974693A7461736B4C697374656E6572206576656E743D22637265617465222064656C656761746545787072657373696F6E3D22247B757365725461736B4C697374656E65727D223E3C2F61637469766974693A7461736B4C697374656E65723E0A2020202020203C2F657874656E73696F6E456C656D656E74733E0A202020203C2F757365725461736B3E0A202020203C73657175656E6365466C6F772069643D22666C6F773422206E616D653D22E5A4A7E4BA8E33E5A4A92220736F757263655265663D226578636C7573697665676174657761793122207461726765745265663D226469726563746F724175646974223E0A2020202020203C636F6E646974696F6E45787072657373696F6E207873693A747970653D2274466F726D616C45787072657373696F6E223E3C215B43444154415B247B656E746974792E64617973203E20337D5D5D3E3C2F636F6E646974696F6E45787072657373696F6E3E0A202020203C2F73657175656E6365466C6F773E0A202020203C757365725461736B2069643D226D6F646966794170706C7922206E616D653D22E8B083E695B4E794B3E8AFB7222061637469766974693A61737369676E65653D22247B6170706C795573657249647D223E3C2F757365725461736B3E0A202020203C73657175656E6365466C6F772069643D22666C6F773522206E616D653D22E9878DE696B0E794B3E8AFB72220736F757263655265663D226D6F646966794170706C7922207461726765745265663D226578636C75736976656761746577617931223E0A2020202020203C636F6E646974696F6E45787072657373696F6E207873693A747970653D2274466F726D616C45787072657373696F6E223E3C215B43444154415B247B72654170706C797D5D5D3E3C2F636F6E646974696F6E45787072657373696F6E3E0A202020203C2F73657175656E6365466C6F773E0A202020203C6578636C7573697665476174657761792069643D226578636C7573697665676174657761793222206E616D653D224578636C75736976652047617465776179223E3C2F6578636C7573697665476174657761793E0A202020203C73657175656E6365466C6F772069643D22666C6F77362220736F757263655265663D226D616E61676572417564697422207461726765745265663D226578636C75736976656761746577617932223E3C2F73657175656E6365466C6F773E0A202020203C6578636C7573697665476174657761792069643D226578636C7573697665676174657761793322206E616D653D224578636C75736976652047617465776179223E3C2F6578636C7573697665476174657761793E0A202020203C73657175656E6365466C6F772069643D22666C6F77372220736F757263655265663D226469726563746F72417564697422207461726765745265663D226578636C75736976656761746577617933223E3C2F73657175656E6365466C6F773E0A202020203C757365725461736B2069643D226872417564697422206E616D653D22E4BABAE58A9BE8B584E6BA90E5AEA1E689B9223E0A2020202020203C657874656E73696F6E456C656D656E74733E0A20202020202020203C61637469766974693A7461736B4C697374656E6572206576656E743D22637265617465222064656C656761746545787072657373696F6E3D22247B757365725461736B4C697374656E65727D223E3C2F61637469766974693A7461736B4C697374656E65723E0A2020202020203C2F657874656E73696F6E456C656D656E74733E0A202020203C2F757365725461736B3E0A202020203C73657175656E6365466C6F772069643D22666C6F773822206E616D653D22E5908CE6848F2220736F757263655265663D226578636C7573697665676174657761793222207461726765745265663D2268724175646974223E0A2020202020203C636F6E646974696F6E45787072657373696F6E207873693A747970653D2274466F726D616C45787072657373696F6E223E3C215B43444154415B247B6973506173737D5D5D3E3C2F636F6E646974696F6E45787072657373696F6E3E0A202020203C2F73657175656E6365466C6F773E0A202020203C73657175656E6365466C6F772069643D22666C6F773922206E616D653D22E5908CE6848F2220736F757263655265663D226578636C7573697665676174657761793322207461726765745265663D2268724175646974223E0A2020202020203C636F6E646974696F6E45787072657373696F6E207873693A747970653D2274466F726D616C45787072657373696F6E223E3C215B43444154415B247B6973506173737D5D5D3E3C2F636F6E646974696F6E45787072657373696F6E3E0A202020203C2F73657175656E6365466C6F773E0A202020203C73657175656E6365466C6F772069643D22666C6F77313022206E616D653D22E4B88DE5908CE6848F2220736F757263655265663D226578636C7573697665676174657761793322207461726765745265663D226D6F646966794170706C79223E0A2020202020203C636F6E646974696F6E45787072657373696F6E207873693A747970653D2274466F726D616C45787072657373696F6E223E3C215B43444154415B247B216973506173737D5D5D3E3C2F636F6E646974696F6E45787072657373696F6E3E0A202020203C2F73657175656E6365466C6F773E0A202020203C73657175656E6365466C6F772069643D22666C6F77313122206E616D653D22E4B88DE5908CE6848F2220736F757263655265663D226578636C7573697665676174657761793222207461726765745265663D226D6F646966794170706C79223E0A2020202020203C636F6E646974696F6E45787072657373696F6E207873693A747970653D2274466F726D616C45787072657373696F6E223E3C215B43444154415B247B216973506173737D5D5D3E3C2F636F6E646974696F6E45787072657373696F6E3E0A202020203C2F73657175656E6365466C6F773E0A202020203C6578636C7573697665476174657761792069643D226578636C7573697665676174657761793422206E616D653D224578636C75736976652047617465776179223E3C2F6578636C7573697665476174657761793E0A202020203C73657175656E6365466C6F772069643D22666C6F7731332220736F757263655265663D226872417564697422207461726765745265663D226578636C75736976656761746577617934223E3C2F73657175656E6365466C6F773E0A202020203C73657175656E6365466C6F772069643D22666C6F77313422206E616D653D22E4B88DE5908CE6848F2220736F757263655265663D226578636C7573697665676174657761793422207461726765745265663D226D6F646966794170706C79223E0A2020202020203C636F6E646974696F6E45787072657373696F6E207873693A747970653D2274466F726D616C45787072657373696F6E223E3C215B43444154415B247B216973506173737D5D5D3E3C2F636F6E646974696F6E45787072657373696F6E3E0A202020203C2F73657175656E6365466C6F773E0A202020203C656E644576656E742069643D22656E646576656E743122206E616D653D22456E64223E3C2F656E644576656E743E0A202020203C73657175656E6365466C6F772069643D22666C6F77313522206E616D653D22E5908CE6848F2220736F757263655265663D226578636C7573697665676174657761793422207461726765745265663D22656E646576656E7431223E0A2020202020203C636F6E646974696F6E45787072657373696F6E207873693A747970653D2274466F726D616C45787072657373696F6E223E3C215B43444154415B247B6973506173737D5D5D3E3C2F636F6E646974696F6E45787072657373696F6E3E0A202020203C2F73657175656E6365466C6F773E0A202020203C73657175656E6365466C6F772069643D22666C6F77313622206E616D653D22E7BB93E69D9FE794B3E8AFB72220736F757263655265663D226D6F646966794170706C7922207461726765745265663D22656E646576656E7431223E0A2020202020203C636F6E646974696F6E45787072657373696F6E207873693A747970653D2274466F726D616C45787072657373696F6E223E3C215B43444154415B247B2172654170706C797D5D5D3E3C2F636F6E646974696F6E45787072657373696F6E3E0A202020203C2F73657175656E6365466C6F773E0A20203C2F70726F636573733E0A20203C62706D6E64693A42504D4E4469616772616D2069643D2242504D4E4469616772616D5F636F6D2E7A6D6C2E6F612E7661636174696F6E223E0A202020203C62706D6E64693A42504D4E506C616E652062706D6E456C656D656E743D22636F6D2E7A6D6C2E6F612E7661636174696F6E222069643D2242504D4E506C616E655F636F6D2E7A6D6C2E6F612E7661636174696F6E223E0A2020202020203C62706D6E64693A42504D4E53686170652062706D6E456C656D656E743D2273746172746576656E7431222069643D2242504D4E53686170655F73746172746576656E7431223E0A20202020202020203C6F6D6764633A426F756E6473206865696768743D2233352E30222077696474683D2233352E302220783D2238302E302220793D223234302E30223E3C2F6F6D6764633A426F756E64733E0A2020202020203C2F62706D6E64693A42504D4E53686170653E0A2020202020203C62706D6E64693A42504D4E53686170652062706D6E456C656D656E743D226578636C75736976656761746577617931222069643D2242504D4E53686170655F6578636C75736976656761746577617931223E0A20202020202020203C6F6D6764633A426F756E6473206865696768743D2234302E30222077696474683D2234302E302220783D223136302E302220793D223233382E30223E3C2F6F6D6764633A426F756E64733E0A2020202020203C2F62706D6E64693A42504D4E53686170653E0A2020202020203C62706D6E64693A42504D4E53686170652062706D6E456C656D656E743D226D616E616765724175646974222069643D2242504D4E53686170655F6D616E616765724175646974223E0A20202020202020203C6F6D6764633A426F756E6473206865696768743D2235352E30222077696474683D223130352E302220783D223235302E302220793D223134302E30223E3C2F6F6D6764633A426F756E64733E0A2020202020203C2F62706D6E64693A42504D4E53686170653E0A2020202020203C62706D6E64693A42504D4E53686170652062706D6E456C656D656E743D226469726563746F724175646974222069643D2242504D4E53686170655F6469726563746F724175646974223E0A20202020202020203C6F6D6764633A426F756E6473206865696768743D2235352E30222077696474683D223130352E302220783D223235302E302220793D223233312E30223E3C2F6F6D6764633A426F756E64733E0A2020202020203C2F62706D6E64693A42504D4E53686170653E0A2020202020203C62706D6E64693A42504D4E53686170652062706D6E456C656D656E743D226D6F646966794170706C79222069643D2242504D4E53686170655F6D6F646966794170706C79223E0A20202020202020203C6F6D6764633A426F756E6473206865696768743D2235352E30222077696474683D223130352E302220783D223235302E302220793D223334302E30223E3C2F6F6D6764633A426F756E64733E0A2020202020203C2F62706D6E64693A42504D4E53686170653E0A2020202020203C62706D6E64693A42504D4E53686170652062706D6E456C656D656E743D226578636C75736976656761746577617932222069643D2242504D4E53686170655F6578636C75736976656761746577617932223E0A20202020202020203C6F6D6764633A426F756E6473206865696768743D2234302E30222077696474683D2234302E302220783D223439302E302220793D223134372E30223E3C2F6F6D6764633A426F756E64733E0A2020202020203C2F62706D6E64693A42504D4E53686170653E0A2020202020203C62706D6E64693A42504D4E53686170652062706D6E456C656D656E743D226578636C75736976656761746577617933222069643D2242504D4E53686170655F6578636C75736976656761746577617933223E0A20202020202020203C6F6D6764633A426F756E6473206865696768743D2234302E30222077696474683D2234302E302220783D223430362E302220793D223233382E30223E3C2F6F6D6764633A426F756E64733E0A2020202020203C2F62706D6E64693A42504D4E53686170653E0A2020202020203C62706D6E64693A42504D4E53686170652062706D6E456C656D656E743D2268724175646974222069643D2242504D4E53686170655F68724175646974223E0A20202020202020203C6F6D6764633A426F756E6473206865696768743D2235352E30222077696474683D223130352E302220783D223537302E302220793D223233312E30223E3C2F6F6D6764633A426F756E64733E0A2020202020203C2F62706D6E64693A42504D4E53686170653E0A2020202020203C62706D6E64693A42504D4E53686170652062706D6E456C656D656E743D226578636C75736976656761746577617934222069643D2242504D4E53686170655F6578636C75736976656761746577617934223E0A20202020202020203C6F6D6764633A426F756E6473206865696768743D2234302E30222077696474683D2234302E302220783D223732302E302220793D223233392E30223E3C2F6F6D6764633A426F756E64733E0A2020202020203C2F62706D6E64693A42504D4E53686170653E0A2020202020203C62706D6E64693A42504D4E53686170652062706D6E456C656D656E743D22656E646576656E7431222069643D2242504D4E53686170655F656E646576656E7431223E0A20202020202020203C6F6D6764633A426F756E6473206865696768743D2233352E30222077696474683D2233352E302220783D223834382E302220793D223234322E30223E3C2F6F6D6764633A426F756E64733E0A2020202020203C2F62706D6E64693A42504D4E53686170653E0A2020202020203C62706D6E64693A42504D4E456467652062706D6E456C656D656E743D22666C6F7732222069643D2242504D4E456467655F666C6F7732223E0A20202020202020203C6F6D6764693A776179706F696E7420783D223131352E302220793D223235372E30223E3C2F6F6D6764693A776179706F696E743E0A20202020202020203C6F6D6764693A776179706F696E7420783D223136302E302220793D223235382E30223E3C2F6F6D6764693A776179706F696E743E0A2020202020203C2F62706D6E64693A42504D4E456467653E0A2020202020203C62706D6E64693A42504D4E456467652062706D6E456C656D656E743D22666C6F7733222069643D2242504D4E456467655F666C6F7733223E0A20202020202020203C6F6D6764693A776179706F696E7420783D223138302E302220793D223233382E30223E3C2F6F6D6764693A776179706F696E743E0A20202020202020203C6F6D6764693A776179706F696E7420783D223138302E302220793D223136372E30223E3C2F6F6D6764693A776179706F696E743E0A20202020202020203C6F6D6764693A776179706F696E7420783D223235302E302220793D223136372E30223E3C2F6F6D6764693A776179706F696E743E0A20202020202020203C62706D6E64693A42504D4E4C6162656C3E0A202020202020202020203C6F6D6764633A426F756E6473206865696768743D2234322E30222077696474683D2236312E302220783D223138302E302220793D223134382E30223E3C2F6F6D6764633A426F756E64733E0A20202020202020203C2F62706D6E64693A42504D4E4C6162656C3E0A2020202020203C2F62706D6E64693A42504D4E456467653E0A2020202020203C62706D6E64693A42504D4E456467652062706D6E456C656D656E743D22666C6F7734222069643D2242504D4E456467655F666C6F7734223E0A20202020202020203C6F6D6764693A776179706F696E7420783D223230302E302220793D223235382E30223E3C2F6F6D6764693A776179706F696E743E0A20202020202020203C6F6D6764693A776179706F696E7420783D223235302E302220793D223235382E30223E3C2F6F6D6764693A776179706F696E743E0A20202020202020203C62706D6E64693A42504D4E4C6162656C3E0A202020202020202020203C6F6D6764633A426F756E6473206865696768743D2234322E30222077696474683D2233392E302220783D223139392E302220793D223233382E30223E3C2F6F6D6764633A426F756E64733E0A20202020202020203C2F62706D6E64693A42504D4E4C6162656C3E0A2020202020203C2F62706D6E64693A42504D4E456467653E0A2020202020203C62706D6E64693A42504D4E456467652062706D6E456C656D656E743D22666C6F7735222069643D2242504D4E456467655F666C6F7735223E0A20202020202020203C6F6D6764693A776179706F696E7420783D223235302E302220793D223336372E30223E3C2F6F6D6764693A776179706F696E743E0A20202020202020203C6F6D6764693A776179706F696E7420783D223137392E302220793D223336372E30223E3C2F6F6D6764693A776179706F696E743E0A20202020202020203C6F6D6764693A776179706F696E7420783D223138302E302220793D223237382E30223E3C2F6F6D6764693A776179706F696E743E0A20202020202020203C62706D6E64693A42504D4E4C6162656C3E0A202020202020202020203C6F6D6764633A426F756E6473206865696768743D2234322E30222077696474683D2234342E302220783D223139392E302220793D223334302E30223E3C2F6F6D6764633A426F756E64733E0A20202020202020203C2F62706D6E64693A42504D4E4C6162656C3E0A2020202020203C2F62706D6E64693A42504D4E456467653E0A2020202020203C62706D6E64693A42504D4E456467652062706D6E456C656D656E743D22666C6F7736222069643D2242504D4E456467655F666C6F7736223E0A20202020202020203C6F6D6764693A776179706F696E7420783D223335352E302220793D223136372E30223E3C2F6F6D6764693A776179706F696E743E0A20202020202020203C6F6D6764693A776179706F696E7420783D223439302E302220793D223136372E30223E3C2F6F6D6764693A776179706F696E743E0A2020202020203C2F62706D6E64693A42504D4E456467653E0A2020202020203C62706D6E64693A42504D4E456467652062706D6E456C656D656E743D22666C6F7737222069643D2242504D4E456467655F666C6F7737223E0A20202020202020203C6F6D6764693A776179706F696E7420783D223335352E302220793D223235382E30223E3C2F6F6D6764693A776179706F696E743E0A20202020202020203C6F6D6764693A776179706F696E7420783D223430362E302220793D223235382E30223E3C2F6F6D6764693A776179706F696E743E0A2020202020203C2F62706D6E64693A42504D4E456467653E0A2020202020203C62706D6E64693A42504D4E456467652062706D6E456C656D656E743D22666C6F7738222069643D2242504D4E456467655F666C6F7738223E0A20202020202020203C6F6D6764693A776179706F696E7420783D223533302E302220793D223136372E30223E3C2F6F6D6764693A776179706F696E743E0A20202020202020203C6F6D6764693A776179706F696E7420783D223632322E302220793D223136372E30223E3C2F6F6D6764693A776179706F696E743E0A20202020202020203C6F6D6764693A776179706F696E7420783D223632322E302220793D223233312E30223E3C2F6F6D6764693A776179706F696E743E0A20202020202020203C62706D6E64693A42504D4E4C6162656C3E0A202020202020202020203C6F6D6764633A426F756E6473206865696768743D2234322E30222077696474683D2232322E302220783D223536392E302220793D223134372E30223E3C2F6F6D6764633A426F756E64733E0A20202020202020203C2F62706D6E64693A42504D4E4C6162656C3E0A2020202020203C2F62706D6E64693A42504D4E456467653E0A2020202020203C62706D6E64693A42504D4E456467652062706D6E456C656D656E743D22666C6F7739222069643D2242504D4E456467655F666C6F7739223E0A20202020202020203C6F6D6764693A776179706F696E7420783D223434362E302220793D223235382E30223E3C2F6F6D6764693A776179706F696E743E0A20202020202020203C6F6D6764693A776179706F696E7420783D223537302E302220793D223235382E30223E3C2F6F6D6764693A776179706F696E743E0A20202020202020203C62706D6E64693A42504D4E4C6162656C3E0A202020202020202020203C6F6D6764633A426F756E6473206865696768743D2234322E30222077696474683D2232322E302220783D223436352E302220793D223233382E30223E3C2F6F6D6764633A426F756E64733E0A20202020202020203C2F62706D6E64693A42504D4E4C6162656C3E0A2020202020203C2F62706D6E64693A42504D4E456467653E0A2020202020203C62706D6E64693A42504D4E456467652062706D6E456C656D656E743D22666C6F773130222069643D2242504D4E456467655F666C6F773130223E0A20202020202020203C6F6D6764693A776179706F696E7420783D223432362E302220793D223237382E30223E3C2F6F6D6764693A776179706F696E743E0A20202020202020203C6F6D6764693A776179706F696E7420783D223432352E302220793D223336372E30223E3C2F6F6D6764693A776179706F696E743E0A20202020202020203C6F6D6764693A776179706F696E7420783D223335352E302220793D223336372E30223E3C2F6F6D6764693A776179706F696E743E0A20202020202020203C62706D6E64693A42504D4E4C6162656C3E0A202020202020202020203C6F6D6764633A426F756E6473206865696768743D2234322E30222077696474683D2233332E302220783D223433382E302220793D223330392E30223E3C2F6F6D6764633A426F756E64733E0A20202020202020203C2F62706D6E64693A42504D4E4C6162656C3E0A2020202020203C2F62706D6E64693A42504D4E456467653E0A2020202020203C62706D6E64693A42504D4E456467652062706D6E456C656D656E743D22666C6F773131222069643D2242504D4E456467655F666C6F773131223E0A20202020202020203C6F6D6764693A776179706F696E7420783D223531302E302220793D223138372E30223E3C2F6F6D6764693A776179706F696E743E0A20202020202020203C6F6D6764693A776179706F696E7420783D223530392E302220793D223336372E30223E3C2F6F6D6764693A776179706F696E743E0A20202020202020203C6F6D6764693A776179706F696E7420783D223335352E302220793D223336372E30223E3C2F6F6D6764693A776179706F696E743E0A20202020202020203C62706D6E64693A42504D4E4C6162656C3E0A202020202020202020203C6F6D6764633A426F756E6473206865696768743D2234322E30222077696474683D2233332E302220783D223532312E302220793D223230392E30223E3C2F6F6D6764633A426F756E64733E0A20202020202020203C2F62706D6E64693A42504D4E4C6162656C3E0A2020202020203C2F62706D6E64693A42504D4E456467653E0A2020202020203C62706D6E64693A42504D4E456467652062706D6E456C656D656E743D22666C6F773133222069643D2242504D4E456467655F666C6F773133223E0A20202020202020203C6F6D6764693A776179706F696E7420783D223637352E302220793D223235382E30223E3C2F6F6D6764693A776179706F696E743E0A20202020202020203C6F6D6764693A776179706F696E7420783D223732302E302220793D223235392E30223E3C2F6F6D6764693A776179706F696E743E0A2020202020203C2F62706D6E64693A42504D4E456467653E0A2020202020203C62706D6E64693A42504D4E456467652062706D6E456C656D656E743D22666C6F773134222069643D2242504D4E456467655F666C6F773134223E0A20202020202020203C6F6D6764693A776179706F696E7420783D223734302E302220793D223237392E30223E3C2F6F6D6764693A776179706F696E743E0A20202020202020203C6F6D6764693A776179706F696E7420783D223734302E302220793D223336372E30223E3C2F6F6D6764693A776179706F696E743E0A20202020202020203C6F6D6764693A776179706F696E7420783D223335352E302220793D223336372E30223E3C2F6F6D6764693A776179706F696E743E0A20202020202020203C62706D6E64693A42504D4E4C6162656C3E0A202020202020202020203C6F6D6764633A426F756E6473206865696768743D2234322E30222077696474683D2233332E302220783D223734392E302220793D223330392E30223E3C2F6F6D6764633A426F756E64733E0A20202020202020203C2F62706D6E64693A42504D4E4C6162656C3E0A2020202020203C2F62706D6E64693A42504D4E456467653E0A2020202020203C62706D6E64693A42504D4E456467652062706D6E456C656D656E743D22666C6F773135222069643D2242504D4E456467655F666C6F773135223E0A20202020202020203C6F6D6764693A776179706F696E7420783D223736302E302220793D223235392E30223E3C2F6F6D6764693A776179706F696E743E0A20202020202020203C6F6D6764693A776179706F696E7420783D223834382E302220793D223235392E30223E3C2F6F6D6764693A776179706F696E743E0A20202020202020203C62706D6E64693A42504D4E4C6162656C3E0A202020202020202020203C6F6D6764633A426F756E6473206865696768743D2234322E30222077696474683D2232322E302220783D223737392E302220793D223233382E30223E3C2F6F6D6764633A426F756E64733E0A20202020202020203C2F62706D6E64693A42504D4E4C6162656C3E0A2020202020203C2F62706D6E64693A42504D4E456467653E0A2020202020203C62706D6E64693A42504D4E456467652062706D6E456C656D656E743D22666C6F773136222069643D2242504D4E456467655F666C6F773136223E0A20202020202020203C6F6D6764693A776179706F696E7420783D223335352E302220793D223336372E30223E3C2F6F6D6764693A776179706F696E743E0A20202020202020203C6F6D6764693A776179706F696E7420783D223836352E302220793D223336372E30223E3C2F6F6D6764693A776179706F696E743E0A20202020202020203C6F6D6764693A776179706F696E7420783D223836352E302220793D223237372E30223E3C2F6F6D6764693A776179706F696E743E0A20202020202020203C62706D6E64693A42504D4E4C6162656C3E0A202020202020202020203C6F6D6764633A426F756E6473206865696768743D2234322E30222077696474683D2234342E302220783D223738332E302220793D223337302E30223E3C2F6F6D6764633A426F756E64733E0A20202020202020203C2F62706D6E64693A42504D4E4C6162656C3E0A2020202020203C2F62706D6E64693A42504D4E456467653E0A202020203C2F62706D6E64693A42504D4E506C616E653E0A20203C2F62706D6E64693A42504D4E4469616772616D3E0A3C2F646566696E6974696F6E733E, '0');
INSERT INTO `act_ge_bytearray` VALUES ('200015', '1', 'Vacation.png', '200013', 0x89504E470D0A1A0A0000000D49484452000003E6000001E50802000000F70971F700003CD149444154789CEDDD7D8C1CF561FFF1350EF46883B8AA6970AB2A6CD43FBC6A9AF85452D9CA1FF111A9DC566AC9A94570ED1FCE4A28E02A2DB1AA2AB9B602570DAE5B35D4E447909382736A457B55303D293C5C032697C476AEB6F103C6B0183B1C312607C670AECFF6FAEEF66E7E5FEFC078D879D899DD99FD3EBD5FFACA5AEFEDCECE7C1F3F33B7B75B700000000028AC207B0700000000C421B2030000004A23B2030000004A23B2030000004A23B2030000004A23B2030000004A23B2030000004A23B2030000004A23B2030000004A23B2030000004A23B2030000004A23B2030000004A23B2030000004A23B2030000004A23B2030000004A23B2030000004A23B2030000004A23B2030000004A23B2030000004A23B2030000004A23B2030000004A23B2030000004A23B2030000004A23B2030000004A23B2030000004A23B2030000004A23B2030000004A23B2030000004A23B2030000004A23B2030000004A23B2030000004A23B2030000004A23B2030000004A23B2030000004A23B2030000004A23B2030000004A23B2030000004A23B2030000004A23B2030000004A23B2030000004A23B2030000004A23B2030000004A23B2030000004A23B2030000004A23B2030000004A23B2030000004A23B2030000004A23B2030000004A23B2030000004A23B2030000004A23B2030000004A23B2030000004A23B2030000004A23B2030000004A23B2030000004A23B2030000004A23B2030000004A23B2030000004A23B2030000004A23B2030000004A23B2030000004A23B2030000004A23B2030000004A23B2030000004A23B2030000004A23B2030000004A23B2030000004A23B2030000004A23B2030000004A23B2030000004A23B2030000004A23B2030000004A23B2030000004A23B2030000004A23B2030000004A23B2030000004A23B2030000004A23B2030000004A23B2030000004A23B2030000004A23B2030000004A23B2030000004A23B2030000004A23B2030000004A23B2030000004A23B2030000004A23B2030000004A23B2030000004A23B2030000004A23B2030000004A23B2030000004A23B2030000004A23B2030000004A23B2030000004A23B2030000004A23B2030000004A23B2030000004A23B2030000004A23B2030000004A23B2030000004A23B2030000004A23B2030000004A23B2030000004A23B2030000004A23B2030000004A23B2030000004A23B2030000004A23B2030000004A23B2030000004A23B2030000004A23B2030000004A23B2030000004A23B2030000004A23B2030000004A23B2030000004A23B2030000004A23B2030000004A23B2030000004A23B2030000004A23B2030000004A23B2030000004A23B2030000004A23B2030000004A23B2030000004A23B2030000004A23B2030000004A23B2030000004A23B2030000004A23B2030000004A23B2030000004A23B2030000004A23B2030000004A23B2030000004A23B2030000004A23B2030000004A23B2030000004A23B2030000004A23B2030000004A23B2030000004A23B2C36AB55A6D7474746868A8BFBFBF582C166C258E5DD4C0E0E0E0C8C8C8CCCC8CEC660100001F406487BDC6C7C745541579FD91471E7966C78E63C78FCF2F2CD859C4B18B1AD8BE7DFBBA75EB449D88E02EBB710000C0654476D8686666A652A90C0C0C9C78FDC4FCC23CC55F4EBD7D4A04775139D3D3D3B21B0A00005C42648775445EEFEBEB7B78DB43F30B7394A8F2F8138FAF5EBD7A6A6A4A7673010000223BEC53A9541A79FD2225BE3CB3E3E9B56B3F2BBBB9000000911D96191F1F1F18B869A15EA324295FF9EA5F6DDAF435D98D060080ED88ECB048AD562B168BAF9F9C5AA85FA02429B3E7DE5DB5EA53D56A5576D301006035223B2C32323252A95416EAE7BD7263F90F127E0CA2FF5956954D9BFE7E78785876D301006035223B2C323838B8FDB1FFBA9CD76F1AF8B9E3BCB6E8BCB2E0BC38E71C9A73F6CDD6B73CF6ECF74F9ED933EFFC6FCDD95373769E779EBEE87C63E7E13BD6DF293D3D4B29CFED9FECEBEB93DD74C892FB89497C003F006884C80E8B944AA523470E2CD4CFB9A55028CC3ACEB925E74CDD7967DE39EF387FF937F714AEF8F09A9B064F2E3827E69C13179DA99A73ACEE7CF727871A17DACF595866CF9DEEE9E991DD74C88C48EA6BD7AE7D78DBB6FEFE7E523B00E882C80E8BF4F6F6BE7DFAE4427DD62D22859F5F74E6162FFDA8BE74E9DFEF3DF93FBFFE9BBFFDB7F77EBDEE3867EBCE9905E79D0547849AA7F73EDF88ECB3761671EC721B0E5971F3FABEE7F6CF2FD4C5BFA47600D0052B312CD288DD67BD22FE7BAEEE9CBEE0CC2FBEF700115FFEE5816F7DED9F1F38F1C6A56F115A5872E61B517EF773879A9E6B5521B29BC19FD7DD426A07005DB012C3228DD8FD7F5EB914D9179D53E79D37679D05C7999F9B2BAD5C59282C2F147A6EF99375FE27EEDB7FA0E9B9561522BB0182799DD40E001A612586451AB1FB8C57DC37C69CBEE0BC71D679EBA2B3EFC84FAFBBEEBAE51FBAEAEA6B3F32F4A71F88EC7B9FDBDFF45CAB0A915D7751799DD40E00BA602586451AB17BC62BE2BF17969C776A97AEB29FBAE8ECD85BFDE4AA1B3EF2AB1FBDB6F797BFF56FDFBDE838B373CEF9B94B4FDC39B9B7E9B9561522BBD6E2F33AA91D00B4C04A8CA4A2725BCC6799473D37745349B6D3F921D4EBEF7AC5DDB248ED67169C77E79D37CE2EEC3E3CB5EA773E7DE3EFFDFE5B73CE9B35E7AD9A737ACE11A17DE79EBD4DCFB5AA10D9F59524AF93DA01407DACC4482A496E4B12EB9D403A6FEFB5DAD014BBFB6F5CFBFC4BAFEC3B5C9D3C58DDB5BFBAEBC0D1DDCF1FFFC19E177F72F8D51FED3FFAE3FD2FEF3AF0F2E4A1A3875FF9D983DFDE76EB6DB74A8FCE4476A4923CAFEB92DA634EECE9A500CCC61C87A4DA8EECDE9D5E5E6FB9C1A81F3D75C77B6BF31D4FB5DC97F0CDD6EBEFF8CB97BE74677C0870FDF12DB7343DD1AA4218D251DABCAE456A6F63D200003330C721A94EAEB267F31811D8DF8BEA976FA5D288ECA729690B61483BEDE575F5537BE8AFE99AAE0500809198E3D042F0A2781B17BAD2FE2EBBD5EADB41645F7C9B92B61086F412CCEB8F3FF1E4CA95A563C78F8766F4536F9F5EB56AD5C3DBB6A99FDAB9CA0EC05ACC71682134A9FBEF8C17B3C1A63B136EE7D8FD9F2974F2C698C55394B48530A491D0BCDED3D3231AF1FAEB8BC1D4EEE6757794A99FDAB9CA0EC05ACC7188131AD39DD8ABE9A1776612EBFDDABBCCDE88EC6F51D216C2902E62F2BAAB29B5FBF3BA16A93D349D13D901D880390E7162627A7B513BE1235B6EE7D8FD9FF9CCFDC712BE967FB3F5C53729690B61480BC1BC7E76F6DC8A152B9ACE90BDD41ECCEB82C8F7275E3FA96C6A27B203B016731C22C567F4E4913DB3ABECBE4BEB3157D9474747A7A6A6427FD488ECD394B4853024574C97F644FDBDA9B8A7B7B73798DAF71F38109AD71F7FE24995FF1AB5C01B6300D88A390E49255911631E9324F1B7FCA9F7218F5197D88F1E3DEA3EE09A6BAED9BE7D7B70B3D2E3AF8E853024517C9776C57F3E4C686ABFEAAAAB92E475D5527BF21906000CC31C87A43A8CEC4D3F6D2FB2B754ABD5AEB8E20A37825C79E5959FF8C427FC97271B91FDE77994E45B0EFD3D43F20D7AF7076FE457084312C5776927D9E73986A6F684795DA9D44E6407602DE638B4E6FFED73278F49F2C8E4DB89D2F4E6DDABAFBEFAF6DB6F17B9C7DDF8E2E21B79146FCB4D49A8E9CEA647FA6FC4C4A9A64D45DDC8AF1086E48AE9D2C93F7F3D26B5B7CCEBEAA4F6D0AED8F9A40100EA638E433B445C989898D8B87163FFFB8AC562CBD0A982C5C5939997D0CD36DDE9FD37EA46FCBEB57C7ACB2D747880A2896534175A1079FD991DCF26FC8EA41F4CFC70F9F2E54D5B58B66CD9B66DDF49B805F15AEE789771ACDD26E6346F7E1373DDF8F8B8F45F3200B019911DE988A43E3838D8D3D3E32E6313EF6BF9E7715D73EDB5D77A8BEE6083D8D56AB5EABC7795FDF56C8BB74DFFC6832FE47F5850CC669BEEF41E1F7CDD3C8ECEDBB2EC56B55A4C973E78F0A048EDA7DE3EDD326D877E3E8C2BF4F3DA43B7205E57BCA2ECFAE81231A779F39B98EBCAE5726F6FAFA881B1B131D9BB06C046ACC4486A7A7ADABDE0A4F28A353333E3A69052A9F4C52F7E51FC3B3A3AEAFDB4116A4F645B7C31FAF23DDEBF4D77B6BC1125743BFE9FE67168FE1795D8A6968BEFD24EB2D41E93D713A67605F3BA946EE95EB3E8EBEB734F9900A06B58891127668D97BD6BE15E7BEDB59E9E9E72B95C2C168787879B7E91DDC8B53FCBA3785BF6BF84FFCEF7B375C823E39F1BB34DFFC6733A2EEF25643528E2BBB42B3EB587E6F565CB96254FEDEAE475456624511522B5379D3B0140AE5889D1DAD8D898FBEE55D93B9288D8DB919191D037EAE4146D4333777CC26E12F3A3A6441E13FD89ECA68AE9D29EA8D41EF57D49DFF87F0F847E5E7B30B5AB93D73D85C49F3D959F5AAD36343424DA45CAAB03B0102B315A1041A1AFAFCFFDEDBCEC7DE95423DDBE966DF960B07EAD2903F91F167C62CC3DA1B7FDDB0CDEC8AF18D0F43608A6F6A8BCEE7E3E4CD4B72CF953BB52793DF46CD6AFCBFB2352BBA89CC9C9C92EBF2E003BB112A385356BD6B86B9201B9ED52BA5D9AEA4209BE90774F68D488F991FF014DDB897AAD3C0E4776D32191606A5FB7EE0BA1793DEA931F070606CECE9E5330AF7B82BD5162FF9C9A9A2A954AEE076E0240AE58891149B56B5A9D6BA4DB57F328EF07EBCBFF8D7F40D46392DF766FF8379BEBD1C96E3A241593DA433F7FDD9FDAD5CFEB4EC4BC24717F366CD8B065CB16893B00C012ACC488532E97C7C7C7DDDB06E4B646A8FD69B6E5FDD0DC7C67DAC724FCA977BFB74DFF3D991F9DB765D94D871442537BCCF725B9A95D8BBCEE2876955DA856ABA55249E20E00B0042B31224D4F4FAF58B1C2BDED2E8ABA47B746A83D9E5F09BDFED7F201A17B1575A777BFFF0131DBC9EAB864371DD209A6F6F86F487DE1C8112DF2BAA3DE5576C7F7EE4100C80F2B31228D8D8D0D0E0EBAB70D8AECC728698BEEED6EA7E4DFB2A4F8E7C34451A75BF2DE18005DA0CA94070579EB5041818F54CB4423B2BF42495BB46E749BA54DEDEAE7F5A66B07C11B52F8AF6E00404E588911492CDE131313AABD73B413447622BB6D92A776F5F3BA13F1EB3EE9BF03E4EDEC00BA8095189162DE24AAC2FB47DB20F67969E928256DD1B1ADE14992DA35CAEBDEEDA6F7B24BECA5535353C56251D6AB03B0042B3122894528FE0B17B5D388EC2F53D21622BBEEE253BB16795D718C110079639641A4DEDEDE999919D97B91A54664AF52D216E28801A2523B793D138C11007963964124F316A146647F8992B698D713EC144CEDE4F5AC304600E48D590691CC5B847A7A7A2E5C38B0B4F422255531AF2758CB9FDAC9EB19628C00C81BB30C2299B708158BC5575FFDFED2D2114AAA625E4FB0999BDA8F1D3F4E5ECF10630440DE986510C9BC45A85C2E3F35BE75C9798192BCBC54FD1E1F6067989B6FBE599CBE92D73364DE6C094035CC328864DE22B479F3E6E1E1DBA58760BDCA7746EEAD542AB29B0E59326F684B479502C81BB30C2299B7084D4D4D954A1FBF50DBB7E41CA6242C83839F1B1B1B93DD74C89279435B3AAA1440DE986510C9C84568E325EB979CE72949CA7F8EFED3D0505976A32163460E6DB9A8520079639641242317A15AADD6DFFFE9C9C97F779C4394F8323DBDA354FAF8CCCC4ED98D868C1939B4E5A24A01E48D5906914C5D84AAD56A5FDFCA6A75CC710E52A28AC8EBE2DC6662E221D9CD85EC993AB425A24A01E48D5906910C5E84262727456ADFBCF92F1CE7002558C6C6EE2B958A1313FF2ABBA1900B8387B62C542980BC31CB2092D98B50AD561B1EAEF4F7DF3032F277D3D34F3BCE7ECACCCC0F4747FF6168686070B05FDC96DD44C88BD9435B0AAA1440DE986510C98645686262A252F9C3152B7EA58042A1B7F79AA1A19B446A97DD2CC857C182A1DD65542980BC31CB20128B1060248676E6A8520079639641241621C0480CEDCC51A500F2C62C83482C42809118DA99A34A01E48D5906915884002331B433479502C81BB30C22B10801466268678E2A0590376619446211028CC4D0CE1C550A206FCC3288C422041889A19D39AA1440DE9865108945083012433B73542980BC31CB20128B1060248676E6A8520079639641241621C0480CEDCC51A500F2C62C83482C42809118DA99A34A01E48D5906915884002331B433479502C81BB30C22B10801466268678E2A0590376619446211028CC4D0CE1C550A206FCC3288C422041889A19D39AA1440DE9865108945083012433B73542980BC31CB20128B1060248676E6A8520079639641241621C0480CEDCC51A500F2C62C83482C42809118DA99A34A01E48D5906915884002331B433479502C81BB30C22B10801466268678E2A0590376619446211028CC4D0CE1C550A206FCC3288C422041889A19D39AA1440DE9865108945083012433B73542980BC31CB20128B1060A49643BBD04A9287E57F1C0AB1ED7801741FB30C22B10801466A6368873E25663BB6CD1EB61D2F80EE639641241621C048D946F6D0EBEBB6CD1EB61D2F80EE639641241621C048698776D4E32DBFCA3E3A3A2A0EB3A7A7A7AFAF4FDC58B16285F8F7177FF117ABD5AAEC5D036020F36755B4CD864517B050AAA11D73E1DCF2ABECFFFDDFFF1D3CF61B6FBC716C6C4CF6AE013090F9B32ADA66C3A20B5828F9D06ECADF4D4F0C4DE7F644F65AADF60BBFF00BFEBCFEA94F7D6AC58A15333333B2770D8081CC9F55D1361B165DC04209877668520FDEB636B20B7FFDD77FFDA10F7DC88BEC7FF6677F363C3C2C7BA70098C98A5915EDB164D1056CD37268377D4A63682877AC7F638CEBBAEBAE738FFAB6DB6E2B168BB55A4DF61E0130932DB32ADA60CFA20B58853F3FCDD08F7EF4A32BAFBC521C6FB95CE65DEC00F263CBAC8A36D8B3E8025621B267EB739FFB9C1BD965EF0800935934AB222DAB165DC01EB94676FFDB632C313D3D2D8E97CF7604902B8B6655A465D5A20BD883A19D39AA1440DE986510C98645A856AB8D8E8E0E0D0DF5F7F7178BC5E01FD259421CBBA881C1C1C19191113EA2CE7805538636E3D7C5F8056C60C8C48D3C144C59D7A38C8F8F8BA54EACF78F3CF2C8333B761C3B7E7C7E61C1CE228E5DD4C0F6EDDBD7AD5B27EA442CFCB21B07394A3BB4D59C0A18BF8C5FC02A2A4EC450849AEB74266666662A95CAC0C0C089D74FCC2FCC53FCE5D4DBA7C4C22F2A677A7A5A76432117498676CC35DD2EEC613CC62FE317B090FCC917CA52616DCE8358EFFBFAFA1EDEF6D0FCC21C25AA3CFEC4E3AB57AF9E9A9A92DD5CC85EF2A1ED7FA4221302E397F10BD8498929186A526485CE5CA55269ACF71729F1E5991D4FAF5DFB59D9CD85ECB51CDA2DDF3CDD9DFD0CC5F865FC027632339321134646F6F1F1F181819B16EA354A92F295AFFED5A64D5F93DD68C858C2A11D7C98F43981F1CBF805AC6560264356A42FCF99ABD56AC562F1F593530BF50B942465F6DCBBAB567D8A0F9C364CF2C8AED4F575C62FE317B09969990C19322FB28F8C8C542A9585FA79AFDC58FE83441FA25628F89F6555D9B4E9EF87878765371DB2A4E95576C62FE317B09969990C59713F93C1B08FF81D1C1CDCFED87F5D5EEF6F1AF8B9E3BCB6E8BCB2E0BC38E71C9A73F6CDD6B73CF6ECF74F9ED933EFFC6FCDD95373769E779EBEE87C63E7E13BD6DF297DF595529EDB3FD9D7D727BBE9B267640F4F48D3ABEC8C5FC62F6033227B885AAD363636B671E346B142F4BFAF5C2E8B7B4647476D58E3C531AE5DBBF6E16DDBC4819B74BCA552E9C891030BF5736E11F963D671CE2D3967EACE3BF3CE79C7F9CBBFB9A770C587D7DC347872C13931E79CB8E84CD59C6375E7BB3F39D4B85077CEC2327BEE744F4F8FECA6CB98A93D3CA1B4C95B915FB8317EAD1DBF369F60031E2526627588A42EA2B998E0445817017DFBF6C79ED9F1AC5B1E7FE2C9BBEFBE676868A8B7B777CD9A35067F57859B66F63DB77F7EA12EFE3529D388B67BFBF4C985FAAC5BC42A7E7ED1995BBCF4A3FAD2A57FBFF7E4FFFCFA6FFEF6DFDEFBF5BAE39CAD3B67169C77161C71F04FEF7DBEB1E4CFDA5914496C5931B8872794A441DDC7788F0CDEE83EC6AF9DE3D7F2136CC0A3F748CED0C18307DD2F7C16D15C2CE4F165E7AEDDEBD67DA1AFAF6F626242F68E67CC9F66DC6252A6692CDB67BD22FE7BAEEE9CBEE0CC2FBEF7007198FFF2C0B7BEF6CF0F9C78E3D2B7902C2C39F38D28B0FBB9434DCFB5AAE8BEE4FB99DDC3136A23B2C7DCD9358C5F0BC72F27D85D16F32E83919111BE9F4B2E8D477286366FDE2CF2F7333B9E6D19D6FD454C1F622A59BF7EBDE8E2B28F201BC1346358A6692CDBFFE7954B4BFEA273EABCF3E6ACB3E038F37373A5952B0B85E58542CF2D7FB2CEFFC47DFB0F343DD7AAA2F592EF677C0F4FA86583FA1F107C2FBBD4C8CEF8B568FC7282DD4D22A98B98DEF22FB94558DABA75AB31B1472FBA8EE4AC886E373434343C3C9C2AACFBCB371F7C50CC20069C7A46A5199326CAC6B27DC62BEE2FD64F5F70DE38EBBC75D1D977E4A7D75D77DDF20F5D75F5B51F19FAD30F2CF97B9FDBDFF45CAB8ABE4BBE9F0D3D3C214D1B94F16BD5F8E504BB6B262626D6AC59D332ACFB158B4511F165EFB875B41CC95911795D74D3D1D1D1B6F3BAF73E19B11DADBF1A3A3ECD1833513696ED19AF88FF5E5872DEA95DBA4A77EAA2B3636FF593AB6EF8C8AF7EF4DADE5FFED6BF7DF7A2E3CCCE39E7E72E3D71E7E4DEA6E75A55345DF2FD2CE9E10969DAA08C5F7BC62F27D8DD215250A552095E47FFCA57BEEAFF5B3E51EEBEFB9E818181A6470E0E0ED20ADDA4DF48CED0D0D050E779DD9B41446AD7F4574549D24C871365D49A117312DFF16185BF5CBDFEAE57DC5711ABFE9905E7DD79E78DB30BBB0F4FADFA9D4FDFF87BBFFFD69CF366CD79ABE69C9E73C4A2BF73CFDEA6E75A55745CF2FDBAD0C3F5A26983327E2D19BF9C6077C7F4F474D3C5F5BBEEFAF2B1E3C763AAFDD4DBA7BFF9E0832B56ACF05F6E3F78F0A0EC43B185662339439B376FEEE4FD30C1224E49C519A7ECC34A2D799AE964A24CB26674615D695AB6FB6F5CFBFC4BAFEC3B5C9D3C58DDB5BFBAEBC0D1DDCF1FFFC19E177F72F8D51FED3FFAE3FD2FEF3AF0F2E4A1A3875FF9D983DFDE76EB6DB74A5F7A59F2DBD09D1E9E56FC2F9D737D69C794C8CEF83572FC2A78822D77B4E6646A6A4AA46DEF28CAE5727C586F0AEE77DF7D8FF7DC9E9E9EC9C949D90764055D7B5B87C449615F5F5F8679DD2D77DC71E7D6AD5B651F5C0A69D34CDB13652791FDA93BDE9B17EE782AF90B46BE44BDFE8EBF7CE94B77C64FC7AE3FBEE596A6275A55F45D96BAD6C3D38AA952227B14C6AFF1E357D913EC367EA432F75DC1DE00B977D3A63602CF238FFC8708EBEE1644FA37E02FFAD4A7656FEB9CC8EB6957F124E5C4EB27AFBFBEA8CBDB63DA4B33ED4D94ED477611D8DF8BEA976FB5ADB1E49FA6A42D9A2E4BDDECE16915DEFFE895260E913D1AE3D7ECF1ABF809B6ACD19A87A1A121EF28B66F7FACEDCC232ABFB7B7D7DD8E6805D987653E2D7B5B87DC4F32CA3CAFBBE5AEBBBEBC65CB16D987D85A70727CFC892757AE2C45FD6AECD4DBA757AD5AF5F0B66D0927CA96D7BD429F12BBCB1945F6C5B729698B8ECB52DE3DBC4372AFDBE9D8A00EE3D7E8F1ABFE0976DA1F294B44A00EAFAFFB8B9857BDAD69117EB4A65F6FEB9C18DB693F823D7939F1FAC9152B56C83EC41642D38CFB1BAEEBAF2F06338D9B66DC31D95EA689CAE80963FDB1FB3F53C8EA8D318BA728698B76CB52F77B785A05AEB2A7C7F83575FC6A71822D6BB466AEAFAFCFDDFF72B99C49ECF1DED72EC28F2EEF32D0947EBDAD436248F7F6F6E694D7DDB27AF56A95FF142326CDB89A328D3FCDB49769124E6D2D1FD0F965F6C692FF16256DD16B59EA7E0F6F43E8A020B2C763FC1A397E353AC16E79A7FA464747DDAA13357CE2F59399649EB3B3E7BCCF90D9B06183EC43349966BDAD73232323954A25D7C87EEFA64DC3C3C35D3E2E310E937C307C7072F40FB660A609A699E0506F39516615D98FDDFF99CFDC7FACE531C6BF447DF14D4ADAA2D1B224A587B781C8DE06C6AF79E39713EC2E13F5E3D6DB5D777D39C3D8235AC1DD6C6F6FAFEC43349966BDAD73EBD7AFDFBA756BAE91FD991DCF76F9EF308E1E3DEA8E966BAEB966FBF6ED510F8BF93239EF2F48FC13E5FE030742D38C9852835B889A28FD335AFCEC16FE53DFA5F58457D963CE5E1A4BFE34256D5161594A72522AA587B7C75BEF9B38D64776C6AF01E357E54B486D903B5A3324AAC5DBF9AC2EB17B453493BBE5898909D9076A2C9D7A5B26CAE572703DCEB688C945F4DD6E1E54AD56BBE28A2BDCD172E595577EE2139F084E972DBF4C2E9869AEBAEAAA2469267EA22C7418D97D1FF298E4127BFCD90B4BBE2E4B7E932427A5B27A787B62AAB40BB52DBD41A3307E0D18BF2A5F426A8FDCD19A56CCF9D2C8C8885B6FA27E324F3E77DCF1DE27AE76FF5D06F650AEB7E52DA78F77F497B3B3E7C43CD2E5E36ABA3271F5D557DF7EFBEDDE1F8224FC32B9E0449930CD444D94C1E92CEFB92FFEECA5B1E4FF3C8F12DC72D46B79F7C7EF4CF2A7E77750FE17EDBC693AD1F2A454560F6F9BDC1020BD41A3E43A7E5B3E3DE601FE1F853ECC3F1E43491CE35D6E6E952F21B547EE684D25FE7C69FDFAF5EE4F3BFFA098607966C7B3EEC6D7AC5923E5D86DA0566FEB02116D33FF7D50B0C4C482EE4BF565725199A6659A699A28DD67853641F047DEAB64D5C4FE3DF79FBD88FF2E2EBE9153F16F3CF842DE3DC11BDE7FE325DC4E4E879649D3E4D4AC527A788787135AA5D90E84B4AFAE88FCC66FCBA7C73FC03FE262C666CC3C206B8C77BFB9D5BC84D436B9A33595F8F3A572B9ECFE288FF71A1C3B7EDCDD78B1D8D577195845ADDED605A552E9852347BA10D9BB7C5CD75E7BAD37830C3688D9AA5AAD8A1F89C931F9875AFE60E287CB972F6F9A1C972D5BB66DDB77126EC17D2BBFF7372EAA595C3C997949F272DE6DFF0DFFC3E2F72DF4E95137F23840651B54A087DBA3C36EDCE103928CBBA8FB258EF1824AE357C7136CBDC49C2F791FEF98D37B0DBC17955D07C6B2AE6673FD5076B774FFBDECDE556D7142F2C52F7E51FC3B3A3AEAFDF4E0C183628A3CF5F6E9967B1EFAC73DAED00FDB0ADD82A861F18ADD3CFC2631672F854B0BDEEB9997A8CDFAEFF76EBB375AEE49E803BCE30A6E30C9363B3940890DDAB2596DEBE19D53A141A3E4377EE3C754A8F8E11CB5C1E066E58EF1EE37379790D4E4A5F924735D1BC5DB7E97FB9B3DACABD94AA5E2FF4CA83CCACE5DBB57AF5EDDCD837AEDB5D77A7A7ACAE572B1581C1E1E0E5E5448926962D28CAB65A65121CDC49FBD142E2D7827322F519BF5DFEFDD76772FF48931951FB51DEFA7391D9AF75A12DBD469D5AC8EE63DBCFBD52BBD41A3E43A7E5B3E3D381E43C76CD3786C1A80C1F1187C7C97C778979BDBEC4B48CA8E1D4FCCF992680BF7FE9CDE6BE07D3AA7EC3A30967535BB65CB966C3F8E3458C429C1BA755FE8F2718D8D8D8D8C8CC47CAE56FC44193A392E5BB62CF944199C1C6316A7FCEA21FEECA5B1E6FD2CF312B5D9D0FB9BEEF4FF37D56DFF8D9C8ECBFFA2F93559122D4F4A1D193DBC13524687FFD5BBF02A6DC86FFCBACF8DDF42CCD84CFB124D6D2A778C77B9B9CDBB842477B4A6127FBEE4FDB6218FF71A880A7737CE47B3E747B90E9737116AC53C926B641F1818181F1F977DA021A226CAA80FBBFDC6FF7B20F4C3B642BF8E2E7E72ECE6D41673F6D2C9B217BF2246C97C3BDE7F0B81753DBFA2C2CAD4F2A4D491DAC3DBE3AFD86E56B20A0D1A25A7F15BE82CB2271FE3C1174ABB9DCCC778F79B5BC14B489D93355A53893F5FAA542A6ED57DF3C107334F3E2F1C39E26EBCAFAF4FD6E11B4FD16E97AB5CFF02F5ECEC391102BC3F8D574D70A28C4A33EE1FF7447D446ED3D7D1B59C1C1599E01A2BDF6B524AEC527DF931F1B7FD8F0FDEC875E765375D52B27A782A319DC195D50BC5EC40DE2F9187B6BB7AD4C88A7A4CC2F118F32CA5C6B89ACDADCB09B6F4D19A56CCF9D2E6CD9BDD7D5EB7EE0B99879F7B376D72373E3434D4F583B68572BDAD0B727D6FCCD7EFBB4F6C5CF621C6094E9462F4364D8EFE3FC60F669A8181017166926A7254645EBBB4F22D4DE55AFC2F117ADBBDD1F45FEF7694A8ED346D21BF8392DD742948E9E16D08D66AD7EA59AF06F5B4DDD5A34665D463128EE554CF9238C6956D6E2D4EB05D12476B86AAD5AA5B69A21ABD292EAB229AD2DDB83861907DA0C6D2AFCF75AE56AB158BC53C3E9D5D8C01317D4C4F4FCB3EC41662324DD497C9791365C23413B332B9BA7FD4CE7B4BFEAB991777B3DEC6FDAF12BC33C98393DCF6B613BAA9CC0F504A7BB5AD0B3DBC7312C785760DEA6AAF87079F95E49EF83BFDE32E741E08FE2B718CABDCDC1A9D602BB28A7548841F77E7B76F7F2CC3F0E37D287BA1F1399EB28FD2585AF6B9CE8D8E8EDE7ADB6D994776F52FB17B4227CAF82F93131365DB93A322B35B63C1FB69E6C5DD6CD3C69BEE6CBA11BC3F749B31F7BFBF90B7DE54260728BBE952EB720F6F43B05689ECF1DAE8E149C657C231E88DB8D07B8203B3E5D8ECDA1857BCB97539C16E798F16868787DDAA5BB56A558617DA6FFEFCE7DDCD0E0E0ECA3E449369D9E732217A58B667992F1C39E28E01D947965470A28CFF7A0571809DE4751526B8C682773CDBE2DF66D33598A8FB83E237DBB49D98D7CDFCE8BCEDCB6EBA7674AD87B727B427E4F7724D2FDD9D17CA56DA1E1EFF78F7A7C1C7448DDF843340C26775738CABDFDC5A9C60CB1AADD99A9999F13E3DFDDE4D9B32093F3B77EDF6EA44F7EFAC509C967D2E13A2E3AE5EBD3AABBF4375DF8177ECF871D987954EF28FC86D3AD854936341ADC87E8C92B6A8D076EDE94E0FEF50F7AB57D30665FC1A3C7E153FC1F6685199F1B66CD9E2C66B7152D4F9A73D8AD8E39D03AC5FBF5EF6C1194EFBCED7896AB52A527BE75F0326E68B9B3FFFF9C79F7852F601B5236DA6692FAF076F4BD158F25FA1A42DD21BAE1379F7F0F6349DC7066F74E1D5B5C3F8357BFC2A7B822D77B4E661CD9A356EC81669BB930824CE9ABC3F17169B52FF0FF974A76B87CB8A18E7A2C3EDDCB5BBED2E2BCEF545EED734AFBB527D1D5DDB793DEA9E6E62C9377BC98F925F0F6F5BE8AF9EBAF6FB284D1B94F16BFCF8D5E2043BE64E5D4C4D4D797F0F20A276FC2F34A2CA89D74F7A79BDA7A767626242F661994FCBDE96AD9999193147DC7DF73D694FEEC5F9E5D7EFBBCF7D778DEC83E854C2AFA34BF5FEF5A8B94CE2BB00C5EB2E2D1DA5A42D9A2E4B7E99F7F04E34FDEAA9E9DDB144F6288C5F1BC6AF6A27D8D2476B4E44C2F60E4404EEB45FAEB473D76EEFFD30C2962D5B641F901574ED6DD9AAD56A22B2AF5C5912113CE1DF503FBC6D9B78FC5D777D59CC1AB2773F1B2DBF8EAE9BEFEECD4963C97F9992B6E8BB2CF9D9D0C313D2B44119BF968C5FA54EB00D363636E6FFC4CC55AB5645FDBD6FD3C5F55B6FBBCD7FEA425EEF1ACD4672AEA6A7A7376CD8207AF0CD9FFFBC48E4C15F15897B1E79E43F4467158F59B7EE0BF1DF9DAEA398AFA33363726C2CF9554ADAA2DD921FC5F81E9E90A60DCAF8B567FC7282DD1DD56AB5542AF9F3B708EE77DF7D4FF093394452FFE6830F0E0C0CF81F2CB210EF87E926FD4672DE6AB59A38F5AC542AC1EF6013F788BC3E3A3A6AF03705847E1D9D31936363C97F8992B6E8B8E44731BB8727A46983327EAD1ABF9C607787C8331B376EECE9E9298459BD7A75D48F868686F87BD32ED372242357FE89D2B0C9514C3D172E1C585A7A9192AA68BAE44731B88727A46983327E6D1BBF9C60778D08DF954A25349A078926989C9C94BDCB36D275242357EE4479ECF871C326C762B1F8EAABDF5F5A3A424955F45DF2A398DAC313D2B44119BF168E5F4EB0BBA956AB8D8E8E8AECDED7D7D714D3C5E81B1C1CDCBA752B57D625D27824235737DF7CB318A2864D8EE572F9A9F1AD4BCE0B94E4E5A5EAF74AA592ECA6CB9E913D3C214D331CE3D7CEF16BF909B65C22BECBDE055CA6E5C48DBCEDD9B3472CEAE6BD657FF3E6CDC3C3B74B5F44F52ADF19B9D7C8595BD3D89A094D8F9DF16BEDF81549DDDA136C894C4D02FAD272E246DE3EF6B18F8981FAE77FFEE7B2772463535353A5D2C72FD4F62D39872909CBE0E0E7C6C6C664375DF6348DAD99D0F4D819BF368F5F034E3CB4636A12D0979613377275FFFDF7BBEF5DFBB55FFB35F3AE6A6CBC64FD92F33C2549F9CFD17F1A1A2ACB6EB45C681A5B33A1EFB1337EAD1DBFFA765A4D999D0434C518C007CCCCCC789FE874D55557DD70C30DB2F72863B55AADBFFFD39393FFEE388728F1657A7A47A9F4F199999DB21B2D173627007D8F9DF16BEDF8D5B7D3EAC8F824A029C6003E607070D0FF47E21FFBD8C746464664EF54C6AAD56A5FDFCA6A75CC710E52A28A58EF45369A9878487673E5C5E604A0F5B1337EED1CBF5A775AEDD8900474C418C065E2C43AF809ACBFF11BBF51ABD564EF5AC6262727C5AABF79F35F38CE014AB08C8DDD572A152726FE557643E5C8E604A0FBB1337E2D1CBFBA775A8DD89304B4C318C0650F3DF4903B383FF9C94F7A03F5B77EEBB78CFC466231FB0C0F57FAFB6F1819F9BBE9E9A71D673F6566E687A3A3FF3034343038D82F6ECB6EA27CD99C000C3876C6AF6DE3D7804EAB0BAB92805E1803B8ECC73FFEF1873FFCE162B1D8DBDB2B86E88A868F7EF4A3060F54716895CA1FAE58F12BC18B0A16EAEDBD6668E826B1EACB6E966E28589C008C3976C6AF9FD9E3B7604AA7559F854940178C017CC0C18307A7A6A69CF7E747719B3F1587916C4E00361F3B3445A7ED2692809A180308C7FC08B3D9DCC36D3E76688A4E2B05D5AE141A03E118A8309BCD3DDCE66387A6E8B45250ED4AA131108E810AB3D9DCC36D3E76688A4E2B05D5AE141A03E118A8309BCD3DDCE66387A6E8B45250ED4AA131108E810AB3D9DCC36D3E76688A4E2B05D5AE141A03E118A8309BCD3DDCE66387A6E8B45250ED4AA131108E810AB3D9DCC36D3E76688A4E2B05D5AE141A03E118A8309BCD3DDCE66387A6E8B45250ED4AA131108E810AB3D9DCC36D3E76688A4E2B05D5AE141A03E118A8309BCD3DDCE66387A6E8B45250ED4AA131108E810AB3D9DCC36D3E76688A4E2B05D5AE141A03E118A8309BCD3DDCE66387A6E8B45250ED4AA131108E810AB3D9DCC36D3E76688A4E2B05D5AE141A03E118A8309BCD3DDCE66387A6E8B45250ED4AA131108E810AB3D9DCC36D3E76688A4E2B05D5AE141A03E118A8309BCD3DDCE66387A6E8B45250ED4AA131108E810AB3D9DCC36D3E76688A4E2B05D5AE141A03E118A8309BCD3DDCE66387A6E8B45250ED4AA131108E810AB3D9DCC36D3E76688A4E2B05D5AE141A03E118A8309BCD3DDCE66387A6E8B45250ED4AA131108E810AB3D9DCC36D3E76688A4E2B05D5AE141A03E118A8309BCD3DDCE66387A6E8B45250ED4AA131108E810AB3D9DCC36D3E76688A4E2B05D5AE141A03E118A8309BCD3DDCE66387A6E8B45250ED4AA131108E810AB3D9DCC36D3E76688A4E2B05D5AE141A03E118A8309BCD3DDCE66387A6E8B45250ED4AA131108E810AB3D9DCC36D3E76688A4E2B05D5AE141A03E118A8309BCD3DDCE66387A6E8B45250ED4AA131108E810AB3D9DCC36D3E76688A4E2B05D5AE141A03E118A8309BCD3DDCE66387A6E8B45250ED4AA131108E810AB3D9DCC36D3E76688A4E2B05D5AE141A03E118A8309BCD3DDCE66387A6E8B45250ED4AA131108E810AB325E9E18556923C2CE7E368879A7B05C488E9B4A68E531550334AA131108E810AB3B5D7C3439F151F26DA7895BCA9B957408C549DD68C71AA026A46293406C2315061B6CC237BE8753B35C7919A7B05C4C82AB26B344E5540CD2885C64038062ACCD6460F8F7A8A7657EFD4DC2B2046F24E6BCC38550135A3141A03E118A8305BDA1E1E73414EBBAB776AEE15102361A735699CAA809A510A8D81700C5498AD8DDFB37B4F697A6EE8AAAF72145073AF8018493AAD61E35405D48C52680C8463A0C26C6DFC9EDDFF94E06D8DA2809A7B05C468D969CD1BA72AA066944263201C0315664B78D12E6AF977021141A35FB8ABB957408CF877A21B394E5540CD2885C64038062ACCD6460F8F7A4A7C9848FB2A5DA0E65E0131DAF8B558F22D3022A250334AA131108E810AB311D9018D10D9A5A066944263201C031566CB3BB2FB7FEDAE1A35F70A8891536457799CAA809A510A8D81700C5498CDE61E6EF3B14353745A29A876A5D01808C74085D96CEEE1361F3B3445A795826A570A8D81700C54982DC337C668C79803813D3A7F630CDA40652A85C64038062ACC96B087073F12CE8037BF6ABDF3B0537CA735729CAA800A540A8D81700C54982D550FF73FD880A161C021C036493AAD61E3540554A352680C8463A0C26C091340BC2EEC671EF4DD73582BA6D39A3A4E5540ED2985C64038062ACC96BC87071FA9FBE8D07DFF61A1969DD6BC71AA02EA50293406C2315061B65491DDB0EB76BAEF3F2C9424B21B364E55401D2A85C64038062ACCC6557640235C6597823A540A8D81700C54988DABEC8046B8CA2E0575A8141A03E12C19A8B55A6D7474746868A8BFBFBF582C46FCF192F9C4B18B1A181C1C1C191999999991DD2CDD50E073D9017D24EFB474EF0C51994AA13110CE86813A3E3E2EA2AAC8EB8F3CF2C8333B761C3B7E7C7E61C1CE228E5DD4C0F6EDDBD7AD5B27EA440477D98D93BB843DDC7D98F7E0E00D1D69BDF3B0537CA735729CAA800A540A8D8170660FD49999994AA532303070E2F513F30BF3147F39F5F62911DC45E54C4F4FCB6EA81CB517D963EED488BE7B0E6BA58AEC317722156A4F293406C2193C50455EEFEBEB7B78DB43F30B7394A8F2F8138FAF5EBD7A6A6A4A7673E525490FF73FA6E9AD4409B7A0267DF71CD68AE9B4A68E5315507B4AA13110CEE0815AA9541A79FD2225BE3CB3E3E9B56B3F2BBBB9F262700F6FC9E66387A6E8B45250ED4AA13110CED4813A3E3E3E3070D342BD464952BEF2D5BFDAB4E96BB21B2D17A6F6F0246C3E76688A4E2B05D5AE141A03E18C1CA8B55AAD582CBE7E726AA17E8192A4CC9E7B77D5AA4F55AB55D94D973D237B7842361F3B3445A795826A570A8D8170460ED49191914AA5B2503FEF951BCB7F90F06310FDCFB2AA6CDAF4F7C3C3C3B29B2E7B46F6F0846C3E76688A4E2B05D5AE141A03E1321CA84D7F0CD4F25592DF99D6E0E0E0F6C7FEEB725EBF69E0E78EF3DAA2F3CA82F3E29C7368CED9375BDFF2D8B3DF3F7966CFBCF3BF35674FCDD979DE79FAA2F38D9D87EF587FA7F4F42CA53CB77FB2AFAFAFF3CA578DCD4B91CDC70E4DD169A5A0DA954263205C270335F837FB491ED3F2F16DEF8FA7542A1D397260A17ECE2D629BB38E736EC9395377DE9977CE3BCE5FFECD3D852B3EBCE6A6C1930BCE8939E7C44567AAE61CAB3BDFFDC9A1C685F6731696D973A77B7A7A3AAF7CD5D8BC14D97CECD0149D560AAA5D293406C2653550936F27F41A7C94F676A6B7B7F7EDD32717EAB36E11DB39BFE8CC2D5EFA517DE9D2BFDF7BF27F7EFD377FFB6FEFFD7ADD71CED69D330BCE3B0BCE8CE33CBDF7F946649FB5B318396B1B795009D97CECD0149D560AAA5D293406C2B53D505BBC253CEC4BE9BCABEC31FB10753BEDBE2DD4CF7A45FCF75CDD397DC1995F7CEF01333333FFF2C0B7BEF6CF0F9C78E3D2B7082D2C39F38D28BFFBB9434DCFB5AA18396B1B795009D97CECD0149D560AAA5D293406C2F5F4F4D46AB5F69E9B306A3725F524B13E743BA9766CA1FE7F5EB914D9179D53E79D37679D05C7999F9B2BAD5C59282C2F147A6EF99375FE27EEDB7FA0E9B9561523676D230F2A219B8F1D9AA2D34A41B52B85C640B862B1D8F6375F26B9C41EBC3F78ADBDE576DAD8B185FA19AF141A6F8C397DC179E3ACF3D64567DF919F5E77DD75CB3F74D5D5D77E64E84F3F10D9F73EB7BFE9B9561523676D230F2A219B8F1D9AA2D34A41B52B85C640B8BEBEBE83070FB6F7DCE457C7E3DF1E93CF55F619AF88FF5E5872DEA95DBACA7EEAA2B3636FF593AB6EF8C8AF7EF4DADE5FFED6BF7DF7A2E3CCCE39E7E72E3D71E7E4DEA6E75A55CC9BB5A7A7A757AC58217B2FE4B0F9D8A1293AAD1454BB6A4C5B899195FEFEFE898989F69E9BE4EA78C2ABEC2D6FA7DDB17AFD5DAFB8DB11A9FDCC82F3EEBCF3C6D985DD87A756FDCEA76FFCBDDF7F6BCE79B3E6BC55734ECF3922B4EFDCB3B7E9B95615F322FBD4D454B15894BD1772D87CECD0149D560AAA5D35A6ADC4C84AA552191919E97C3BF169AFE555F6CCDF18E34FA2FD37AE7DFEA557F61DAE4E1EACEEDA5FDD75E0E8EEE78FFF60CF8B3F39FCEA8FF61FFDF1FE97771D7879F2D0D1C3AFFCECC16F6FBBF5B65BA54767227B56C6C7C7CBE5B2ECBD90C3E66387A6E8B45250EDAA316D254656DC2F0A6DEFB909AFB2C7FCEB7F4CFCEDB43B56AFBFE32F5FFAD29D317BEBF9E35B6E697AA255C5BCC8BEB141F65EC861F3B14353745A29A876D598B612232BD56AB5542A75BE9DD0B4E7DD197323C976DAD8997AFD34256D312FB297CBE5F1F171D97B2187CDC70E4DD169A5A0DA5563DA4A8C0CB5F717A82DAF58373DD24976053DB3C8BEF836256D312CB24F4F4F178BC5B63FC3546B361F3B3445A795826A5790512B31B2B565CB960D1B36C8DE8B2C3522FB294ADA62586437AF632767F3B14353745A29A8760519B512235BE2F45A9C648B536DD93B929946647F8B92B69814D9CDEBD5C9D97CECD0149D560AAA5D4DE6ACC4C8C3C4C4447F7F7FAAA704E39D3A81AF11D9DFA4A42DEAB460E7B2FA28241DD97CECD0149D560AAA5D4DE6ACC4C8C9C68D1BD3FE76CC7B877AFC7BD9BBAF11D9A729694B54AB95CBE5471F7DB4CB8DD8892D5BB6AC5FBF5EF65EC861F3B14353745A29A8766511D9D1DAF0F0B00867333333ED3D5D9D6BB444F64C22FBE1C3877FE9977EC93B07D322B5D76AB54AA562E73A64F3B14353745A29A876C5A992A5A0B8F1F1F162B1B871E3C6546F6E53EA12BBF35E64FF79B6C5BFCDD0DF2AC43C38E16663EECCE388425FD7ABC3DFFDDDDF6D3AC0679F7D56629BB6244E35B76CD9227AAF85BFE7B5F9D8A1293AAD1454BB1688EC484A0C6911D9C5902E97CBE2C6C4C444E8C382D15C7A52F7883D595C7C23F3E26D36B87DF79E608E6FBA33669B093718B59DAC0E50D4DEB7BFFDED65CB96F95F6EF9F2E5E21ED9AD1A4EF4CFCD9B370F0E0E8A1EBB61C306ABFE8ECAE66387A6E8B45250ED7A51254B4117B55A6D7C7C5C44F6FEFEFEA8E0A8B2C5C593F9156FFB5137BC7F830FF0EE4FB5DB791F91F72A4D611D00A03BB18E0F0F0F8F8D8DB5FDC6577413911DD92B447C956941F6E5F6C2A580FB7A7EC5DDBE371B7AF7F8EF6CFA917F9792DCF6DF19DC667EC7256AEFD1471FBDF2CA2B9B5EF48A2BAE90DBA60000D880C88EECF9237B13E93BB6B87822DBF27E5C7EEF76D40DEF914DF7346D2AFE76D3D3835BC8A9F81B6EDDBA754D6DFAE69B6F4A6C5300006C406447F6D4BECAFEB3CC8BB7D9E0298AFF4731FFC63CDDBF11FFB3E21F96F901FAAB5164F4EBAFBFBED0B8C4BE6CD9B27FFCC77F94D5A000005882C88EEC1594BECA9E6F640FFD51F001C1141E7567920787BE747E91DDF5E8A38F7EF6B39FFDA33FFAA3EEB7230000B621B2237B5E3A57F22AFB6B99176FB3EE0DDF35EFE67BA2AF8E7F603B496E476D24A70394DB700000588E9518D92B84BD314695ABEC4B5399176FB3EE8DE0BF518F0FDE1F99E9235EABE536B33A40B90D070080E55889619146AE7D35F3F27EAA7ED5FBB7E91EEF61FEC7FB1FD6F48024B7C3627DF687E6BD96ECA60300C06AACC4B04823D7FE34F3E26D36B87DFF3D310F8BD966F07EF7474D0FC8E9D0BC8DCB6E3A0000ACC64A0C8B3472EDF19C4AD3C67D17BF2FDF8E7EDF4B8BAD05EFF73F206A23191E9AECA60300C06AACC4B04823D71EA3A42D44760000E4622586451A91FD154ADA426407005721CD27A125993C996091101D051621B213D901A013F191BDE5DB205B6E108842478145C4CCB8B4749492B6B0A2008013FB4581A9E278AA4C0FB8E81CB04823B2BF4C495B584500A010F19523C187B58CE3496E034DE81CB04823B25729690BAB0800845E080F8DEC99DC069AD039609146647F8992B6B08A00802BEABD31C107C4DFE68D31488BCE018BF4F4F45CB8706069E9454AAAC22A02004EE24F80E18D31C8039D031629168BAFBEFAFDA5A5239454855504009AC277CBABE3F13F6A791B6842E78045CAE5F253E35B979C1728C9CB4BD5EF954A25D94D07006A898FDA5EAC8FFA296F8C415A740E5864F3E6CDC3C3B74B0FC17A95EF8CDC5BA95464371D0028C17F95DD7F67D363A26E04FFCB55762444E78045A6A6A64AA58F5FA8ED5B720E531296C1C1CF8D8D8DC96E3A00902CF87EF4E0D5F1F8F7ACB77C930C10838E02BB6CBC64FD92F33C2549F9CFD17F1A1A2ACB6E3400504E92ABE349E238911D09D15160975AADD6DFFFE9C9C97F779C4394F8323DBDA354FAF8CCCC4ED98D060080ED88ECB04EB55AEDEB5B59AD8E39CE414A5411795D9CDB4C4C3C24BBB9000000911D569A9C9C14A97DF3E6BF709C039460191BBBAF542A4E4CFCABEC86020055447D2C0CD01DF43658AA56AB0D0F57FAFB6F1819F9BBE9E9A71D673F6566E687A3A3FF3034343038D82F6ECB6E2200504BE827B2F3F98CE80E7A18AC36313151A9FCE18A15BF12F329B9F6E8EDBD6668E82691DA65370B0068A0404C4717D1DB00000052085EF290BD47301F9D0C0000A085603427A9A39BE86D000000AD15782F3BE4A187010000B456F07DCB69E8FD407EE864000000ADF9233B97D8D1657432000080D6B8CA0E89E864000000AD71951D12D1C90000005AF3D23957D9D17D7432000080D642DF18C3557674079D0C000000501A911D000000501A911D000000501A911D000000501A911D000000501A911D000000501A911D000000501A911D000000501A911D000000501A911D000000501A911D000000501A911D000000501A911D000000501A911D000000501A911D000000501A911D000000501A911D000000501A911D000000501A911D000000501A911D000000501A911D000000501A911D000000501A911D000000501A911D000000501A911D000000501A911D000000501A911D000000501A911D000000501A911D000000501A911D000000501A911D000000501A911D000000501A911D000000501A911D000000501A911D000000501A911D000000501A911D000000501A911D000000501A911D000000501A911D000000501A911D000000501A911D000000501A911D000000501A911D000000501A911D000000501A911D000000501A911D000000501A911D000000501A911D000000501A911D000000501A911D000000501A911D000000501A911D000000501A911D000000501A911D000000501A911D000000501A911D000000501A911D000000501A911D000000501A911D000000501A911D000000501A911D000000501A911D000000501A911D000000501A911D000000501A911D000000501A911D000000501A911D000000501A911D000000501A911D000000501A911D000000501A911D000000501A911D000000501A911D000000501A911D000000501A911D000000501A911D000000501A911D000000501A911D000000501A911D000000501A911D00000050DAFF073E4E1125F1D4C2140000000049454E44AE426082, '0');
INSERT INTO `act_ge_bytearray` VALUES ('200018', '1', 'WorkOrder.png', '200017', 0x89504E470D0A1A0A0000000D49484452000004A4000001BE080200000022344BDD0000508349444154789CEDDD7F8C1CE57DF8F1E597392210173585A322F626FD835552F0AA44F2558AEA83A8F82AB564A546E19A3F9C95A2248E9210ABAA924B2BE2AAC1B5AA26BDFC28725A704EADF8F6AAC864A500BD064C2E60C8D518FBF8E1E4027658624C2E1893A5B6F162DFF9E6FBF80636C3CCECECECEECC3CCFE799F74B8F4E7B7BB3BBCF3CCF679E793EBB7BF3141C0000000080750ABA2B0000000000481EC91E000000005888640F000000002C44B207000000001622D903000000000B91EC01000000808548F600000000C042247B000000006021923D00000000B010C91E000000005888640F000000002C44B207000000001622D903000000000B91EC01000000808548F600000000C042247B000000006021923D00000000B010C91E000000005888640F000000002C44B207000000001622D903000000000B91EC01000000808548F600000000C042247B000000006021923D00000000B010C91E000000005888640F000000002C44B207000000001622D903000000000B91EC01000000808548F600000000C042247B000000006021923D00000000B010C91E000000005888640F000000002C44B207000000001622D903000000000B91EC01000000808548F600000000C042247B000000006021923D00000000B010C91E000000005888640F000000002C44B207000000001622D903000000000B91EC01000000808548F600000000C042247B000024AF50E00C0B20471A8D46B55A553FD378F2D6885A0808DDACDDC37328BF7B0E00401CC1B9856F9E11310B09CE4500C03E2AC75BBF7EFD5D3B768C8C8CA49DEF396F1F7523368BBE33278CDEF366B359ABD5B66CD952A95446DE323A3AAAEE999A9A4A29920000F08A982504271C31DF6606006BB899DEDE27F69D595C523FD3CBF7BCBA7A2B2DCF43B1A17BAE723C95D40D0C0CA8344FA5763B77DEF3E0AE87DC72EF7DF7DF76DB57C6C6C60607078787872727277557160060B338C99EEFD7D077A001C03EDE4CCF2DA9E67B31BF3DC1972C5A8CDBEDB9B939151F2AC753495D2B68DA95DD8F3EB671E3C7CBE5F2CCCC8CEE8A0300EC14FA2D4DDF9FDA6D9F4D0D01408B60A69752BE17FAB5F9E08D88DC2FA99A8863D69E6FDBB64D656E0FEE7AA8639AE78B2715679B366D6A369BBAF70000609BE8B98513F9395E9E671800ECD62ED34B2FDF73627C64C7372C7C4CD97395A78D8D8D8D8F8F7795E679CBBFDC71870AA9858505DDBB0200B04AC764CF899C85E4799201C056D1995E1AF95EC74FF682BFF23D0BC790644F657AC3C3C35353533D677AAD6F75AAE7A9D7EBBA770800608FDEBEC6C9240380ADE2647A89E77BDD7EB2E7300EAF3062CFC7C6C6FACFF45A21A5F23DBECF0900484AC42C21F8A7886F78028005E2677AC9E67B3D7CB2177D674EE8DFF36DDBB6F5F3EDCD60D9B9F39E4AA5A27BB70000968893EC79DF728EF3400090A8DB4C2FC17C2F34D98BFE64CFF17C12D8CF4B8BA679CFE7E6E6CAE57282999E5B3EF5A94F6FDFBE5DEFAE0100ECD0EE3FF15A1388763F1DF23D0016E92DD34B2ADF8B339CF2958A20CD6DA132BDDE2226BA1C7EF1C89A3545BECC0900E85FB75FE38CF39D2200902598E9DD7BDFFDD75C533A78E850E86CFCE82BC7D6AE5D7BD78E1D89E47B11FFB0E77BDFADB57DF4BFF6E587CEDDAED56A954A25F14CCF2DB7DEFA858989098D7B07000000582034D31B18185019D49A35C560BEE7667A6E8A9554BE87DEE84CF6546777BBA45E571FEE0D0D0D69DC3B00000040BA884CCFE5CBF7BC991EF99E76DA923DD5C783838329657A6E59B76EDDECECACAE1D04000000440B667AC74F9C1C1A1AF27D43B295EF05333D456586875F3C42BEA785B6646F7272B25AADA69AECDDBE75EBF8F8B8AE1D04000000E46A77451675CFE0E06030DFDBB77F7F68A677EF7DF7079F817C2F1BDA92BD4D9B366DDFBE3DD564EFC15D0FA930D2B5830000008050D1D7DE0CCDF756AD5A1527D323DFCB92B6646F7474B45DDF27550E1E3AB4664D51D70E0200000012C559652134DF8B99E991EF65465BB297D2A20BDE72FCC4491564BA761079D36C36676666B66CD932F29662B11831020200001828FE7A7A11F95EC74CCF9BEF7DF0831FCC781F7DD49CAD357F5373B9E9E9696B52506DC9DED0D090F73F35532A85BC2EA9812CA91CAF52A9A841CD1D2066DE52AFD775570D0000A03B2AD38B7FC1FC1FCDFCF8820B2EF0E54EE79D77DE8E1DDF8DF90C26FCE3959AB3B5E66F6A2E373A3AAA925855AB5AADA6B762FDD3960B954AA5670E1C20D983680B0B0BEE9B40168C05000000CADCDC9CCAF78EBE72ACE34C3BF4DA9BAED0F5F7429F41CDA3D42BEADEE910EEBBF9E572797E7E5E775D7AA72D174A75913DB7F03F7B48D5F4F474A954520381EE8A00000024294EBE1791E9C5CCF74CCEF45A54F554BE373535A5BB223DD296EC55AB55EF028B6994DD8F3EB66EDD3A5D3B08BBD56A35FEA5180000D82A3ADF0BCDF4CE3BEFBCF8F99E884CCFD56C36C7C6C62627277557A417DA92BD8989895B6FFD42AAC99E4A26376EFCB8AE1D84C5EAF57AB95C26D3030000166B97EFB55B39FD9BDFFA76E8FA7BC17C4F50A6E752F99EAAF0ECECACEE8A744D5BB2A7A6CBC56231D5646FC3860DD3D3D3BA7610161B1E1E9678B4030000742598EFB5CBF4DC6B6FB65B6FDD9BEF89CBF45C2A7929954A2AEBD35D91EEE8BC7E49AAD768397EE2A40A3571FD01F3D56AB54AA5A2BB160000005908E67B1B377E3C34D3734B30DFDBB061839A998BCEF45C9B376F9E9898D05D8BEEE84CF652FD26E7D7BEFE75F5E41AF70EB61A1D1DE513630000901F11F95EE87A7ADE7CCF9A4C4F999F9F2F954ABA6BD11D9DC95EB3D92C168B69ACB6A7426ACD9AE2C2C282C6BD839554500D0D0DE9AE05000040A642F3BD8895D3DD7CCFA64CCF25EE7F79342F43373535F5D15B6EE1633D48C177380100403E05F33D95D1454CC89F3970C0B24CCF11F84D4EFD6B8EDFFCE10FEFDC794F82999E0AACB56BD7AAD8D2BD67B090B8231C00002029F1D75BF7166B323D47E0FBFEFA93BD46A3B16EDDBAA4AED4E25E20E8E0A143BA770B76524315ABA8030080DCEA36DFB329D37304FEDB9EFE64CF59693595EFB55B72B1AB4CEFE60F7FF8DEFBEED7BD43B096B82F6A030000242B7EBE6759A6E7BCB57A9CEE5A74C18864CF59099AB56BD7EE7EF4B17EBEBDA93246323DA44A1DDEEA20D75D0B0000009DE2E47BF6657AAE42C194042A0E83EADA683454D0DC76DB57BAFD1EF0F11327BFF6F5AFBBDF05D5BD13B0DCE0E0A00A54DDB5007AE13D39C93A5101000C149DEFD99AE939D2CEA166D5B5D96CAA64EF9A6B4A2A796B5DBD27BADCB56387DAFED65BBFA0424A77F5613F598737F2CCBB9AADF74E2790F545D0506F00801CEDF23D8B333D47DA6CD0C4BA2E2C2C6CDEBC797070F0E60F7F58E572C18BBAAA7BEEBEFBFF7DF4965BD4361B377E9CAFD52133B20E6FC009046DF4AF31FF0400802B98EFD99DE939D2CE8FE6D6B5D96CD66AB56AB5BA76ED5ADF9BCDEA1E95E94D4D4DF1853A644CD6E18D9C0BFD1C2FF49E8887030010CD9BEF599FE939D2CE8F92EAAA123FDD5540DEC93ABC9173BED42E34C7F3DEF07D7B93680700C4E4E67B070F1DB23ED373A49D1F45D55554CBC24A042104097E8ED76E9BE81B000074A472BC62B1687DA6E7483B3F8AAAABA8968595084208E2FBB0AEE3277BED6E000010474EBE8527EBFC28AAAEA25A165622082151CC648FAF7102007AB667CF1E75E2C8C30535649D1F45D55554CBC24A04216409FDB73D2ED0020048DCEAD5ABD589E3739FFB9CEE8AA44ED6F951545D45B52CAC4410428A769FD1B1F402002071DFF8C637DCF3CE55575D65FDBFEDC93A3F8AAAABA896859508424814FDC95E043DD5050088D26834060606DC13C7AA55ABAEBFFE7ADD354A97ACF3A3A8BA8A6A59588920842CDEABB344FFCF5EE863D3AE1E00C002954AC5FB46E1EAD5AB27272775572A45B2CE8FA2EA2AAA65612582100000A0A5D16804BF1872F5D557379B4DDD554B8BACD9A0A8BA8A6A5958892004007425E6259100A1EEBCF34E37C1BBF6DA6B5BC9DEFBDEF7BE999919DD554B8BAC0359545D45B52CAC141184CD66538D6B5BB66C19794BB1588CFE872800B0951A005B83A11A18A7A7A7F3704176276C1513877F9785D51E79E4914B2FBD541DF28383832A7A87565C71C515247B86105557512D0B2B8506A11ACE2A95CAC0C0803BA799794BBD5ECFBC820060043500B6064335308E8E8EAA89A01A246BB59AEEAA65C477BE88FE35E69F0033CDCDCDB9731E377AD56DBB2FC829EB20155557512D0B2BF982706161C17DDF3A3FD31700E899FBD658B95C9E9F9FD75D9714857E8E177A4FC4C301897212BDB27653545D45B52CACE40DC2E9E9E952A964F1B71400200D7373732ADF9B9A9AD25D91B4F852BBD01CCF7BC3F7ED4D663B902B27D12B6B3745D55554CBC24AAD20ACD56A23232339F91714004856B3D91C1B1BB3F5E2ECC1CFF1DA6D137D03102727D12B6B3745D55554CBC24AAD2FA397CB65323D00E899CAF746464666676775572479BE0FEB3A7EB2D7EE06204E4EA257D66E8AAAABA8968595DC201C1E1EB67282020059AAD7EBA552C9FAC5B8F81A27F22327D12B6B3745D55554CBC24A2A086BB55AA552D15D1100B0C1E6CD9B27262674D72279A1FFB6C7055A60BD9C44AFACDD145557512D0B2BA9201C1D1D9D9E9ED65D1100B0C1FCFC7CA954D25D8B24B5FB8C8EA517900739895E59BB29AAAEA25A165672570BD55D0B00B087C55F8C8FFE642F829EEA027DCB49F4CADA4D517515D5B2B0920A42BEC3090009B2F29B9CDEABB344FFCF5EE863D3AE1E90929C44AFACDD145557512D0B2BA920B46F5202001AF18FD0803572325797B59BA2EA2AAA6561251584ACA20E0009B2EFDFF680DCCAC95C5DD66E8AAAABA89685955410DAFABF2500A045BD5E2F168BBA6B0120013999ABCBDA4D517515D5B2B0920A42352FD15D0B00B00AE777C00E39399665EDA6A8BA8A6A5958490561A3D1D05D0B00B00AE777C00E39399665EDA6A8BA8A6A595889200490A0B9B9B9EDDBB76FD9B265747474E42DC56231FABAFC409EA903A475B0A863677A7A9A3761CD51C8C73449D66E8AAAABA8968595084200FD5339DED8D8D8D0D050B95CDEB469933B619D794B0EBF2BCED08AF8D401D23A58DC374A06070755E257ABD574570D79399665EDA6A8BA8A6A5958892004D08F85850535375539DED4D494BAADBB3AA66068459F54E257A954D491353F3FAFBB2EB996936359D66E8AAAABA89685950842003D53F35135199D9E9ED65D11E330B42211737373EE3B29BA2B925F39399665EDA6A8BA8A6A5958892004D09BF9F979350DE5D3BC500CAD484AB3D91C1B1B9B9C9CD45D919CCAC9B12C6B3745D55554CBC24A0421801EA809285F308BC0D08A04A9C36D6464844571B5C8C9B12C6B3745D55554CBC24A0421801ED46AB54AA5A2BB16E6626845B2EAF57AA95452599FEE8AE44E4E8E6559BB29AAAEA25A1656220801F4606C6C8CFF238AC0D08AC46DDEBC79626242772D722727C7B2ACDD145557512D0B2B1184007A502E97E7E6E674D7C25C0CAD48DCFCFC7CA954D25D8BDCC9C9B12C6B3745D55554CBC24A0421801E0C0E0EB2EE73048656A461787898FFDCCB584E8E6559BB697A5DA7A6A654830E0C0C94CB657563686848FD7CC73BDEC1BFB923339FFFFCE70B2B2EB9E412F5F3FCF3CF777FBDFFFEFB75570D80B9387FC5276BE60429F82667F672722CCBDA4DD3EBFAFDEF7FBF1070C30D37D46A35DD55435E7CE94B5F0A06E13BDFF9CEF1F171DD5503602ECE5FF1C99A39410A2E8C94BD9C1CCBB276D3F4BA369BCD8B2FBED87BA6BCEEBAEB868686F83E0C32A382CD375DBBE4924BCE3FFFFC175E784177D500988BF3577CB2664E90827FDBCB5E4E8E6559BB29A0AE5FFEF2972FBCF0C2D6C9F2339FF90C9FA820637FF4477FE49DB1BDFFFDEF1F1E1ED65D2900A6E3FC1593AC9913A4A8D7EBC56251772DF22527C7B2ACDD9451D72BAFBCD23D53DE72CB2DEAB865E11464AFF5AF7AAB57AF56B337DE9B071007E7AF3864CD9C2008A195B19C34B8ACDD9451D7871F7EF8A28B2E522D3B3A3ACA7F3B408B6F7DEB5BEE8CED5DEF7A17EFCD038889F3571CB2664E1084D0CA584E1A5CD66E8AA9EB8D37DEE89E2C755704F9F5CE77BED34DF674570480249CBF3A92357382208456C672D2E0B276534C5D17161654CB72C56A68F4D4534F155871014097387F75246BE6044108AD8CE5A4C165EDA6A8BA8A6A5958892004D003868E68B40F524268652C270D2E6B373BD7B5D96C4E4D4D8D8D8D8D8C8C148B45FF9A41B9A1F65DB540A552999C9CE4E21C1923085D8282902E7309EA32FB10842E11415810357382208456C672D2E0B276B3435DA7A7A7D579429D2CEFBEFBEE0777ED3A78E8D099C5C57C16B5EFAA0576EEDCB971E346D526EAAC99490781209417847499B82EB30F41282B0865CD9C2008A195B19C34B8ACDD6C5BD746A351AD56376CD870F8C5C36716CF50BCE5E82B47D5595335CEC2C24296BD953704A1B820A4CBC475997D08428941286BE6044108AD8CE5A4C165ED66785DD5C9B25C2EDFB5E3CE338BA729EDCABDF7DDBB6EDDBA7ABD9E6D97E50541282E08E932715D661F82506810CA9A394110422B6339697059BB195ED76AB5BA72B27C83125D1EDCF5C0FAF57F9C719FE50441282E08E932715D661F82506810CA9A394110422B6339697059BB1952D7E9E9E90D1B6E5A5C6A52E2942F7EE9AFB76EFD6AF63D673782505C10D265E2BACC3E04A1DC2094357382208456C672D2E0B276D35FD766B3592C165F3C525F5C3A4589534E9CFCCDDAB5D7B180528208427141489789EB32FB1084A28350D6CC0982105A19CB4983CBDA4D7F5D272727ABD5EAE2D2EBAD72C3E89FC5BCBEB3F751B92A5BB7FEFDF8F8B896FEB31241282E08E932715D661F825074101644CD9C20484E428B95665C99AD3453101557FEBAAA06DA79CF7FFDF66479D3865F39CE0B679DE7169D9F9E769E3CEDEC3DB13471CF433F3CF2DA9E33CEFF369D3D4D67F7EBCE036F38DFDCFDF4A7367D5AFBA94B4B7962DF6CB95CD6D27F562208C505215D26AECB22B857B3347641B6760842B941282BE49855BB44ACDFE8489B94F7869566B25F6946565CF9EB5A2A950E1CD8BFB874D22D6A674E38CEC965E7B525E7D533CEEB8EF3577FF395C2F9970EDF5439B2E81C3EED1C7EC3A9379D834BCEF77EF264E1DCFBA32773584E9C3C363030A0A5FFAC44108A0B42BA4C5C97B5A3266DEBD7AFBF6BC70E358D3379021744100A0D425921C7AC3AFB59759F644DCABBC54A33BA569A911557FEBA0E0E0EBE72ECC8E2D209B7A89D79FDAC73FAECB93F2D2D9FFBF983FBFFE7F77EFF0FFEF6F6AF2D39CEF125E7B545E7D545470DCF0F3CFED4CAF9F2443E8B99BD2EEBEDD21682505C10D265E2BA2C943BEDDEFBC4BE338B4BEAA788C9770B4128310805851CB36A5DB3EA3E9936CC2688956634AE34232BAEFC755D39E71D6F15F5EBC925E7D829E7CCD9373750B1F5CFDFFECE57FFE9DB875F3A77482F2E3B6756CEA38F3DF1A4EFB1B92A06F6BAACB74BBD08427141489789EBB220EFB4DB2D864FBE7D084271412828E498556B9C55F7C9A8613659AC34A371A5195971159AECFD5FAB9C3B5F9E758EBEEEFCFA84B3E838674E9F2E5D734DA17041A130F091BFDCE87DE0DE7DFB7D8FCD5531ADD705BD5D1A44108A0B42BA4C5C97F904A7DD864FBE8308425941282BE498556B9C55F7C99C613659AC34A377A5195971159AECBDD62AEE37618E9D725E3AEEBCFC86B3F7C02FAEBCF2CA0B2E5C75C9E5EF1AFBD8DBCE978F3FB1CFF7D85C15A37A5DD0DBA5A108427141489789EB32AF76D36E59A3074128280865851CB36ABDB3EA3E1932CC268B9566B4AF34232BAE4293BD46ABA85F4F2D3BAF36CFBD397AF40D67D7E3F3D7AEBDFE5DBF7BC5E583EFFCCEBF7FEF0DC73971DA79FDF4B907EE9E7DDCF7D85C15737A5DD6DBA5A108427141489789EBB296E869B7A0D18320941284B2428E59B5F659759F4C186613C74A333D9464579A91155721C9DED2D26F5AC5DD1975CA7C6DD1F9CD19E7A5E38B8F3D5D5FFB871FB8E14FFEF4E5D3CEAF9BCECB4DE7D869479D3177EF79DCF7D85C15437A5DD6DBA5ED1084E282902E13D765AE38D36E29A30741282208C5851CB36AEDB3EA3E691F66D3C04A333D9464579A9115571D92BD911BD63FF5B3E7F63E3D3F3B37FFE8BEF947F73FFBD853877EB4E7A73F79FAF987F73DFBC8BE9F3FBAFFE7B34F3EFBF473BFBCE35F777CF4968F6A3F6FE5E47C194AD6DBA51108427141489789EB32A79B69B788D18320343F0825861CB36AEDB3EA7E08BD267947AC34A37DA51913A6FDF185267BAF7ACB673FFBE938EF60FDC5473EE27B60AE8AF65E17F776690482505C10D265E2BAACDB69B7F9A307416878100A0D3966D5DA67D53D937B4DF28E586946FB4A33DAA7FD5D094DF68E51BA2D7A7B5DE2DBA511084271414897C9EAB2DEA6DD868F1E04A1C9412837E498556B9F55F746F435C93B2AB0D28CEE9566B4477857C292BDB3AF50BA2DBC439F2082505C10D26582BA2C3862DC7BDFFDD75C533A78E850E85871F495636BD7AEBD6BC70EC3470F82D0D820141D72CCAAB5CFAA7B20FD9AE41D15586946F74A3316247B4729DD16DEA14F1041282B08E932415D163AED1E1818503559B3A6189C7CBBD36EF7EB8E864CBEDB2108CD0C42E921C7AC5AFBACBA5B165C93BCA3022BCDE85E69C68264EF654AB78577E81344100A0A42BA4C5097454CBB5DBEC9B777DA6DCEE4BB1D82D0C020B420E498556B9F5577C58E6B92775460A519DD2BCD5890ECFD9AD26DE11DFA0411845282902E13D465C111E3F8899343434385B76B8D1EC169B7A24698C32F1E3173F420084D0B423B428E59B5F659757CD65C93BCA3022BCDE8BEF8B005C9DE02A5DBC23BF4092208CD0CC2A9A9A97ABD4E9799D66511FDD212F1BDA6C1C1C1E0E47BDFFEFDA1D36E35CEE89D391184260461AE428E59B5F659754C365D93BC235F68B1D24CF66149B297C792D9A4CDB1E5ED52266D6606613BCF3EFBAC1B39975D76D9CE9D3BE93243BA2CBA5F5C1DBFD7149C7CAF5AB52ACEB43BE3D183203421087315720EB36A0366D57158764DF28E0AAC34A37BA5998C23BC4FA1C9DEAF522AD14FDEFA6B6880C67F36EFF3C479DDA476ADCF9E887306756C79BB34C6A42DDDFE4A369E0DA970AA434FB3D93CFFFCF3DD5EBBE8A28BDEFFFEF77B7375C60D5D5D16DD2F4EECEF3505478F8E2346F6A387C620EC337AA3A34E6FCDBB0DC25C859CC3ACDA80597547F65D93BCA3022BCDE85E6926CB08EF5F48B277F6EC4B8917DF20E8BBC7BB59BB87079F24C8F724C11BE995FE7BBDE319D4B1E8EDD28E93B6B4FB2B66A0464457C46D8D954FB5D77C9F1E5F72C9259FF8C4275457A6D765C12E08F64844E3071F12A76743FBDAE42E8BE897AEBED7D46EF2DD71DA9DE5E8917D10C6E9C4D0588D134EBAEADC6710E62AE40ACCAA75CFAAA359794DF28E0AAC34A37BA599CC223C11A1C9DE910C4AEB85E2BCA2BB4DF496C1278CB891C6EEF4DF19116750C7BAB74B3B4DDAB208C28EB1148C99883F692FAA3EAAEF227A3F5519774D9C572C48183752ED3235623CB8EBA198F39E1FCDFCF8820B2EF03DC379E79DB763C777633E837AAD9115E9ED51B46C8230B41F0B8191A1D026FC8CAA79E241A825E4523D55159855EB9E5547B0F59AE41D15586946F74A33D94478524293BD17132FDEA7756FB7EE09DE887E78C73BDF3A7776F712FDEF60AA539CECDF2EFDE0073F98DEEE74945237F51CAEC10033B0E68594879ECB2FBFBCB59B95152A4EE6E7E71937F4765944BFCCCDCDA97143CD6F3A1EF5A1FFD9EB0ABDBA6FE833A8D755AFD8FF1EF5B6B3DA8FBE889F5D8568F6354FB017EC0BB902B36ADDB3EA762CBE26794705569AD1BDD24C06119EA0D064EF701AC57DE6D6F3FB7EF5DD0E7DAC7BA39DE88DA39F3F91BDEBBF3322CEA0F6BD5DDA69D296564FC58FD5E8B0D45EC99482B01D7522743BAB542A7DF2939F543FA7A6A65A7F65DCD0D565D1FDE2C49B7C474CBB5D1D27DFF1A7DDAD5D0EBE4AE866F17756EF21E98D96D09FA1D5336118E93608C5855C9F0ACCAA75CFAA43D97D4DF28E0AAC34A37BA599B4233C59A1C9DE2F932DED4673F74FDECD229E21B84DC7DBDE1B69EC97AF867DF644F419D484B74B0B7DCCD27CF7C798B4A5D859717AB363586AAF641A4118E185175E50E7D1D1D1D162B1383E3EEE3B29326EE8EAB2E87E71458F1EA123C679E79D177FF4E876DAEDDD6BEFA812B1596B67D59D590661CC4EECF8331857C148D655BA0D428921D78F02B36ADDB3EA203BAE49DE11172DD77EF1E108A94678E2B248F6224E90A137A2376EC7BB71BBB3AC39E7CBA08E675013DE2E2DF43A4BF3DD997DE610B313A3456FACA5CEC90661B45AAD363939197AEE61DCD0D86511FDD2D26EF4683707FAE6B7BE1D7A75DFD06F46F539ED769F3CFEC6DA8330B41F0BB193BD8C632C8D20941E725D2930ABCE70569DAB251CA3B1D28C3961192AC1A7CA4068B2F742E22530C17AA1F542C11BA10F0F6E137ABBF5FC319F39C11DECBF333A9E414D7BBBD47DC2F81BC7DCD90CFAAB636F86DEF6DDD971B3ECAB1DB32F12C7B8617E9705478F76D36E770ED46EE6E4FB6654CFD3EE42989E3773748F1BDEF80CFE8C083C8D754E3B084D0BB9DE1498556735ABCEDB128ED18C5D6926E64B7B372B18B0C64C6F2BCD44486FE44C4358B2B75C4FBC789FD6BDDDBA277823E2E1A1277E57E8C61D9F39C11DCCA6C34C78BB34B4FD7BDE2CF48169F757B7E11A1190D904985141985997316E242B387A6CDCF871DF88E19D0305674E1B366C387EE2643FD3EED63850087C35C07B236254897866BD475FC4CFD060CE26C6F406A10921D7A7028B886635ABCEDB128E1D19B8D24C704519AF76EBCA78B717B7D24C3BA98E9C890B4DF69E4FBC789FD6BDFDDBE008DBA6DDC3DB6D1F7ADBFB421D5FA2FF1DCCACCF74BD5DEA3ED049619616DC32A56EEA36564363A6E3061A6B1EB38513C7B821A5CB2226DFEDBED7D41A3D929A76B78691A0E066CEDB878E8816D3782446844ABB206C8559AA016642109A1072FD28A4333DF545FE5916115D61D4128E7AAF49DE91C6F55AE22CE812B1D88CDE8A25383224F55419084DF67E9178F1F7F4CA3DC16D221E1EF34EEFFDC1D74A69EFDC67CEB2DB74BD5D5A486796167C9594BA296657C6FCD51B607AEBAC250833E832C68D34848E1ED1DF6B52A34782D3EE42A7F78C82BFB6DBC6B7BDAEE3CE7BA3DD88D16EB8D03E7A641084DA43AE1F85ACE6A6AD178AF38AEE36D15B069F30E2461ABB93EC7A54F65D93BC2363579A89B30E4D70F91913EA9CE07097C1C899A0D064EF50E2C5FBB4EEEDE00B85BE742BD0A39FD3B77DE88BB67B9EA47630E39ED3F27669219D595AF05552EAA6AE0235669845DF9971E563B670E2183764755970F4887EBFFC990307129C7617BA7CCFC8E922D9D379F4056FB78BAB38319965CD7BEECAF8F4865C3F529AA17A9FB6DD9C38E2A543FFD4EECE37E350C222A2262FE1E81D85620E5C71EE6FC7CC95663CE114BEA651E83672579A8990CDC89994D064EF20A5DBA2A5D7B37FBBB490CE2C2DF82ADA3B5462D138F4D065E2BA2CFECCA9E31CA85B85EEDF338ABEB3F527ED1D2AB16416841A43AE1FE9CD505BB3E1D05FA327C7DE47B513BD71DA93EF1EE2CAFC251C63CE6DBA1DBB429979D1F2D0CB088756A6756758644ABAF8703B1A4FDF3D084DF69EA3745B74F57AC66F97A6344B0B6EA9BD432516DDC99EFE161057F49E2DBA9D7C2735ED0E1D46DC49407033EFAFC16D7C1B68EF508925CB20D41572FD48636EDA3E3DCBF522A2E296708C1E91821B77D1162B4C58EE283AFCDA456974F8E9AD79B7BDD00EC95E1E8BC65ECFF2EDD2946669C157D1DEA1120BC99EB8A2FD6CD1D537A3929A76C7D96BDF5013F369B577A8C49271106A09B97E6436430D4DC9E26C1C913A7AB7C978DADD5B5C8958C231B4B57BDEAC372B3D98D1EA2CED569A895851C61384E11B5BB0D24CC623679F4292BDE5E56729DD16BDBD9ED9DBA57176B3D0FD2C2DF80CDA3B5462D118847499B82E6B89F9CDA86433BD76D3D3E0E8117FC244104A09C28C43AE4F29CD507D211D3A278E78E9E8D97670E61DFF990D9C550769B9267970800ABDD16E8C4AB641CEF5A0012BCD04856EDC711B892BCD643F72F62334D9FB39A5DBA2BDD73378BBB490DA2C2DF842DA3B5462D118847499B82EF3EAF8CD2843A6DDD1084241412828E4529A9B7A9FB63575F6FD29E2A5BDDBB413BA71C7673670561D4ACB35C9236641C1CD9CC08C28C1DD5FE9419DEBB574BCFFAD208C5A9946F44A33869CBE630A4DF6E629DD16137A5DD6DBA51108427141489789EB329F886F46993F62B8084259412825E4529AA1FAA6C5675944B47BD95F93BCD0E993BDE0AFEDB6E9D34AC7695BAC25B8C68C6F03EF5F5BB735D6398D9566CC397DC7119AECFD8CD26D31A4D705BD5D1A81201417847499B82E0B0AFD66948811C345108A0B42112197D20CD5F7B950E854387A3E1DF3CEB3562F229AF135C9BBFD64CF4937D9D3BFC64C50E8433A6E2371A519A34EDF1DF9EBAA0E9253A7F62F2FFF94D25531A7D7A5BC5D1A81201417847499B82E0BE51D3D048D182E825062109A1F7229CD4D7D93E6B32C22DAAB2CAF495EE8FE93BDE83B7BB6D271FA176E115748F6DE542C169F7FFE87CBCB07285D15A37A5DC4DBA51108427141489789EBB276DCD1E3E0A14382460C17412834080D0F3966D5DA67D51D65764DF2D0642FFA933DC7F34960BFFBF9F6E7D47E215F898564EF4DA3A3A3FF3DBD7DD9798612BFFC6CFE07A552494BFFB563FEDBA51108427141489789EBB2086AAC508993A011C34510CA0DC29B6FBED9D8906356AD7D561D4736D7248FB353BE84302584A5F6B0949DEC6DDBB66D7CFC13DACF40B2CA77276FAF56AB5AFA2F82E16F97462008C505215D26AECBA2195BB10804A1DC203479DAC4AC5AFBAC3AA6B4AF49EEFD1C2F94F3F6486EB74D220AAC34A37BA5199347AD207F5DEBF57AA9F49E53CDBDCBCED39498A552B9B156AB69E9BF6842DFA12708C505215D26AECBA2C93A8DB90842B9416872BC31ABD63EAB8ECF9A6B92775460A519DD2BCD983C6A0585D475CB399B969DA72871CA7F4EFDE3D8D868F63D179309EFDAF680201417847499B82E8B20EB34D642100A0D4293E38D59B5F6597557ECB826794705569AD1BDD28CC9A35650485D9BCDE6C8C8076667FFC3719EA4449785855DA5D27B1A8DDDD9F75C4CB2C2B185201417847499B82E8BC0B8617D312A084D8E3766D5DA67D5DDB2E09AE41D15586946F74A33268F5A41E1759D9F9F2F97AF999FAFA9A386D2AEA893A59A58CCCCDC99719F754556387A1184E282902E13D765ED306ED85D4C0B4293E38D59B5F659750FA45F93BC23569AD1BED28CC9A35650DBBACECECEAA53E6B66D9F779CFD9460A9D5BE5E2A156766FE2DCBDEEA81AC70F42108C505215D26AECB42316E585C0C0C4293E38D59B5F659756F445F93BC23569AD1BED28CF608EF4A545D9BCDE6F8787564E4FAC9C9BF5B5878C071F6511A8D1F4F4DFDC3D8D8864A6544DDCEAC9F7A262B1C8308427141489789EBB220C60DFB8AC9416872BC31ABD63EABEE99DC6B9277C44A333D9464579A3121C2E3EB5CD79999996AF5CF87867E27E282B3F9313878D9D8D84DEA949941DF24A2202A1CDB2108BD4404215DE625A2CBBC0A8C1BD63139080B06C71BB36AEDB3EA7E08BD267947AC34D3434976A5199347AD204975157A6149BD6485239038C68D1E306E204B26C71BB36AEDB36A04B1D28CF695664C1EB582C4D475CF9E3DAA651B8D86EE8A08232B1C8164316EF4867103593239DE98556B9F5523142BCDE85D69C6E4512B484C5D57AF5EAD5AF6739FFB9CEE8A08232B1C8164316EF486710359323CDE9855EB9D5523142BCDE85D69C6F051CB47465DBFF18D6FB8FF7570D55557D9F7DDEB54C90A4720418C1B3D63DC40960C8F3766D57A67D56887956634AE3463F8A8E523A0AE8D46636060C09DB4AD5AB5EAFAEBAFD75D23496485239014C68D7E306E204BE6C71BB36A8DB36A4460A5195D2BCD983F6A7909A86BA552F15E526CF5EAD5939393BA2B2586AC700492C2B8D10FC60D644944BC31ABD635AB4634569AD1B2D28C8851ABC5F4BA361A8DE025A4AFBEFA6A15DCBAAB2683AC700412C1B8D127C60D64494ABC31ABD632AB461CAC34E395C14A330521A396CBF4BADE79E79D6ECF5D7BEDB5AD5E7CDFFBDEA7C25A77D56490158E40221837FAC4B881CC2C2C2C0C0D0DE9AE451798557B99BC7E23909E82A8B3A4E9757DE491472EBDF4D262B1383838A85A7668C515575CC1A42D2659E108248271A34F8C1BC84CBD5E5787AAEE5A88C45A76802EB2CE9202EA3A3737A74E06CE5B2DAB6E7361BDF86485239014C68D7E306E2033B55AAD52A9E8AE853C2C220A6824EB2C29AAAEA25AD610341A728E43A007341A32B379F3E6898909DDB590874544018D649D2545D55554CB1A824643CE7108F480464366CAE5329FBA778B454401BD649D2545D55554CB1A824643CE7108F48046433654A2A2923DDDB51086454401ED649D2545D55554CB1A824643CE7108F4804643362A954AAD56D35D0B61584414D04ED65952545D45B5AC216834E41C87400F683464804BB3F48045440113C83A4B8AAAABA89635048D869CE310E8018D86B4CDCDCD0D0F0F93A2748B45440113C83A4B8AAAABA89635048D869CE310E8018D86546DDFBE5D657A2C1BD0031611054C20EB2C29AAAEA25AD610341A728E43A007341A52323535353232B269D3263ED3EB198B8802DAC93A4B8AAAABA89635048D869CE310E8018D8604CDCFCF4F4E4EAA046F6868686C6C8CCFA092C2710AE822EBE8135557512D6B081A0D39C721D0031A2D257373732AEDD9BC79F3C85B8AC562F07A1B9629954AD56A75FBF6ED0B0B0BBA7BC02A058E53401359479FA8BA8A6A5943D068C8390E811ED068C95249CEB66DDB545E572E9755DA33313131F316F7FB78400F384E015D641D7DA2EA2AAA650D41A321E738047A40A325C84DF3C6C7C7C9EB902C8E53401759479FA8BA8A6A5943D068C8390E811ED0688968341AC3C3C32ACDE362244803C729A08BACA34F545D45B5AC216834E41C87400F68B4448C8E8E4E4F4FEBAE05ACC5710AE822EBE8135557512D6B081A0D39C721D0031AAD7F9B366DDABE7DBBEE5AC0661CA7802EB28E3E517515D5B286A0D19073B93A04BC3BDBCF8EE7AAD1D2303737572E9775D7C2AFD5ADC10B66866ED6EEE130043D02E822EBE8135557512D6B081A0D3967F121103A59776FFBEE89D0EE99D3AEBCDD86878767676775D72244E8DB01C1EE0E0D00A2C234F408A08BACA34F545D45B56C0F927A57BEDD73023994874320FA9399881620D94B43BD5E2F168BBA6B114B44C21FBA71AA9541B7E811401759479FA8BA8A6AD98ED27B57DEF72A69541E90C2EE432074C408BD27E2E1F1EF471CDBB76FDFB46993EE5A44897936E9EDA483CCD01D802EB28E3E517515D5B2F125FEAE7CB7DB0016B3FB10F0A576D15FD20B4ED949F6D250A9546AB59AEE5A8468757D686C78B76997FB65524DC4458F00BAC83AFA44D55554CBC691D2BBF2DD6E0358CCEE43203862B4DB26FA46BB87A007232323333333BA6B11AE1530D11FD945BF7D0043D023802EB28E3E517515D5B271A4F4AE7CF02580DCB2FB10F00D0B1DC7907637824F9B5285F3A0582CD6EB75DDB508D7F193BDE0AF5D9D7190257A04D045D6D127AAAEA25A368E94DE950F7D38904F39390462267B7C8D33038383838D4643772DC275FBC99E43B267307A04D045D6D127AAAEA25A368E94DE95F7BD44821506C4B1FE1008FDAC26E6B7EF48F6D26072EBF5F0C95EF49DD0881E01749175F489AAABA896ED4AB2EFCA079F19C82D8B0F8176A3419C897BF49F2C6EB40C98DC7AEDDE1A888E99D04FFFA01D3D02E822EBE8135557512D1B531AEFCA77BB0D60B19C1C02D1634884E867430F4C6EBDF8670D93F7022EFA08D045D6D127AAAEA25AB6A3F4DE95EF761BC062D61F02AD91C497BCC5F90A00C95E52A6A6A654A30D0C0C94CB657563686848FD7CC73BDE313F3FAFBB6ABFE58D9376997FC7B709B4D51E017407A08BACA34F545D45B56C57927D573EF499817CE210E8018DD6ADEF7FFFFBC1F1F9861B6E3073C13DD881E314D045D6D127AAAEA25A36A634DE95EF761BC0621C023DA0D1BAD56C362FBEF8626FA677DD75D70D0D0D197B594E5880E314D045D6D127AAAEA25AD610341A728E43A007345A0FBEFCE52F5F78E185AD64EF339FF9CCF8F8B8EE4AC1661CA7802EB28E3E517515D5B286A0D190731C023DA0D17A73E59557BA99DE2DB7DC522C169BCDA6EE1AC1661CA7802EB28E3E517515D5B286A0D190731C023DA0D17AF3F0C30F5F74D145AAF5464747F96F3DA48DE314D045D6D127AAAEA25AD610341A728E43A007345ACF6EBCF14637D9D35D11D88FE314D045D6D127AAAEA25AD610341A728E43A007345ACF16161654EB19B5E2026CC5710AE822EBE8135557512D6B081A0D39C721D0031AAD1FB41EB241A401BAC83AFA3AD7B5D96C4E4D4D8D8D8D8D8C8C148BC5E865DF2CA6F65DB540A552999C9C147435ED82A870843518375C8C1BD920DE5C42E30DBD29483B4E016BC83AFA3AD4757A7A5A9D3CD419F4EEBBEF7E70D7AE83870E9D595CCC6751FBAE5A60E7CE9D1B376E546DA24EA5997450BF648523ECC0B8C1B89125E24D7ABCA137B28E53C026B28EBEB6756D341AD56A75C3860D875F3C7C66F10CC55B8EBE72549D4A55E32C2C2C64D95B3D90158E908E718371234BC49B1DF186DE48394E01FBC83AFAC2EBAACEA0E572F9AE1D779E593C4D6957EEBDEFDE75EBD6D5EBF56CBBAC3BB2C211A2316E306E648978B326DED01B11C729602559475F785DABD5EACA19F40D4A747970D703EBD7FF71C67DD61559E108D118371837B244BC59136FE88D88E314B092ACA32FA4AED3D3D31B36DCB4B8D4A4C4295FFCD25F6FDDFAD5EC7B2E2659E108B918371837B244BCD9146FE88DF9C729602B59479FBFAECD66B3582CBE78A4BEB8748A12A79C38F99BB56BAF3376552559E108A118371837B244BC59166FE88DE1C729603159479FBFAE939393D56A7571E9F556B961F4CF625EF4D9FBA85C95AD5BFF7E7C7C5C4BFF75242B1C2114E306E346968837CBE20DBD31FC38052C26EBE8F3D7B552A9ECBCE7BF7E7B06BD69C3AF1CE785B3CE738BCE4F4F3B4F9E76F69E589AB8E7A11F1E796DCF19E77F9BCE9EA6B3FB75E781379C6FEE7EFA539B3EADFD7CA6A53CB16FB65C2E6BE9BF8E6485238462DC60DCC812F16659BCA137861FA780C5641D7DFEBA964AA50307F62F2E9D748BDA99138E7372D9796DC979F58CF3BAE3FCD5DF7CA570FEA5C337558E2C3A874F3B87DF70EA4DE7E092F3BD9F3CB9F2A6E9C91C9613278F0D0C0C68E9BF8E6485238462DC60DCC812F16659BCC5E72EB6C17AF12EC38F53C062B28E3E7F5D0707075F39766471E9845BD4CEBC7ED6397DF6DC9F9696CFFDFCC1FDFFF37BBFFF077F7BFBD7961CE7F892F3DAA2F3EAA2A3C6DD071E7F6AE5247A229FC5D85E37B662B009E306E346968837CBE22D2695E3AD5FBFFEAE1D3B464646C8F71CE38F53C062B28E3E7F5D574E84C75B45FD7A72C93976CA3973F6CD0DD408FBCFDFFECE57FFE9DB875F3AB74EEBE2B27366E5E4FAD8134FFA1E9BAB626CAF1B5B31D884718371234BC49B65F116879BE9ED7D62DF99C525F5937CCF31FE38052C26EBE80B4DF6FEAF55CE9D44CF3A475F777E7DC259749C33A74F97AEB9A650B8A05018F8C85F6EF43E70EFBEFDBEC7E6AA18DBEBC6560C3661DC60DCC812F16659BC75E4CDF4DC42BEE7187F9C02169375F485267BAFB58AFBF59863A79C978E3B2FBFE1EC3DF08B2BAFBCF2820B575D72F9BBC63EF6B693E8E34FECF33D3657C5D85E37B662B009E306E346968837CBE22D5A30D323DF7309ED50C002B28EBED064AFD12AEAD753CBCEABCD73EF981E7DC3D9F5F8FCB56BAF7FD7EF5E71F9E03BBFF3EFDF7BC3714E9C765E3F7DEE81BB671FF73D3657C5CC5E5F5858181A1AD25D0BD88F718371234BC49B4DF116AD5DA647BEE7489B6E02369175F485247B4B4BBF69157767D479F4B545E737679C978E2F3EF6747DED1F7EE0863FF9D3974F3BBF6E3A2F379D63A71D751ADDBDE771DF637355CCECF57ABD5E2C1675D702F663DC60DCC812F16653BC4588CEF432CEF75AAD175CBC3174B3760F4FA34A003226EBE8EB90EC8DDCB0FEA99F3DB7F7E9F9D9B9F947F7CD3FBAFFD9C79E3AF4A33D3FFDC9D3CF3FBCEFD947F6FDFCD1FD3F9F7DF2D9A79FFBE51DFFBAE3A3B77C54FBC98C93A8D7F4F4F4E8E8A8EE5AC07E8C1B8C1B5922DE6C8AB776E2647ABAF23DE7EDB95FC466D17726581F00599275F485267BAF7ACB673FFBE9E0FB58417FF1918FF81E98AB6266AF6F59A1BB16B01FE306E3469688379BE22D54FC4C4FE3F739DDA08ABF711A1548FC3901C421EBE80B4DF68E51BA2D66F6FAE8E8E8F4F4B4EE5AC07E8C1B8C1B5922DE6C8AB7A06E33BDEC3FDF0BEA79B33E6B92EC13028849D6D11796EC9D7D85D26D31B0D71716168AC562B3D9D45D11D88F718371234BC49B35F116D45BA69741BED7CAD60A812F707A6F44E47E695429F1E7041087ACA32F34D93B4AE9B618D8EB1313139B376FD65D0BE402E306E3469688376BE2CD2798E9DD7BDFFDD75C533A78E850687677F495636BD7AEBD6BC78ECCF23D27C64776C124D049616AD86C36070606927D4E0031993F9C7A85267B2F53BA2DA6F5BA3A0D148BC5858505DD15412E306E306E648978B323DE7C42333D95CFA86AAF59530CE67B6EA6E7E65AD9E47B1D3FD90BFEDA6E9BFE997FD55CC062860FA73EA1C9DEAF29DD16D37ABD5AAD4E4E4EEAAE05F282718371234BC49B1DF1E61591E9B97CF99E37D3CB2CDFEBF6933D27CD646F666646ED63B2CF0920C2D4D4943A90D5B8542E97D58DA1A121F5F31DEF78C7FCFCBCEEAA75109AEC2D50BA2DEDC6711519F57A3DF56E7CBB8989894D9B3665FCA2C833C60DC68D2C116FC9C65B7A62467230D33B7EE2A43B91F26AE57BC14CCF9D811D7EF148AAF95E0F9FEC45DFD90FD5B6636363C93E278008DFFFFEF7836FF4DC70C30DB55A4D77D53A20D94BE524AA4E301FFBD8C7DC38B8EAAAAB329BB7359BCD6AB52A65C6066B306E306E6489784B24DED2F6ECB3CFBAC17CD96597EDDCB9B3DD66EDAEC8A2EE191C1C0CE67BFBF6EF0FCDF4EEBDEFFEB4AFD7129AEC457FB2E7783E094CAA1AAECD9B374F4C4C24FB9C0022A873E5C5175FEC1D79AEBBEEBAA1A1A18C177DE94168B2F72B5DC5FBEA716AA2B7B6BE9AB4DA70FBF6EDAD2F9FA81B2A0E32F81F18156A6ADC2F168B22BE8505CB306E306E64497BBC75550133E32D036A6274FEF9E7BBCD75D14517BDFFFDEF0FBE7F117DEDCDD07C6FD5AA557132BD34F2BD380DE84B0853A2DA56B58CE157CD05ECF3E52F7FF9C20B2F6C0D3E9FF9CC67C6C7C77557AAB39064EFECD9977415EFAB7B87F2887B34D6D65773D57AF3F3F3EF7DEF7BBDF51C1E1E4EF55FA8676666B66DDB56A954D4AB6CDEBCD9FC2B2BC04A8C1B8C1B5932A10723EA5088A43DDEB2E4FB2AE625975CF2894F7CA295A2C459652134DFF38AC8F492CDF70AEDFF61CFE538FEFFD60BDD261122AE9A0B58E9CA2BAF740FE75B6EB9C5FC958A5CA1C9DE112DC5FBD2ED6EFBEED158DB6095D4E924FA1C9F06F5A2E3E3E3B55ACDFC0F916131C60DC68D2C19D283EDAA6148F5CC89B750F1D7D38BC8F73A667A19AFB79E8DE9E9699B760790E5E1871FBEE8A28BD4F8333A3A6AFE7FEBB94293BD17B514F7A55B15688DE6EDB6F46ED36ECB2C2BEFAC5C0AF9431FFAD0BBDFFDEE56952EBBECB272B9ACA36781EC306E306E64496FAF05232AE27E43AAEA8DB72C5D7EF9E5ADA8AEAC50598A7BE53A95E93DB8EBA198ABA5FF68E6C7175C7081EFC83DEFBCF376ECF86ECC6750AFA55EBA5AAD8EB4A7FEBAA5BDC9C9C999F632F80F5B95DDA917DABC79B39A6292E9011ADD78E38D6EB2A7BB227185267B87B32F6FCDBA0E7B6660FE3F79EF69FDF4DEA3B1784FA2D3D3D36BD6ACB9FAEAABDD9A5F7CF1C5223EE4057AC6B8C1B89125ED1D171A4EBED86BC79078CB804A48DC5D2E954A9FFCE427D5CFA9A9A9D65FE7E6E654BE77F495631DF3B4D06B6FBA42D7DF0B7D0695CBA95754295944C2A6D2B988642F3A512C168BD1FDDEBFC1C141F5425C9405D06E61E1DCF5AECC5F71A12534D9FBA596E2BEB4AF02DE5F7D039FF7AF1AABDDAA80B719D52C4D9D1B56AF5E5D2E97D54F758EC9B04F81AC316E306E64497BC7B50B3C5F5C9950CF88784BDB0B2FBC303030303A3AAA12A1F1F1F1E0875171F2BD884CCFD531DF6B657A59EE3B00BB653C9CF6C9E8642F620267DA3935B4D7EBF5FAE4E4A4946FF4023D63DC60DCC892F68E0B0DBC767F32A1B611F1962A15C62A9823BEE2189DEF85667AE79D775EFC7C8F4C4FA266B3E9AE2298CD47A6C652FBAE5AA052A9A883882FEEBA880D57B7B1119AECBDA0A5B82FDDFAD9AA49F046E843F49682A8141F4816E306E34696B4F79DB702110116A4BDDABABB2E44BB7CAFDDCAE9DFFCD6B743D7DF0BE67B647A124D4F4FAB89AC9ACDDF7DF7DD0FEEDAB5D2AD8BF92C6ADF550BECDCB973E3C68DE216C84903B1D1736C84257BCB752DC57D696F05DE3C3BBE7D83E036BA2AECAB7C5AD10D188F718371234BDABB2F3A967CF768AFADF9F116CCF7DA657AEEB537DBADB7EECDF7C8F4C469341AD56A75C3860D875F3C7C66F10CC55B8EBE72544DEB55E3885B292711C4469FB1119AEC3DAFA5B82FDDFAE9AD89EF4FA1F7EB2DC69E44810C306E306E64496FDF055FDD774FC8277A1EC45BA860BEB771E3C74333BD76EB31A8B9CEF11327C9F48452B3F972B97CD78E3BCF2C9EA6B42BF7DE77EFBA75EB32B8F4AB51888DFE632334D9FB859612FAD26F9D1DFDB77DDB6BAC76AB02A9C73B602AC60DC68D2C99166FD171A53DCCA4C45B44BE17BA9E9E37DF23D393AE5AADAECCE6DFA0449707773DB07EFD1FEBEEAE4C111BFDC74668B277484B69BDF4DBDF040DD9C077BBDD3D19573EFD80070CC5B8C1B891255DBD16FDBAEE5F4D8B3159F1169AEF45AC9CEEE67B647AD24D4F4F6FD870D3E2529312A77CF14B7FBD75EB5775775A46888D44622334D93B48E9B6987F1205D2C3B8C1B89125E2CDE2780BE67B2AA38B5859E1990307C8F4446B369BC562F1C523F5C5A5539438E5C4C9DFAC5D7B9DA045DE7A466C24151BA1C9DE73946E8B8893289012C60DC68D2C116F76C75BFCF5D6B9F6A605262727ABD5EAE2D2EBAD72C3E89F85FCB76B18EFA37255B66EFDFBF1F171DD5D973A6223A9D820D9CBD749144803E306E346968837EBE3ADDB7C8F4C4FAE4AA5B2F39EFFFAED6CFEA60DBF729C17CE3ACF2D3A3F3DED3C79DAD97B6269E29E877E78E4B53D679CFF6D3A7B9ACEEED79D07DE70BEB9FBE94F6DFAB4F6B9B596F2C4BED972B9ACBBEB52476C24151B21C9DEF2F2B3946E8BA093289038C60DC68D2C116F7988B7F8F91E999E68A552E9C081FD8B4B27DDA2A2F484E39C5C765E5B725E3DE3BCEE387FF5375F299C7FE9F04D95238BCEE1D3CEE1379C7AD339B8E47CEF274FAE7C80733287E5C4C963030303BABB2E75C44652B1119AECFD9CD26D9175120592C5B8C1B89125E22D27F11627DF333FD36B369BB55A6DCB962D954A65E42DA3A3A3EA9EC9C9C97C2E9BE6353838F8CAB1238B4B27DCA2A2F4F5B3CEE9B3E7FEB4B47CEEE70FEEFF9FDFFBFD3FF8DBDBBFB6E438C7979CD7169D57179D86E33CF0F8532B13FA13F92CE20EE71E101B49C54668B2374FE9B6E4E1A803DA61DC60DCC812F1969F788BCEF70CCFF4548EA712BC8EFF5C542E97B76FDFAE7242DDF5D56365527EBC55D4AF27979C63A79C3367DFDCA0D168FCF3B7BFF3D57FFAF6E197CE25C68BCBCE999589FE634F3CE97B6CAE8AC4C3B95BC44652B1119AECFD8CD26DC9C35107B4C3B8C1B89125E22D57F1D62EDF3339D39B9999191E1E8E79250957B15854C9A1EE8A6BB03229FFBF563937A13FEB1C7DDDF9F50967D171CE9C3E5DBAE69A42E1824261E0237FB9D1FBC0BDFBF6FB1E9BAB22F470EE0AB191546CF87F1F181838756AFFF2F24F295D953C1C75403B8C1B8C1B5922DEF2166FC17CCFD84CAFD96C56ABD5E067775FFCE29776EEBCE7C15D0FB5CA6DB77D65C3860DBE2D2B954AA3D1D0BD13995A9994BFD62A8595AFEA1D3BE5BC74DC79F90D67EF815F5C79E595175CB8EA92CBDF35F6B1B74DE81F7F629FEFB1B92A720FE7F8888DA462C3FF7BB1587CFEF91F2E2F1FA07455F270D401ED306E306E648978CB61BC79F33D6333BD858505DF077AB7DEFA8583870E45FFCFE1BFDC71C7D0D090F7233E03772D3D2B93F246ABA85F4F2D3BAF36CF7D7A73F40D67D7E3F3D7AEBDFE5DBF7BC5E583EFFCCEBF7FEF0DC73971DA79FDF4B907EE9E7DDCF7D85C15D187734CC44652B1E1FF7D7474F4BFA7B72F3BCF50E2979FCDFFA0542A6513FA808118371837B244BCE533DEDC7C4FE54E66667AF57A5DE569AD9C4D4569749AE74BF96EBBED2BADC70E0C0CCCCECEEADEA18CA8FD5D5AFA4DABB8F35435A77F6DD1F9CD19E7A5E38B8F3D5D5FFB871FB8E14FFEF4E5D3CEAF9BCECB4DE7D869474DE977EF79DCF7D85C959C247BC44622B1E1FF7DDBB66DE3E39FD07E5A9255BE3B797BB55ACD28F601F3306E306E648978CB6DBCDD7CF3CD667EF0D56C36BD9FE9DDBE756B572BC2BBE5EEBBFF9F4AF35A9FEFE5E4429DBE49F9C80DEB9FFAD9737B9F9E9F9D9B7F74DFFCA3FB9F7DECA9433FDAF3D39F3CFDFCC3FB9E7D64DFCF1FDDFFF3D9279F7DFAB95FDEF1AF3B3E7ACB47B54FACCD99D0DB87D8482A36FCBFD7EBF552E93DA79A7B979DA729314BA572633EFFAF1A70316E306E648978CB6DBC193BC11D1B1B6B657A3B77DED343A6E796BD4FEC1B1C1C749F67646444F76E65616542FFAAB77CF6B39F2EC4F0171FF988EF81B92AC61E0B092236928A8D9058D972CEA665E7294A9CF29F53FF3836369A49D803E662DC60DCC812F196CF78337382ABB2E83E3FD3F3967BEFBBBFF56C131313BA772E752B13FA63946E8B99C742B2888DA4622324569ACDE6C8C8076667FFC3719EA4449785855DA5D27B1A8DDD99843D602EC60DC68D2C116FF98C373327B8E572D9CDCD464747FBCCF4DCD2FAFFBDA1A121EBD7DF3B37A13FFB0AA5DB62E6B1902C6223A9D8088F95F9F9F972F99AF9F99AE3CC51DA15750655B38D99993BD30F784000C60DC68D2C116F398C370327B85353536E6236303070F8C52389247BC74F9C6C5D9F73F3E6CDBA77315D2B13FAA3946E8B81C742E2888DA462A36DACCCCECEAAF3E8B66D9F779CFD9460A9D5BE5E2A156766FE2DE550072461DC60DCC812F196B7783370823B3232E26665B7DEFA8544323DB7DCB56387FBB4838383BA77315D2B13FA9729DD16038F85C4111B49C54654AC349BCDF1F1EAC8C8F593937FB7B0F080E3ECA3341A3F9E9AFA87B1B10D95CA88BA9D66900322316E306E648978CB55BC9936C16D341AADFFAF4BEA63BD5659B3A6E83EF3CCCC8CEE1D4DD1CA84FED7946E8B69C7421A888DA462A373ACA851A65AFDF3A1A1DF8973011CEB0D0E5E363676933A8FA613D880251837BC1837D246BC79591C6F05C326B89393936E9B8F8C8C249BE9A9F2A94FBD79E1C1F1F1F1D0579F9A9AAAD7EBD9EE71F20AE726F40B946E4BBB63C18EA870111B49C58659E366340BD608020000BD312DD9DBB469939B8FF57F11CE607970D743EE930F0F0F7B5FB4D1687CEC631F73FF74D55557499FD933A14F64426F5954B8888D4462C31194ECEDD9B347D55E45B3EE8A0000000D4C4BF6464747DDE9F5BDF7DD9F78B277F0D021F7C98BC562EB15B76FDFDE5A785DDD181A1A92BEF6FACA84FE574995D6B3B57BDAF82F1773CBD0CD827726BB9BEE13B6DAD0BEA87025DE68F17BC41B48415D3D9BF74FA9EE51686CBCD9925AFAAF07AB57AF56B5FFDCE73EA7BB2200004003D392BDD6A20B7B9FD89778B2A74A6B72E9AC5C7EF6BDEF7DAF77C6393C3CECCD0385523B72F6EC4BFD14EF33B4BB1DBCD3DB921D9FD67BA7EF51ED9E27FAD7FE8BDD51E14ABCD1825DE6BE446827460746681218E77952DAA9606CBCAD25B5F45FB7BEF18D6FB86D77D55557CDCDCDE9AE0E0000C85A7012A3576B818483870EA591ECB59EBF75CD4F2B9D3D7BA49FE27D8688676BF78AED1E12FD545DBD74C7BFF6B6D77647852BD946EBAA43A3378EDEB210088C2CF7AE2031D96B341AAD8FA757AD5A75FDF5D7EBAE110000C85A7012A357A954722727CF1C389046B2D79AFCA8D7AAD7EB1FFAD087DEFDEE77B7668A975D7659B95CD6DD06FD5A99F2BED84F899130BC6DE3E0C3DB3D6DC42BC6DF38E6063DECB5636F54B8126FB4605FB8B75BF7046FC4ECCA7677FA8230A53D0A8D8DB7B5A496FEEB4AA552F1B6D7EAD5AB27272775570A000064CAB464AFF5D1CA83BB1E4A3CD33BFACA31F7C9BD4BED4D4F4FAF59B3E6EAABAF76FF74F1C517379B4D8D2DD0BF95E9EFE1444A9CA76A6DF3F6897817CFE6BD3F2CB13C1CFAB409EE66EB095B6D685F54B8126F345F77788321D8B35D8550300C42B74F2F1EDAC5C69B2DA9A5FFE2F32E62D3A202DA8E38060000319996EC55AB55775AF22F77DC9178B2F7CC8103EE93FB3EA851F39F2D5BB6AC5EBD5ADDAF7E4AFFDF969559EF2F1329114F15988B476DDCFA6BE836C127696DE6DDDEF7D80477B3F584DE66B42C2A5C89375A3012DA8544742C4577B7EF76EBC97D2F975E9197ECDD79E79D6EBB5C7BEDB5AD367ADFFBDE67F71AA30000C0C7B4646FDBB66DEEB464E3C68F279EECDDBE75ABFBE4636363C197AED7EB939393B55A2DFBBD4E56B2C95EC72975E84CBDDD66C16D82695EBB570CDE4E768A1F7A2C581315AEB493A288A88899EC45A48EBE6DBA8DC06463C3AC7133E891471EB9F4D24B8BC5E2E0E0A0AAFDD08A2BAEB882640F00805C312DD99B9F9F7767726A8A72FCC4C96493BDF5EBD7BB4F6EF7BFAEAC4C795FE8BFB8CFE37D36DF33FB36E8B865E89F7CCF13F33983754B647F75775DEA926D316FD3BD3D310BE9C188978ED9DDD13199D2AEB58B0D01B1323737E7AE0E5978EBBF51EDF8781A0000C467E004B7582CBA53C69D3BEF4930D36B2DB257B07D85E173B3DEE57AFFA5F53CEE8DE0D3B6EE0F6EE0DB38E24FBEE72F04B4DB2CF4A9FADC5FDD5D97BA645B2CA27F7DC113DD59DE6DDA8908BCC423214E6C488A953C443600000865E034607C7CDC9DC6AD5DBB36C10FF76EFEF087DDA7AD542ABA77315D2B13DFE7FB2CBE27097D4EF74EEF9FDE3E3B6FFBD8E093B71EE27BCEE09307EFEC7F675B4FA5BBEB52976073B5EBD0561F750C83E09FDA6D1F1D8DBE174A6907FD2DA9A5FF7A9387C8060000A10C9C06341A8DD66A78B76FDD9A48A6B7FBD1C75AB34FEBBFCAB432F1FD453FC5FB0C6FCDA47F7BC3F7A7E8976BF757DF4B84FE0CDDACDD9DFD17038F85C425D85CA191E08D969891D0EE4F31B70F8D8A3476D0DF925AFAAF3779886C000010CACC69C0C4C4843B6B1C1818E87F0D8683870EB5B2C74D9B36E9DEB9D4ADCC7A0FF55FDE9AB887DFD9FA53A10DEF36ED9E3FFA9E7615E8784FCFFBABBBEB5297545B457441BBAE0F7D696FB4C4EFD6D64B0403268DBD0B8D0D49B19287C8060000A18C9D060C0F0FBB933995A7A96CADE74CEFF889936BD7AE6D3DD5C2C282EE3D4BDDCA94F720A5DB62ECB190206223A9D890142B79886C000010CAD86940BD5E77AF19EE26697B9FD8D743A677F8C523AD4C6F60602027571D5F99D03F47E9B6187B2C2488D8482A3624C54A1E221B489CF7C0E120022097C92398CACD5ADFF252A95AB7CBACEF7EF4B1D6B73795898909DD3B941126F4494DE8ED436C24151B9262458D9ECD6653772D00A379FF09C17BA713C8FA2268A837007462F8E854ABD55A9FEF1556AECF79EF7DF7C7F940EFA3B7DCE21D81F393E9392B7DBABCFC2CA5DB62F8B190086223A9D890142BC562D15D700F4047BEA33DFAD7987F02008DCC1F9DE6E7E74BA59237735329DF6DB77DE59903078239DEBFDC71C7860D1BBC1BAB5C3127DFDE6C5999D0FF9CD26D31FF58E81FB191546C488A9572B96CFD358881FE857E8E177A4FC4C301C0280B0B0B434343BA6BD159A3D1D8B265CBC0C040E8F726D6AD5BD7EE4F63636379B8228BCFCA847E9ED26DC9C3999AD8482A3624C5CAC8C848DEDEF1027AE04BED42733CEF0DDFB737F3700A01204EBD5E2F168BBA6B11974ADBAAD56A685217A4A637B3B3B3BAABACC7CA84FE67946E4B1ECED4C44652B1212956D4B8393939A9BB1680E9829FE3B5DB26FA060098637A7A7A747454772DBAD36C36A7A6A6D4ECA55C2EFB123C95B8562A95EDDBB7E7F0D33CAF81818153A7F62F2FFF94D255C9C3999AD8482A3624C58ACAF4D488A9BB1680E97C1FD675FC64AFDD0D0030C79615BA6B8184A9A4F7F9E77FB8BC7C80D255C9C3999AD8482A3624C58AFB7FCFBA6B01881133D9E36B9C00CC373A3A3A3D3DADBB164898EAD6FF9EDEBEEC3C43895F7E36FF833CCC87898DA46243D8AC8E6BB4007184FEDB5E68D6D7EEB100608E85858562B1C8F24BF6D9B66DDBF8F827B44F916595EF4EDE9E876FBA111B49C586B059DDC4C4C4E6CD9B75D7023057BBCFE87C291CC91E004138FBDBAA5EAF974AEF39D5DCBBEC3C4D89592A951B6BB59AEEAE4B1DB191546C089BD5359BCD62B198F3FF6606628AFE642F829EEA0240184EFD765BF967CC4DCBCE539438E53FA7FE716C4CD8958A7A466C24121BF26675333333232323BA6B0118CD7B7596E8FFD90B7D6CDAD50380F8B816B7DD54323F32F281D9D9FF709C2729D165616157A9F49E4663B7EE4ECB08B191486C889CD5A9349FAF73000060BD8989894D9B36E9AE05D2353F3F5F2E5F333F5F739C394ABBA266F32AF39999B9537777658AD8E83F3644267BCAF8F8F8E8E868A3D1D05D11000090BC66B359AD56C9F47262767656CDE9B76DFBBCE3ECA7044BADF6F552A93833F36FBA3B4A0362A3CFD8909AEC392BEBAB168BC52D5BB6F03D7E0000ACD16834262626D4299E6F6FE68A4AEFC7C7AB2323D74F4EFEDDC2C2038EB38FD268FC786AEA1FC6C636542A23EAB6EE2ED286D8E8273604277BCECAF940257BEA7C303A3AAA6ECCCCCCE8AE110000E8853A896FDBB6AD52A9A8D3FAE6CD9B7927379F541854AB7F3E34F43BD11712CB89C1C1CBC6C66E52737ADDDD620462C32B7E6CC84EF65C2ADD9F9E9E56C9DEC8C888EE96070000BD5027F1F1F1F15AADC6FF680040526C48F600000000003E247B000000006021923D00000000B010C91E000000005888640F000000002C44B207000000001622D903000000000B91EC01000000808548F600000000C042247B000000006021923D00000000B010C91E000000005888640F000000002C44B207000000001622D903000000000B91EC01000000808548F600000000C042247B000000006021923D00000000B010C91E000000005888640F000000002C44B207000000001622D903000000000B91EC01000000808548F600000000C042247B000000006021923D00000000B010C91E000000005888640F000000002C44B207000000001622D903000000000B91EC01000000808548F600000000C042247B000000006021923D00000000B010C91E000000005888640F000000002C44B207000000001622D903000000000B91EC01000000808548F600000000C042247B000000006021923D00000000B010C91E000000005888640F000000002C44B207000000001622D903000000000B91EC01000000808548F600000000C042247B000000006021923D00000000B010C91E000000005888640F000000002C44B207000000001622D903000000000B91EC01000000808548F600000000C042247B000000006021923D00000000B010C91E000000005888640F000000002C44B207000000001622D903000000000B91EC01000000808548F600000000C042247B000000006021923D00000000B010C91E000000005888640F000000002C44B207000000001622D903000000000B91EC01000000808548F600000000C042247B000000006021923D00000000B010C91E000000005888640F000000002C44B207000000001622D903000000000B91EC01000000808548F600000000C042247B000000006021923D00000000B010C91E000000005888640F000000002C44B207000000001622D903000000000B91EC01000000808548F600000000C042247B000000006021923D00000000B010C91E000000005888640F000000002C44B207000000001622D903000000000B91EC01000000808548F600000000C042247B000000006021923D00000000B010C91E000000005888640F000000002C44B207000000001622D903000000000B91EC01000000808548F600000000C042247B000000006021923D00000000B010C91E000000005888640F000000002C44B207000000001622D903000000000B91EC01000000808548F600000000C042247B000000006021923D00000000B010C91E000000005888640F000000002C44B207000000001622D903000000000B91EC01000000808548F600000000C042247B000000006021923D00000000B010C91E000000005888640F000000002C44B207000000001622D903000000000B91EC01000000808548F600000000C042FF1F220068343BCFAC8B0000000049454E44AE426082, '0');
INSERT INTO `act_ge_bytearray` VALUES ('200019', '1', 'WorkOrder.bpmn', '200017', 0x3C3F786D6C2076657273696F6E3D22312E302220656E636F64696E673D225554462D38223F3E0A3C646566696E6974696F6E7320786D6C6E733D22687474703A2F2F7777772E6F6D672E6F72672F737065632F42504D4E2F32303130303532342F4D4F44454C2220786D6C6E733A7873693D22687474703A2F2F7777772E77332E6F72672F323030312F584D4C536368656D612D696E7374616E63652220786D6C6E733A7873643D22687474703A2F2F7777772E77332E6F72672F323030312F584D4C536368656D612220786D6C6E733A61637469766974693D22687474703A2F2F61637469766974692E6F72672F62706D6E2220786D6C6E733A62706D6E64693D22687474703A2F2F7777772E6F6D672E6F72672F737065632F42504D4E2F32303130303532342F44492220786D6C6E733A6F6D6764633D22687474703A2F2F7777772E6F6D672E6F72672F737065632F44442F32303130303532342F44432220786D6C6E733A6F6D6764693D22687474703A2F2F7777772E6F6D672E6F72672F737065632F44442F32303130303532342F44492220747970654C616E67756167653D22687474703A2F2F7777772E77332E6F72672F323030312F584D4C536368656D61222065787072657373696F6E4C616E67756167653D22687474703A2F2F7777772E77332E6F72672F313939392F585061746822207461726765744E616D6573706163653D22687474703A2F2F7777772E61637469766974692E6F72672F74657374223E0A20203C70726F636573732069643D22576F726B4F7264657222206E616D653D22576F726B204F726465722220697345786563757461626C653D2274727565223E0A202020203C646F63756D656E746174696F6E3EE4B88AE7BABFE5B7A5E58D953C2F646F63756D656E746174696F6E3E0A202020203C73746172744576656E742069643D2273746172746576656E743222206E616D653D225374617274223E3C2F73746172744576656E743E0A202020203C757365725461736B2069643D22627573696E657373417564697422206E616D653D22E983A8E997A8E5AEA1E689B9222061637469766974693A666F726D4B65793D222F776F726B4F72646572416374696F6E2F627573696E6573734175646974222061637469766974693A7072696F726974793D22247B7072696F726974797D223E0A2020202020203C646F63756D656E746174696F6E3EE58F91E8B5B7E4BABAE983A8E997A8E5AEA1E689B93C2F646F63756D656E746174696F6E3E0A2020202020203C657874656E73696F6E456C656D656E74733E0A20202020202020203C61637469766974693A7461736B4C697374656E6572206576656E743D22637265617465222064656C656761746545787072657373696F6E3D22247B757365724C65616465724C697374656E65727D223E3C2F61637469766974693A7461736B4C697374656E65723E0A2020202020203C2F657874656E73696F6E456C656D656E74733E0A202020203C2F757365725461736B3E0A202020203C73657175656E6365466C6F772069643D22666C6F7732352220736F757263655265663D2273746172746576656E743222207461726765745265663D22627573696E6573734175646974223E3C2F73657175656E6365466C6F773E0A202020203C6578636C7573697665476174657761792069643D226578636C7573697665676174657761793522206E616D653D224578636C75736976652047617465776179223E3C2F6578636C7573697665476174657761793E0A202020203C73657175656E6365466C6F772069643D22666C6F7732362220736F757263655265663D22627573696E657373417564697422207461726765745265663D226578636C75736976656761746577617935223E3C2F73657175656E6365466C6F773E0A202020203C757365725461736B2069643D22636F64657222206E616D653D22E5BC80E58F91222061637469766974693A61737369676E65653D22247B636F64657249647D222061637469766974693A666F726D4B65793D222F776F726B4F72646572416374696F6E2F636F646572222061637469766974693A7072696F726974793D22247B7072696F726974797D223E3C2F757365725461736B3E0A202020203C73657175656E6365466C6F772069643D22666C6F77323722206E616D653D22E9809AE8BF872220736F757263655265663D226578636C7573697665676174657761793522207461726765745265663D22636F646572223E0A2020202020203C636F6E646974696F6E45787072657373696F6E207873693A747970653D2274466F726D616C45787072657373696F6E223E3C215B43444154415B247B6973506173737D5D5D3E3C2F636F6E646974696F6E45787072657373696F6E3E0A202020203C2F73657175656E6365466C6F773E0A202020203C757365725461736B2069643D22627573696E65737355706461746522206E616D653D22E4BFAEE694B9222061637469766974693A61737369676E65653D22247B6170706C795573657249647D222061637469766974693A666F726D4B65793D222F776F726B4F72646572416374696F6E2F627573696E657373557064617465222061637469766974693A7072696F726974793D22247B7072696F726974797D223E3C2F757365725461736B3E0A202020203C73657175656E6365466C6F772069643D22666C6F77323822206E616D653D22E9A9B3E59B9E2220736F757263655265663D226578636C7573697665676174657761793522207461726765745265663D22627573696E657373557064617465223E0A2020202020203C636F6E646974696F6E45787072657373696F6E207873693A747970653D2274466F726D616C45787072657373696F6E223E3C215B43444154415B247B216973506173737D5D5D3E3C2F636F6E646974696F6E45787072657373696F6E3E0A202020203C2F73657175656E6365466C6F773E0A202020203C73657175656E6365466C6F772069643D22666C6F7732392220736F757263655265663D22627573696E65737355706461746522207461726765745265663D22627573696E6573734175646974223E3C2F73657175656E6365466C6F773E0A202020203C757365725461736B2069643D22636F646572417564697422206E616D653D22E983A8E997A8E5AEA1E689B9222061637469766974693A666F726D4B65793D222F776F726B4F72646572416374696F6E2F636F6465724175646974222061637469766974693A7072696F726974793D22247B7072696F726974797D223E0A2020202020203C657874656E73696F6E456C656D656E74733E0A20202020202020203C61637469766974693A7461736B4C697374656E6572206576656E743D22637265617465222064656C656761746545787072657373696F6E3D22247B757365724C65616465724C697374656E65727D223E3C2F61637469766974693A7461736B4C697374656E65723E0A2020202020203C2F657874656E73696F6E456C656D656E74733E0A202020203C2F757365725461736B3E0A202020203C73657175656E6365466C6F772069643D22666C6F7733302220736F757263655265663D22636F64657222207461726765745265663D22636F6465724175646974223E3C2F73657175656E6365466C6F773E0A202020203C6578636C7573697665476174657761792069643D226578636C7573697665676174657761793622206E616D653D224578636C75736976652047617465776179223E3C2F6578636C7573697665476174657761793E0A202020203C73657175656E6365466C6F772069643D22666C6F7733312220736F757263655265663D22636F646572417564697422207461726765745265663D226578636C75736976656761746577617936223E3C2F73657175656E6365466C6F773E0A202020203C757365725461736B2069643D2274657374657222206E616D653D22E6B58BE8AF95222061637469766974693A666F726D4B65793D222F776F726B4F72646572416374696F6E2F746573746572222061637469766974693A7072696F726974793D22247B7072696F726974797D223E0A2020202020203C657874656E73696F6E456C656D656E74733E0A20202020202020203C61637469766974693A7461736B4C697374656E6572206576656E743D22637265617465222064656C656761746545787072657373696F6E3D22247B757365725461736B4C697374656E65727D223E3C2F61637469766974693A7461736B4C697374656E65723E0A2020202020203C2F657874656E73696F6E456C656D656E74733E0A202020203C2F757365725461736B3E0A202020203C73657175656E6365466C6F772069643D22666C6F77333222206E616D653D22E9809AE8BF872220736F757263655265663D226578636C7573697665676174657761793622207461726765745265663D22746573746572223E0A2020202020203C636F6E646974696F6E45787072657373696F6E207873693A747970653D2274466F726D616C45787072657373696F6E223E3C215B43444154415B247B6973506173737D5D5D3E3C2F636F6E646974696F6E45787072657373696F6E3E0A202020203C2F73657175656E6365466C6F773E0A202020203C757365725461736B2069643D22636F64657255706461746522206E616D653D22E4BFAEE694B9222061637469766974693A61737369676E65653D22247B636F64657249647D222061637469766974693A666F726D4B65793D222F776F726B4F72646572416374696F6E2F636F646572557064617465222061637469766974693A7072696F726974793D22247B7072696F726974797D223E3C2F757365725461736B3E0A202020203C73657175656E6365466C6F772069643D22666C6F77333322206E616D653D22E9A9B3E59B9E2220736F757263655265663D226578636C7573697665676174657761793622207461726765745265663D22636F646572557064617465223E0A2020202020203C636F6E646974696F6E45787072657373696F6E207873693A747970653D2274466F726D616C45787072657373696F6E223E3C215B43444154415B247B216973506173737D5D5D3E3C2F636F6E646974696F6E45787072657373696F6E3E0A202020203C2F73657175656E6365466C6F773E0A202020203C73657175656E6365466C6F772069643D22666C6F7733342220736F757263655265663D22636F64657255706461746522207461726765745265663D22636F6465724175646974223E3C2F73657175656E6365466C6F773E0A202020203C757365725461736B2069643D22746573746572417564697422206E616D653D22E983A8E997A8E5AEA1E689B9222061637469766974693A666F726D4B65793D222F776F726B4F72646572416374696F6E2F7465737465724175646974222061637469766974693A7072696F726974793D22247B7072696F726974797D223E0A2020202020203C657874656E73696F6E456C656D656E74733E0A20202020202020203C61637469766974693A7461736B4C697374656E6572206576656E743D22637265617465222064656C656761746545787072657373696F6E3D22247B757365724C65616465724C697374656E65727D223E3C2F61637469766974693A7461736B4C697374656E65723E0A2020202020203C2F657874656E73696F6E456C656D656E74733E0A202020203C2F757365725461736B3E0A202020203C757365725461736B2069643D226170706C79436F6E6669726D22206E616D653D22E58F91E8B5B7E4BABAE7A1AEE8AEA4222061637469766974693A61737369676E65653D22247B6170706C795573657249647D222061637469766974693A666F726D4B65793D222F776F726B4F72646572416374696F6E2F776F726B4F72646572566572696679222061637469766974693A7072696F726974793D22247B7072696F726974797D223E3C2F757365725461736B3E0A202020203C656E644576656E742069643D22656E646576656E743222206E616D653D22456E64223E3C2F656E644576656E743E0A202020203C73657175656E6365466C6F772069643D22666C6F7734332220736F757263655265663D226170706C79436F6E6669726D22207461726765745265663D22656E646576656E7432223E3C2F73657175656E6365466C6F773E0A202020203C757365725461736B2069643D227765626D6173746572417564697422206E616D653D22E983A8E997A8E5AEA1E6A0B8222061637469766974693A666F726D4B65793D222F776F726B4F72646572416374696F6E2F7765626D61737465724175646974222061637469766974693A7072696F726974793D22247B7072696F726974797D223E0A2020202020203C657874656E73696F6E456C656D656E74733E0A20202020202020203C61637469766974693A7461736B4C697374656E6572206576656E743D22637265617465222064656C656761746545787072657373696F6E3D22247B757365724C65616465724C697374656E65727D223E3C2F61637469766974693A7461736B4C697374656E65723E0A2020202020203C2F657874656E73696F6E456C656D656E74733E0A202020203C2F757365725461736B3E0A202020203C73657175656E6365466C6F772069643D22666C6F7735312220736F757263655265663D227765626D6173746572417564697422207461726765745265663D226170706C79436F6E6669726D223E3C2F73657175656E6365466C6F773E0A202020203C6578636C7573697665476174657761792069643D226578636C7573697665676174657761793922206E616D653D224578636C75736976652047617465776179223E3C2F6578636C7573697665476174657761793E0A202020203C73657175656E6365466C6F772069643D22666C6F7735322220736F757263655265663D2274657374657222207461726765745265663D226578636C75736976656761746577617939223E3C2F73657175656E6365466C6F773E0A202020203C73657175656E6365466C6F772069643D22666C6F77353422206E616D653D22E9A9B3E59B9E2220736F757263655265663D226578636C7573697665676174657761793922207461726765745265663D22636F646572223E0A2020202020203C636F6E646974696F6E45787072657373696F6E207873693A747970653D2274466F726D616C45787072657373696F6E223E3C215B43444154415B247B216973506173737D5D5D3E3C2F636F6E646974696F6E45787072657373696F6E3E0A202020203C2F73657175656E6365466C6F773E0A202020203C757365725461736B2069643D22636F6D6D6974657222206E616D653D22E585A5E5BA93222061637469766974693A666F726D4B65793D222F776F726B4F72646572416374696F6E2F636F6D6D69746572222061637469766974693A7072696F726974793D22247B7072696F726974797D223E0A2020202020203C657874656E73696F6E456C656D656E74733E0A20202020202020203C61637469766974693A7461736B4C697374656E6572206576656E743D22637265617465222064656C656761746545787072657373696F6E3D22247B757365725461736B4C697374656E65727D223E3C2F61637469766974693A7461736B4C697374656E65723E0A2020202020203C2F657874656E73696F6E456C656D656E74733E0A202020203C2F757365725461736B3E0A202020203C6578636C7573697665476174657761792069643D226578636C757369766567617465776179313122206E616D653D224578636C75736976652047617465776179223E3C2F6578636C7573697665476174657761793E0A202020203C757365725461736B2069643D227765626D617374657222206E616D653D22E8BF90E7BBB4222061637469766974693A666F726D4B65793D222F776F726B4F72646572416374696F6E2F7765626D6173746572222061637469766974693A7072696F726974793D22247B7072696F726974797D223E0A2020202020203C657874656E73696F6E456C656D656E74733E0A20202020202020203C61637469766974693A7461736B4C697374656E6572206576656E743D22637265617465222064656C656761746545787072657373696F6E3D22247B757365725461736B4C697374656E65727D223E3C2F61637469766974693A7461736B4C697374656E65723E0A2020202020203C2F657874656E73696F6E456C656D656E74733E0A202020203C2F757365725461736B3E0A202020203C73657175656E6365466C6F772069643D22666C6F77363422206E616D653D22E9809AE8BF872220736F757263655265663D226578636C757369766567617465776179313122207461726765745265663D227765626D6173746572223E0A2020202020203C636F6E646974696F6E45787072657373696F6E207873693A747970653D2274466F726D616C45787072657373696F6E223E3C215B43444154415B247B6973506173737D5D5D3E3C2F636F6E646974696F6E45787072657373696F6E3E0A202020203C2F73657175656E6365466C6F773E0A202020203C6578636C7573697665476174657761792069643D226578636C757369766567617465776179313222206E616D653D224578636C75736976652047617465776179223E3C2F6578636C7573697665476174657761793E0A202020203C73657175656E6365466C6F772069643D22666C6F7736352220736F757263655265663D227765626D617374657222207461726765745265663D226578636C7573697665676174657761793132223E3C2F73657175656E6365466C6F773E0A202020203C73657175656E6365466C6F772069643D22666C6F77363622206E616D653D22E59B9EE6BB9A2220736F757263655265663D226578636C757369766567617465776179313222207461726765745265663D22636F646572223E0A2020202020203C636F6E646974696F6E45787072657373696F6E207873693A747970653D2274466F726D616C45787072657373696F6E223E3C215B43444154415B247B216973506173737D5D5D3E3C2F636F6E646974696F6E45787072657373696F6E3E0A202020203C2F73657175656E6365466C6F773E0A202020203C73657175656E6365466C6F772069643D22666C6F77363722206E616D653D22E9809AE8BF872220736F757263655265663D226578636C757369766567617465776179313222207461726765745265663D227765626D61737465724175646974223E0A2020202020203C636F6E646974696F6E45787072657373696F6E207873693A747970653D2274466F726D616C45787072657373696F6E223E3C215B43444154415B247B6973506173737D5D5D3E3C2F636F6E646974696F6E45787072657373696F6E3E0A202020203C2F73657175656E6365466C6F773E0A202020203C73657175656E6365466C6F772069643D22666C6F77363822206E616D653D22E9809AE8BF872220736F757263655265663D226578636C7573697665676174657761793922207461726765745265663D22636F6D6D69746572223E0A2020202020203C636F6E646974696F6E45787072657373696F6E207873693A747970653D2274466F726D616C45787072657373696F6E223E3C215B43444154415B247B6973506173737D5D5D3E3C2F636F6E646974696F6E45787072657373696F6E3E0A202020203C2F73657175656E6365466C6F773E0A202020203C6578636C7573697665476174657761792069643D226578636C757369766567617465776179313322206E616D653D224578636C75736976652047617465776179223E3C2F6578636C7573697665476174657761793E0A202020203C73657175656E6365466C6F772069643D22666C6F7736392220736F757263655265663D22636F6D6D6974657222207461726765745265663D226578636C7573697665676174657761793133223E3C2F73657175656E6365466C6F773E0A202020203C73657175656E6365466C6F772069643D22666C6F77373022206E616D653D22E9A9B3E59B9E2220736F757263655265663D226578636C757369766567617465776179313322207461726765745265663D22627573696E657373557064617465223E0A2020202020203C636F6E646974696F6E45787072657373696F6E207873693A747970653D2274466F726D616C45787072657373696F6E223E3C215B43444154415B247B216973506173737D5D5D3E3C2F636F6E646974696F6E45787072657373696F6E3E0A202020203C2F73657175656E6365466C6F773E0A202020203C73657175656E6365466C6F772069643D22666C6F77373122206E616D653D22E9809AE8BF872220736F757263655265663D226578636C757369766567617465776179313322207461726765745265663D227465737465724175646974223E0A2020202020203C636F6E646974696F6E45787072657373696F6E207873693A747970653D2274466F726D616C45787072657373696F6E223E3C215B43444154415B247B6973506173737D5D5D3E3C2F636F6E646974696F6E45787072657373696F6E3E0A202020203C2F73657175656E6365466C6F773E0A202020203C73657175656E6365466C6F772069643D22666C6F7737322220736F757263655265663D22746573746572417564697422207461726765745265663D226578636C7573697665676174657761793131223E3C2F73657175656E6365466C6F773E0A202020203C73657175656E6365466C6F772069643D22666C6F77373322206E616D653D22E9A9B3E59B9E2220736F757263655265663D226578636C757369766567617465776179313122207461726765745265663D22746573746572223E0A2020202020203C636F6E646974696F6E45787072657373696F6E207873693A747970653D2274466F726D616C45787072657373696F6E223E3C215B43444154415B247B216973506173737D5D5D3E3C2F636F6E646974696F6E45787072657373696F6E3E0A202020203C2F73657175656E6365466C6F773E0A20203C2F70726F636573733E0A20203C62706D6E64693A42504D4E4469616772616D2069643D2242504D4E4469616772616D5F576F726B4F72646572223E0A202020203C62706D6E64693A42504D4E506C616E652062706D6E456C656D656E743D22576F726B4F72646572222069643D2242504D4E506C616E655F576F726B4F72646572223E0A2020202020203C62706D6E64693A42504D4E53686170652062706D6E456C656D656E743D2273746172746576656E7432222069643D2242504D4E53686170655F73746172746576656E7432223E0A20202020202020203C6F6D6764633A426F756E6473206865696768743D2233352E30222077696474683D2233352E302220783D2234302E302220793D2235302E30223E3C2F6F6D6764633A426F756E64733E0A2020202020203C2F62706D6E64693A42504D4E53686170653E0A2020202020203C62706D6E64693A42504D4E53686170652062706D6E456C656D656E743D22627573696E6573734175646974222069643D2242504D4E53686170655F627573696E6573734175646974223E0A20202020202020203C6F6D6764633A426F756E6473206865696768743D2235352E30222077696474683D223130352E302220783D22352E302220793D223133302E30223E3C2F6F6D6764633A426F756E64733E0A2020202020203C2F62706D6E64693A42504D4E53686170653E0A2020202020203C62706D6E64693A42504D4E53686170652062706D6E456C656D656E743D226578636C75736976656761746577617935222069643D2242504D4E53686170655F6578636C75736976656761746577617935223E0A20202020202020203C6F6D6764633A426F756E6473206865696768743D2234302E30222077696474683D2234302E302220783D223134302E302220793D223133392E30223E3C2F6F6D6764633A426F756E64733E0A2020202020203C2F62706D6E64693A42504D4E53686170653E0A2020202020203C62706D6E64693A42504D4E53686170652062706D6E456C656D656E743D22636F646572222069643D2242504D4E53686170655F636F646572223E0A20202020202020203C6F6D6764633A426F756E6473206865696768743D2235352E30222077696474683D223130352E302220783D223232302E302220793D223133302E30223E3C2F6F6D6764633A426F756E64733E0A2020202020203C2F62706D6E64693A42504D4E53686170653E0A2020202020203C62706D6E64693A42504D4E53686170652062706D6E456C656D656E743D22627573696E657373557064617465222069643D2242504D4E53686170655F627573696E657373557064617465223E0A20202020202020203C6F6D6764633A426F756E6473206865696768743D2235352E30222077696474683D223130352E302220783D22352E302220793D223233302E30223E3C2F6F6D6764633A426F756E64733E0A2020202020203C2F62706D6E64693A42504D4E53686170653E0A2020202020203C62706D6E64693A42504D4E53686170652062706D6E456C656D656E743D22636F6465724175646974222069643D2242504D4E53686170655F636F6465724175646974223E0A20202020202020203C6F6D6764633A426F756E6473206865696768743D2235352E30222077696474683D223130352E302220783D223336352E302220793D223133302E30223E3C2F6F6D6764633A426F756E64733E0A2020202020203C2F62706D6E64693A42504D4E53686170653E0A2020202020203C62706D6E64693A42504D4E53686170652062706D6E456C656D656E743D226578636C75736976656761746577617936222069643D2242504D4E53686170655F6578636C75736976656761746577617936223E0A20202020202020203C6F6D6764633A426F756E6473206865696768743D2234302E30222077696474683D2234302E302220783D223530302E302220793D223133372E30223E3C2F6F6D6764633A426F756E64733E0A2020202020203C2F62706D6E64693A42504D4E53686170653E0A2020202020203C62706D6E64693A42504D4E53686170652062706D6E456C656D656E743D22746573746572222069643D2242504D4E53686170655F746573746572223E0A20202020202020203C6F6D6764633A426F756E6473206865696768743D2235352E30222077696474683D223130352E302220783D223538302E302220793D223133302E30223E3C2F6F6D6764633A426F756E64733E0A2020202020203C2F62706D6E64693A42504D4E53686170653E0A2020202020203C62706D6E64693A42504D4E53686170652062706D6E456C656D656E743D22636F646572557064617465222069643D2242504D4E53686170655F636F646572557064617465223E0A20202020202020203C6F6D6764633A426F756E6473206865696768743D2235352E30222077696474683D223130352E302220783D223336352E302220793D223233302E30223E3C2F6F6D6764633A426F756E64733E0A2020202020203C2F62706D6E64693A42504D4E53686170653E0A2020202020203C62706D6E64693A42504D4E53686170652062706D6E456C656D656E743D227465737465724175646974222069643D2242504D4E53686170655F7465737465724175646974223E0A20202020202020203C6F6D6764633A426F756E6473206865696768743D2235352E30222077696474683D223130352E302220783D223738302E302220793D223133382E30223E3C2F6F6D6764633A426F756E64733E0A2020202020203C2F62706D6E64693A42504D4E53686170653E0A2020202020203C62706D6E64693A42504D4E53686170652062706D6E456C656D656E743D226170706C79436F6E6669726D222069643D2242504D4E53686170655F6170706C79436F6E6669726D223E0A20202020202020203C6F6D6764633A426F756E6473206865696768743D2235352E30222077696474683D223130352E302220783D223839382E302220793D223236312E30223E3C2F6F6D6764633A426F756E64733E0A2020202020203C2F62706D6E64693A42504D4E53686170653E0A2020202020203C62706D6E64693A42504D4E53686170652062706D6E456C656D656E743D22656E646576656E7432222069643D2242504D4E53686170655F656E646576656E7432223E0A20202020202020203C6F6D6764633A426F756E6473206865696768743D2233352E30222077696474683D2233352E302220783D223739302E302220793D223237312E30223E3C2F6F6D6764633A426F756E64733E0A2020202020203C2F62706D6E64693A42504D4E53686170653E0A2020202020203C62706D6E64693A42504D4E53686170652062706D6E456C656D656E743D227765626D61737465724175646974222069643D2242504D4E53686170655F7765626D61737465724175646974223E0A20202020202020203C6F6D6764633A426F756E6473206865696768743D2235352E30222077696474683D223130352E302220783D22313037382E302220793D223236312E30223E3C2F6F6D6764633A426F756E64733E0A2020202020203C2F62706D6E64693A42504D4E53686170653E0A2020202020203C62706D6E64693A42504D4E53686170652062706D6E456C656D656E743D226578636C75736976656761746577617939222069643D2242504D4E53686170655F6578636C75736976656761746577617939223E0A20202020202020203C6F6D6764633A426F756E6473206865696768743D2234302E30222077696474683D2234302E302220783D223730392E302220793D223133372E30223E3C2F6F6D6764633A426F756E64733E0A2020202020203C2F62706D6E64693A42504D4E53686170653E0A2020202020203C62706D6E64693A42504D4E53686170652062706D6E456C656D656E743D22636F6D6D69746572222069643D2242504D4E53686170655F636F6D6D69746572223E0A20202020202020203C6F6D6764633A426F756E6473206865696768743D2235352E30222077696474683D223130352E302220783D223537332E302220793D223233302E30223E3C2F6F6D6764633A426F756E64733E0A2020202020203C2F62706D6E64693A42504D4E53686170653E0A2020202020203C62706D6E64693A42504D4E53686170652062706D6E456C656D656E743D226578636C7573697665676174657761793131222069643D2242504D4E53686170655F6578636C7573697665676174657761793131223E0A20202020202020203C6F6D6764633A426F756E6473206865696768743D2234302E30222077696474683D2234302E302220783D223931302E302220793D223134352E30223E3C2F6F6D6764633A426F756E64733E0A2020202020203C2F62706D6E64693A42504D4E53686170653E0A2020202020203C62706D6E64693A42504D4E53686170652062706D6E456C656D656E743D227765626D6173746572222069643D2242504D4E53686170655F7765626D6173746572223E0A20202020202020203C6F6D6764633A426F756E6473206865696768743D2235352E30222077696474683D223130352E302220783D22313030312E302220793D223133372E30223E3C2F6F6D6764633A426F756E64733E0A2020202020203C2F62706D6E64693A42504D4E53686170653E0A2020202020203C62706D6E64693A42504D4E53686170652062706D6E456C656D656E743D226578636C7573697665676174657761793132222069643D2242504D4E53686170655F6578636C7573697665676174657761793132223E0A20202020202020203C6F6D6764633A426F756E6473206865696768743D2234302E30222077696474683D2234302E302220783D22313033332E302220793D2234372E30223E3C2F6F6D6764633A426F756E64733E0A2020202020203C2F62706D6E64693A42504D4E53686170653E0A2020202020203C62706D6E64693A42504D4E53686170652062706D6E456C656D656E743D226578636C7573697665676174657761793133222069643D2242504D4E53686170655F6578636C7573697665676174657761793133223E0A20202020202020203C6F6D6764633A426F756E6473206865696768743D2234302E30222077696474683D2234302E302220783D223732332E302220793D223233382E30223E3C2F6F6D6764633A426F756E64733E0A2020202020203C2F62706D6E64693A42504D4E53686170653E0A2020202020203C62706D6E64693A42504D4E456467652062706D6E456C656D656E743D22666C6F773235222069643D2242504D4E456467655F666C6F773235223E0A20202020202020203C6F6D6764693A776179706F696E7420783D2235372E302220793D2238352E30223E3C2F6F6D6764693A776179706F696E743E0A20202020202020203C6F6D6764693A776179706F696E7420783D2235372E302220793D223133302E30223E3C2F6F6D6764693A776179706F696E743E0A2020202020203C2F62706D6E64693A42504D4E456467653E0A2020202020203C62706D6E64693A42504D4E456467652062706D6E456C656D656E743D22666C6F773236222069643D2242504D4E456467655F666C6F773236223E0A20202020202020203C6F6D6764693A776179706F696E7420783D223131302E302220793D223135372E30223E3C2F6F6D6764693A776179706F696E743E0A20202020202020203C6F6D6764693A776179706F696E7420783D223134302E302220793D223135392E30223E3C2F6F6D6764693A776179706F696E743E0A2020202020203C2F62706D6E64693A42504D4E456467653E0A2020202020203C62706D6E64693A42504D4E456467652062706D6E456C656D656E743D22666C6F773237222069643D2242504D4E456467655F666C6F773237223E0A20202020202020203C6F6D6764693A776179706F696E7420783D223138302E302220793D223135392E30223E3C2F6F6D6764693A776179706F696E743E0A20202020202020203C6F6D6764693A776179706F696E7420783D223232302E302220793D223135372E30223E3C2F6F6D6764693A776179706F696E743E0A20202020202020203C62706D6E64693A42504D4E4C6162656C3E0A202020202020202020203C6F6D6764633A426F756E6473206865696768743D2231342E30222077696474683D2232342E302220783D223138342E302220793D223136302E30223E3C2F6F6D6764633A426F756E64733E0A20202020202020203C2F62706D6E64693A42504D4E4C6162656C3E0A2020202020203C2F62706D6E64693A42504D4E456467653E0A2020202020203C62706D6E64693A42504D4E456467652062706D6E456C656D656E743D22666C6F773238222069643D2242504D4E456467655F666C6F773238223E0A20202020202020203C6F6D6764693A776179706F696E7420783D223136302E302220793D223137392E30223E3C2F6F6D6764693A776179706F696E743E0A20202020202020203C6F6D6764693A776179706F696E7420783D223136302E302220793D223235372E30223E3C2F6F6D6764693A776179706F696E743E0A20202020202020203C6F6D6764693A776179706F696E7420783D223131302E302220793D223235372E30223E3C2F6F6D6764693A776179706F696E743E0A20202020202020203C62706D6E64693A42504D4E4C6162656C3E0A202020202020202020203C6F6D6764633A426F756E6473206865696768743D2231342E30222077696474683D2232342E302220783D223132362E302220793D223231302E30223E3C2F6F6D6764633A426F756E64733E0A20202020202020203C2F62706D6E64693A42504D4E4C6162656C3E0A2020202020203C2F62706D6E64693A42504D4E456467653E0A2020202020203C62706D6E64693A42504D4E456467652062706D6E456C656D656E743D22666C6F773239222069643D2242504D4E456467655F666C6F773239223E0A20202020202020203C6F6D6764693A776179706F696E7420783D2235372E302220793D223233302E30223E3C2F6F6D6764693A776179706F696E743E0A20202020202020203C6F6D6764693A776179706F696E7420783D2235372E302220793D223138352E30223E3C2F6F6D6764693A776179706F696E743E0A2020202020203C2F62706D6E64693A42504D4E456467653E0A2020202020203C62706D6E64693A42504D4E456467652062706D6E456C656D656E743D22666C6F773330222069643D2242504D4E456467655F666C6F773330223E0A20202020202020203C6F6D6764693A776179706F696E7420783D223332352E302220793D223135372E30223E3C2F6F6D6764693A776179706F696E743E0A20202020202020203C6F6D6764693A776179706F696E7420783D223336352E302220793D223135372E30223E3C2F6F6D6764693A776179706F696E743E0A2020202020203C2F62706D6E64693A42504D4E456467653E0A2020202020203C62706D6E64693A42504D4E456467652062706D6E456C656D656E743D22666C6F773331222069643D2242504D4E456467655F666C6F773331223E0A20202020202020203C6F6D6764693A776179706F696E7420783D223437302E302220793D223135372E30223E3C2F6F6D6764693A776179706F696E743E0A20202020202020203C6F6D6764693A776179706F696E7420783D223530302E302220793D223135372E30223E3C2F6F6D6764693A776179706F696E743E0A2020202020203C2F62706D6E64693A42504D4E456467653E0A2020202020203C62706D6E64693A42504D4E456467652062706D6E456C656D656E743D22666C6F773332222069643D2242504D4E456467655F666C6F773332223E0A20202020202020203C6F6D6764693A776179706F696E7420783D223534302E302220793D223135372E30223E3C2F6F6D6764693A776179706F696E743E0A20202020202020203C6F6D6764693A776179706F696E7420783D223538302E302220793D223135372E30223E3C2F6F6D6764693A776179706F696E743E0A20202020202020203C62706D6E64693A42504D4E4C6162656C3E0A202020202020202020203C6F6D6764633A426F756E6473206865696768743D2231342E30222077696474683D2232342E302220783D223534392E302220793D223135382E30223E3C2F6F6D6764633A426F756E64733E0A20202020202020203C2F62706D6E64693A42504D4E4C6162656C3E0A2020202020203C2F62706D6E64693A42504D4E456467653E0A2020202020203C62706D6E64693A42504D4E456467652062706D6E456C656D656E743D22666C6F773333222069643D2242504D4E456467655F666C6F773333223E0A20202020202020203C6F6D6764693A776179706F696E7420783D223532302E302220793D223137372E30223E3C2F6F6D6764693A776179706F696E743E0A20202020202020203C6F6D6764693A776179706F696E7420783D223532302E302220793D223235372E30223E3C2F6F6D6764693A776179706F696E743E0A20202020202020203C6F6D6764693A776179706F696E7420783D223437302E302220793D223235372E30223E3C2F6F6D6764693A776179706F696E743E0A20202020202020203C62706D6E64693A42504D4E4C6162656C3E0A202020202020202020203C6F6D6764633A426F756E6473206865696768743D2231342E30222077696474683D2232342E302220783D223439302E302220793D223230382E30223E3C2F6F6D6764633A426F756E64733E0A20202020202020203C2F62706D6E64693A42504D4E4C6162656C3E0A2020202020203C2F62706D6E64693A42504D4E456467653E0A2020202020203C62706D6E64693A42504D4E456467652062706D6E456C656D656E743D22666C6F773334222069643D2242504D4E456467655F666C6F773334223E0A20202020202020203C6F6D6764693A776179706F696E7420783D223431372E302220793D223233302E30223E3C2F6F6D6764693A776179706F696E743E0A20202020202020203C6F6D6764693A776179706F696E7420783D223431372E302220793D223138352E30223E3C2F6F6D6764693A776179706F696E743E0A2020202020203C2F62706D6E64693A42504D4E456467653E0A2020202020203C62706D6E64693A42504D4E456467652062706D6E456C656D656E743D22666C6F773433222069643D2242504D4E456467655F666C6F773433223E0A20202020202020203C6F6D6764693A776179706F696E7420783D223839382E302220793D223238382E30223E3C2F6F6D6764693A776179706F696E743E0A20202020202020203C6F6D6764693A776179706F696E7420783D223832352E302220793D223238382E30223E3C2F6F6D6764693A776179706F696E743E0A2020202020203C2F62706D6E64693A42504D4E456467653E0A2020202020203C62706D6E64693A42504D4E456467652062706D6E456C656D656E743D22666C6F773531222069643D2242504D4E456467655F666C6F773531223E0A20202020202020203C6F6D6764693A776179706F696E7420783D22313037382E302220793D223238382E30223E3C2F6F6D6764693A776179706F696E743E0A20202020202020203C6F6D6764693A776179706F696E7420783D22313030332E302220793D223238382E30223E3C2F6F6D6764693A776179706F696E743E0A2020202020203C2F62706D6E64693A42504D4E456467653E0A2020202020203C62706D6E64693A42504D4E456467652062706D6E456C656D656E743D22666C6F773532222069643D2242504D4E456467655F666C6F773532223E0A20202020202020203C6F6D6764693A776179706F696E7420783D223638352E302220793D223135372E30223E3C2F6F6D6764693A776179706F696E743E0A20202020202020203C6F6D6764693A776179706F696E7420783D223730392E302220793D223135372E30223E3C2F6F6D6764693A776179706F696E743E0A2020202020203C2F62706D6E64693A42504D4E456467653E0A2020202020203C62706D6E64693A42504D4E456467652062706D6E456C656D656E743D22666C6F773534222069643D2242504D4E456467655F666C6F773534223E0A20202020202020203C6F6D6764693A776179706F696E7420783D223732392E302220793D223133372E30223E3C2F6F6D6764693A776179706F696E743E0A20202020202020203C6F6D6764693A776179706F696E7420783D223732392E302220793D2239352E30223E3C2F6F6D6764693A776179706F696E743E0A20202020202020203C6F6D6764693A776179706F696E7420783D223635372E302220793D2239352E30223E3C2F6F6D6764693A776179706F696E743E0A20202020202020203C6F6D6764693A776179706F696E7420783D223536392E302220793D2239352E30223E3C2F6F6D6764693A776179706F696E743E0A20202020202020203C6F6D6764693A776179706F696E7420783D223339302E302220793D2239352E30223E3C2F6F6D6764693A776179706F696E743E0A20202020202020203C6F6D6764693A776179706F696E7420783D223237322E302220793D2239352E30223E3C2F6F6D6764693A776179706F696E743E0A20202020202020203C6F6D6764693A776179706F696E7420783D223237322E302220793D223133302E30223E3C2F6F6D6764693A776179706F696E743E0A20202020202020203C62706D6E64693A42504D4E4C6162656C3E0A202020202020202020203C6F6D6764633A426F756E6473206865696768743D2231342E30222077696474683D2232342E302220783D223530302E302220793D2238312E30223E3C2F6F6D6764633A426F756E64733E0A20202020202020203C2F62706D6E64693A42504D4E4C6162656C3E0A2020202020203C2F62706D6E64693A42504D4E456467653E0A2020202020203C62706D6E64693A42504D4E456467652062706D6E456C656D656E743D22666C6F773634222069643D2242504D4E456467655F666C6F773634223E0A20202020202020203C6F6D6764693A776179706F696E7420783D223935302E302220793D223136352E30223E3C2F6F6D6764693A776179706F696E743E0A20202020202020203C6F6D6764693A776179706F696E7420783D22313030312E302220793D223136342E30223E3C2F6F6D6764693A776179706F696E743E0A20202020202020203C62706D6E64693A42504D4E4C6162656C3E0A202020202020202020203C6F6D6764633A426F756E6473206865696768743D2231342E30222077696474683D223130302E302220783D223935332E302220793D223136362E30223E3C2F6F6D6764633A426F756E64733E0A20202020202020203C2F62706D6E64693A42504D4E4C6162656C3E0A2020202020203C2F62706D6E64693A42504D4E456467653E0A2020202020203C62706D6E64693A42504D4E456467652062706D6E456C656D656E743D22666C6F773635222069643D2242504D4E456467655F666C6F773635223E0A20202020202020203C6F6D6764693A776179706F696E7420783D22313035332E302220793D223133372E30223E3C2F6F6D6764693A776179706F696E743E0A20202020202020203C6F6D6764693A776179706F696E7420783D22313035332E302220793D2238372E30223E3C2F6F6D6764693A776179706F696E743E0A2020202020203C2F62706D6E64693A42504D4E456467653E0A2020202020203C62706D6E64693A42504D4E456467652062706D6E456C656D656E743D22666C6F773636222069643D2242504D4E456467655F666C6F773636223E0A20202020202020203C6F6D6764693A776179706F696E7420783D22313033332E302220793D2236372E30223E3C2F6F6D6764693A776179706F696E743E0A20202020202020203C6F6D6764693A776179706F696E7420783D223237322E302220793D2236362E30223E3C2F6F6D6764693A776179706F696E743E0A20202020202020203C6F6D6764693A776179706F696E7420783D223237322E302220793D223133302E30223E3C2F6F6D6764693A776179706F696E743E0A20202020202020203C62706D6E64693A42504D4E4C6162656C3E0A202020202020202020203C6F6D6764633A426F756E6473206865696768743D2231342E30222077696474683D223130302E302220783D223631312E302220793D2234382E30223E3C2F6F6D6764633A426F756E64733E0A20202020202020203C2F62706D6E64693A42504D4E4C6162656C3E0A2020202020203C2F62706D6E64693A42504D4E456467653E0A2020202020203C62706D6E64693A42504D4E456467652062706D6E456C656D656E743D22666C6F773637222069643D2242504D4E456467655F666C6F773637223E0A20202020202020203C6F6D6764693A776179706F696E7420783D22313037332E302220793D2236372E30223E3C2F6F6D6764693A776179706F696E743E0A20202020202020203C6F6D6764693A776179706F696E7420783D22313133302E302220793D2236362E30223E3C2F6F6D6764693A776179706F696E743E0A20202020202020203C6F6D6764693A776179706F696E7420783D22313133302E302220793D223236312E30223E3C2F6F6D6764693A776179706F696E743E0A20202020202020203C62706D6E64693A42504D4E4C6162656C3E0A202020202020202020203C6F6D6764633A426F756E6473206865696768743D2231342E30222077696474683D223130302E302220783D22313038322E302220793D2234382E30223E3C2F6F6D6764633A426F756E64733E0A20202020202020203C2F62706D6E64693A42504D4E4C6162656C3E0A2020202020203C2F62706D6E64693A42504D4E456467653E0A2020202020203C62706D6E64693A42504D4E456467652062706D6E456C656D656E743D22666C6F773638222069643D2242504D4E456467655F666C6F773638223E0A20202020202020203C6F6D6764693A776179706F696E7420783D223732392E302220793D223137372E30223E3C2F6F6D6764693A776179706F696E743E0A20202020202020203C6F6D6764693A776179706F696E7420783D223732382E302220793D223230342E30223E3C2F6F6D6764693A776179706F696E743E0A20202020202020203C6F6D6764693A776179706F696E7420783D223632362E302220793D223230342E30223E3C2F6F6D6764693A776179706F696E743E0A20202020202020203C6F6D6764693A776179706F696E7420783D223632352E302220793D223233302E30223E3C2F6F6D6764693A776179706F696E743E0A20202020202020203C62706D6E64693A42504D4E4C6162656C3E0A202020202020202020203C6F6D6764633A426F756E6473206865696768743D2231342E30222077696474683D223130302E302220783D223637382E302220793D223230382E30223E3C2F6F6D6764633A426F756E64733E0A20202020202020203C2F62706D6E64693A42504D4E4C6162656C3E0A2020202020203C2F62706D6E64693A42504D4E456467653E0A2020202020203C62706D6E64693A42504D4E456467652062706D6E456C656D656E743D22666C6F773639222069643D2242504D4E456467655F666C6F773639223E0A20202020202020203C6F6D6764693A776179706F696E7420783D223637382E302220793D223235372E30223E3C2F6F6D6764693A776179706F696E743E0A20202020202020203C6F6D6764693A776179706F696E7420783D223732332E302220793D223235382E30223E3C2F6F6D6764693A776179706F696E743E0A2020202020203C2F62706D6E64693A42504D4E456467653E0A2020202020203C62706D6E64693A42504D4E456467652062706D6E456C656D656E743D22666C6F773730222069643D2242504D4E456467655F666C6F773730223E0A20202020202020203C6F6D6764693A776179706F696E7420783D223734332E302220793D223237382E30223E3C2F6F6D6764693A776179706F696E743E0A20202020202020203C6F6D6764693A776179706F696E7420783D223734322E302220793D223331362E30223E3C2F6F6D6764693A776179706F696E743E0A20202020202020203C6F6D6764693A776179706F696E7420783D2235372E302220793D223331362E30223E3C2F6F6D6764693A776179706F696E743E0A20202020202020203C6F6D6764693A776179706F696E7420783D2235372E302220793D223238352E30223E3C2F6F6D6764693A776179706F696E743E0A20202020202020203C62706D6E64693A42504D4E4C6162656C3E0A202020202020202020203C6F6D6764633A426F756E6473206865696768743D2231342E30222077696474683D223130302E302220783D223332372E302220793D223239382E30223E3C2F6F6D6764633A426F756E64733E0A20202020202020203C2F62706D6E64693A42504D4E4C6162656C3E0A2020202020203C2F62706D6E64693A42504D4E456467653E0A2020202020203C62706D6E64693A42504D4E456467652062706D6E456C656D656E743D22666C6F773731222069643D2242504D4E456467655F666C6F773731223E0A20202020202020203C6F6D6764693A776179706F696E7420783D223736332E302220793D223235382E30223E3C2F6F6D6764693A776179706F696E743E0A20202020202020203C6F6D6764693A776179706F696E7420783D223831382E302220793D223235392E30223E3C2F6F6D6764693A776179706F696E743E0A20202020202020203C6F6D6764693A776179706F696E7420783D223831382E302220793D223235392E30223E3C2F6F6D6764693A776179706F696E743E0A20202020202020203C6F6D6764693A776179706F696E7420783D223833322E302220793D223235392E30223E3C2F6F6D6764693A776179706F696E743E0A20202020202020203C6F6D6764693A776179706F696E7420783D223833322E302220793D223233382E30223E3C2F6F6D6764693A776179706F696E743E0A20202020202020203C6F6D6764693A776179706F696E7420783D223833322E302220793D223232322E30223E3C2F6F6D6764693A776179706F696E743E0A20202020202020203C6F6D6764693A776179706F696E7420783D223833322E302220793D223139332E30223E3C2F6F6D6764693A776179706F696E743E0A20202020202020203C62706D6E64693A42504D4E4C6162656C3E0A202020202020202020203C6F6D6764633A426F756E6473206865696768743D2231342E30222077696474683D223130302E302220783D223738332E302220793D223234342E30223E3C2F6F6D6764633A426F756E64733E0A20202020202020203C2F62706D6E64693A42504D4E4C6162656C3E0A2020202020203C2F62706D6E64693A42504D4E456467653E0A2020202020203C62706D6E64693A42504D4E456467652062706D6E456C656D656E743D22666C6F773732222069643D2242504D4E456467655F666C6F773732223E0A20202020202020203C6F6D6764693A776179706F696E7420783D223838352E302220793D223136352E30223E3C2F6F6D6764693A776179706F696E743E0A20202020202020203C6F6D6764693A776179706F696E7420783D223931302E302220793D223136352E30223E3C2F6F6D6764693A776179706F696E743E0A2020202020203C2F62706D6E64693A42504D4E456467653E0A2020202020203C62706D6E64693A42504D4E456467652062706D6E456C656D656E743D22666C6F773733222069643D2242504D4E456467655F666C6F773733223E0A20202020202020203C6F6D6764693A776179706F696E7420783D223933302E302220793D223134352E30223E3C2F6F6D6764693A776179706F696E743E0A20202020202020203C6F6D6764693A776179706F696E7420783D223933302E302220793D223131312E30223E3C2F6F6D6764693A776179706F696E743E0A20202020202020203C6F6D6764693A776179706F696E7420783D223633332E302220793D223131312E30223E3C2F6F6D6764693A776179706F696E743E0A20202020202020203C6F6D6764693A776179706F696E7420783D223633322E302220793D223133302E30223E3C2F6F6D6764693A776179706F696E743E0A20202020202020203C62706D6E64693A42504D4E4C6162656C3E0A202020202020202020203C6F6D6764633A426F756E6473206865696768743D2231342E30222077696474683D223130302E302220783D223739372E302220793D2239342E30223E3C2F6F6D6764633A426F756E64733E0A20202020202020203C2F62706D6E64693A42504D4E4C6162656C3E0A2020202020203C2F62706D6E64693A42504D4E456467653E0A202020203C2F62706D6E64693A42504D4E506C616E653E0A20203C2F62706D6E64693A42504D4E4469616772616D3E0A3C2F646566696E6974696F6E733E, '0');
INSERT INTO `act_ge_bytearray` VALUES ('202507', '17', 'var-entity', null, 0xACED00057372001B636F6D2E7A6D6C2E6F612E656E746974792E576F726B4F726465720986681BE55D487502002A4C00096170706C79446174657400104C6A6176612F7574696C2F446174653B4C00096170706C79557365727400124C6A6176612F6C616E672F537472696E673B4C000B6170706C795573657249647400134C6A6176612F6C616E672F496E74656765723B4C0011627573696E65737341756469744461746571007E00014C0011627573696E65737341756469745573657271007E00024C0013627573696E657373417564697455736572496471007E00034C0005636F64657271007E00024C000A636F646572417564697471007E00024C000E636F64657241756469744461746571007E00014C000C636F6465724175646974496471007E00034C0009636F6465724461746571007E00014C0007636F646572496471007E00034C0008636F64657253766E71007E00024C000C636F64657256657273696F6E71007E00024C0008636F6D6D6974657271007E00024C000C636F6D6D697465724461746571007E00014C000A636F6D6D69746572496471007E00034C000A6465706C6F794461746571007E00014C000E646576656C6F704578706C61696E71007E00024C0006646F6D61696E74001A4C636F6D2F7A6D6C2F6F612F656E746974792F446F6D61696E3B4C0002696471007E00034C00046D656D6F71007E00024C00087072696F7269747971007E00034C000A70726F63496E7374496471007E00024C000770726F6A65637474001B4C636F6D2F7A6D6C2F6F612F656E746974792F50726F6A6563743B4C000673746174757371007E00024C000D7465737441756469744461746571007E00014C0008746573744465736371007E00024C00077465737453766E71007E00024C000B7465737456657273696F6E71007E00024C000674657374657271007E00024C000B746573746572417564697471007E00024C000D7465737465724175646974496471007E00034C000A7465737465724461746571007E00014C0008746573746572496471007E00034C00047479706571007E00024C000A7665726966794461746571007E00014C00097765624D617374657271007E00024C000E7765624D6173746572417564697471007E00024C00127765624D617374657241756469744461746571007E00014C00107765624D61737465724175646974496471007E00034C000B7765624D6173746572496471007E000378720018636F6D2E7A6D6C2E6F612E656E746974792E42617365564F558EE982E2C492FF02000A4C000B627573696E6573734B657971007E00024C000C627573696E6573735479706571007E00024C0017686973746F72696350726F63657373496E7374616E63657400354C6F72672F61637469766974692F656E67696E652F686973746F72792F486973746F72696350726F63657373496E7374616E63653B4C0014686973746F7269635461736B496E7374616E63657400324C6F72672F61637469766974692F656E67696E652F686973746F72792F486973746F7269635461736B496E7374616E63653B4C001170726F63657373446566696E6974696F6E7400324C6F72672F61637469766974692F656E67696E652F7265706F7369746F72792F50726F63657373446566696E6974696F6E3B4C000F70726F63657373496E7374616E636574002D4C6F72672F61637469766974692F656E67696E652F72756E74696D652F50726F63657373496E7374616E63653B4C00047461736B74001F4C6F72672F61637469766974692F656E67696E652F7461736B2F5461736B3B4C00057469746C6571007E00024C0007757365725F696471007E00034C0009757365725F6E616D6571007E000278707400023637740009776F726B6F726465727070707070740019E69D8EE699A820E79A84E5B7A5E58D95E794B3E8AFB7EFBC81737200116A6176612E6C616E672E496E746567657212E2A0A4F781873802000149000576616C7565787200106A6176612E6C616E672E4E756D62657286AC951D0B94E08B020000787000000014740006E69D8EE699A87372000E6A6176612E7574696C2E44617465686A81014B5974190300007870770800000164EDD02B0C7871007E001371007E00127371007E0014770800000164EDED415D78740006E69D8EE699A87371007E001000000014740006E69D8EE699A8740006E69D8EE699A87371007E0014770800000164EDEF6810787371007E0010000000147371007E0014770800000164EDEE397E787371007E00100000001474002D687474703A2F2F3139322E3136382E3139312E342F73766E2F6879737369702F7372632F6879737369705F627874000431323034707070707400073132337364647873720018636F6D2E7A6D6C2E6F612E656E746974792E446F6D61696E81FF1FF80325925102000B4C00046172656171007E00024C000B646973636172644461746571007E00014C0006646F6D61696E71007E00024C0002696471007E00034C00076D616E6167657271007E00024C00046D656D6F71007E00024C00046E616D6571007E00024C000870726F6A6563747374000F4C6A6176612F7574696C2F5365743B4C000B72656C656173654461746571007E00014C000673746174757371007E00024C000A7375626A656374696F6E71007E00027870740006E585A8E59BBD737200126A6176612E73716C2E54696D657374616D702618D5C80153BF650200014900056E616E6F737871007E0014770800000164E9009598780000000074000C7777772E746573742E636F6D7371007E001000000001740006E5AE8CE688907074000CE6B58BE8AF95E59F9FE5908D7372002F6F72672E68696265726E6174652E636F6C6C656374696F6E2E696E7465726E616C2E50657273697374656E7453657486E4FDA1F2EEE0AF0200014C000373657471007E00237872003E6F72672E68696265726E6174652E636F6C6C656374696F6E2E696E7465726E616C2E416273747261637450657273697374656E74436F6C6C656374696F6E844A7E7706AE8D0B0200095A001B616C6C6F774C6F61644F7574736964655472616E73616374696F6E49000A63616368656453697A655A000564697274795A000B696E697469616C697A65644C00036B65797400164C6A6176612F696F2F53657269616C697A61626C653B4C00056F776E65727400124C6A6176612F6C616E672F4F626A6563743B4C0004726F6C6571007E00024C001273657373696F6E466163746F72795575696471007E00024C000E73746F726564536E617073686F7471007E002E787000FFFFFFFF000171007E002971007E0024740021636F6D2E7A6D6C2E6F612E656E746974792E446F6D61696E2E70726F6A6563747370737200116A6176612E7574696C2E486173684D61700507DAC1C31660D103000246000A6C6F6164466163746F724900097468726573686F6C6478703F4000000000000C7708000000100000000273720019636F6D2E7A6D6C2E6F612E656E746974792E50726F6A656374F75BFAD8333ED1530200144C00046172656171007E00024C00096275696C64496E666F71007E00024C0005636F64657271007E00024C0008636F64657253766E71007E00024C0002646271007E00024C000B6469736361726454696D6571007E00014C000868617665436F646571007E00024C000768617665446F6371007E00024C000B6861766552656C6561736571007E00024C0008686176655465737471007E00024C0004686F6D6571007E00024C0002696471007E00034C00086C616E677561676571007E00024C00046D656D6F71007E00024C00046E616D6571007E00024C00026F7371007E00024C000B72656C6561736554696D6571007E00014C000673657276657271007E00024C000673746174757371007E00024C000974657374657253766E71007E00027870740006E4B8ADE59BBD7400033232337400067364667364667400057366736466740004736462327074000130740001317400013174000131740004746573747371007E001000000003740004746573747400033333337400047465737474000777696E646F77737371007E002677080000014DAAB3800078000000007400047364666C74000130740005333333333371007E00357371007E0034740006E585A8E59BBD70740009E4BA8EE59BBDE889AF74002D687474703A2F2F3139322E3136382E3139312E342F73766E2F6879737369702F7372632F6879737369705F627874000A6F7261636C6520313167707400013170740001317400013174000373697071007E002974000B6A617661206A646B312E36707400277777772E626A78792E68616F79697368656E672E636F6D2D736970E58C97E4BAACE4B9A1E58CBB7400056C696E75787371007E002677080000015957A7F858780000000074000C6A626F7373342E322E3347417400013074003D73766E3A2F2F3139322E3136382E3139322E31332F7777772E626A78792E68616F79697368656E672E636F6D2DE58C97E4BAACE4B9A1E58CBB2F73697071007E004978737200116A6176612E7574696C2E48617368536574BA44859596B8B7340300007870770C000000043F4000000000000271007E003571007E0049787371007E0026770800000164E9009598780000000074000130740006E6B58BE8AF957371007E001000000043707371007E0010000000327400063230323530317371007E0034740006E585A8E59BBD70740009E4BA8EE59BBDE889AF74002D687474703A2F2F3139322E3136382E3139312E342F73766E2F6879737369702F7372632F6879737369705F627874000A6F7261636C652031316770740001317074000131740001317400037369707371007E00100000000174000B6A617661206A646B312E36707400277777772E626A78792E68616F79697368656E672E636F6D2D736970E58C97E4BAACE4B9A1E58CBB7400056C696E75787371007E002677080000015957A7F858780000000074000C6A626F7373342E322E3347417400013074003D73766E3A2F2F3139322E3136382E3139322E31332F7777772E626A78792E68616F79697368656E672E636F6D2DE58C97E4BAACE4B9A1E58CBB2F73697074000750454E44494E4770707070707070707074000CE99C80E6B182E58F98E69BB4707070707070, null);
INSERT INTO `act_ge_bytearray` VALUES ('202509', '4', 'hist.var-entity', null, 0xACED00057372001B636F6D2E7A6D6C2E6F612E656E746974792E576F726B4F726465720986681BE55D487502002A4C00096170706C79446174657400104C6A6176612F7574696C2F446174653B4C00096170706C79557365727400124C6A6176612F6C616E672F537472696E673B4C000B6170706C795573657249647400134C6A6176612F6C616E672F496E74656765723B4C0011627573696E65737341756469744461746571007E00014C0011627573696E65737341756469745573657271007E00024C0013627573696E657373417564697455736572496471007E00034C0005636F64657271007E00024C000A636F646572417564697471007E00024C000E636F64657241756469744461746571007E00014C000C636F6465724175646974496471007E00034C0009636F6465724461746571007E00014C0007636F646572496471007E00034C0008636F64657253766E71007E00024C000C636F64657256657273696F6E71007E00024C0008636F6D6D6974657271007E00024C000C636F6D6D697465724461746571007E00014C000A636F6D6D69746572496471007E00034C000A6465706C6F794461746571007E00014C000E646576656C6F704578706C61696E71007E00024C0006646F6D61696E74001A4C636F6D2F7A6D6C2F6F612F656E746974792F446F6D61696E3B4C0002696471007E00034C00046D656D6F71007E00024C00087072696F7269747971007E00034C000A70726F63496E7374496471007E00024C000770726F6A65637474001B4C636F6D2F7A6D6C2F6F612F656E746974792F50726F6A6563743B4C000673746174757371007E00024C000D7465737441756469744461746571007E00014C0008746573744465736371007E00024C00077465737453766E71007E00024C000B7465737456657273696F6E71007E00024C000674657374657271007E00024C000B746573746572417564697471007E00024C000D7465737465724175646974496471007E00034C000A7465737465724461746571007E00014C0008746573746572496471007E00034C00047479706571007E00024C000A7665726966794461746571007E00014C00097765624D617374657271007E00024C000E7765624D6173746572417564697471007E00024C00127765624D617374657241756469744461746571007E00014C00107765624D61737465724175646974496471007E00034C000B7765624D6173746572496471007E000378720018636F6D2E7A6D6C2E6F612E656E746974792E42617365564F558EE982E2C492FF02000A4C000B627573696E6573734B657971007E00024C000C627573696E6573735479706571007E00024C0017686973746F72696350726F63657373496E7374616E63657400354C6F72672F61637469766974692F656E67696E652F686973746F72792F486973746F72696350726F63657373496E7374616E63653B4C0014686973746F7269635461736B496E7374616E63657400324C6F72672F61637469766974692F656E67696E652F686973746F72792F486973746F7269635461736B496E7374616E63653B4C001170726F63657373446566696E6974696F6E7400324C6F72672F61637469766974692F656E67696E652F7265706F7369746F72792F50726F63657373446566696E6974696F6E3B4C000F70726F63657373496E7374616E636574002D4C6F72672F61637469766974692F656E67696E652F72756E74696D652F50726F63657373496E7374616E63653B4C00047461736B74001F4C6F72672F61637469766974692F656E67696E652F7461736B2F5461736B3B4C00057469746C6571007E00024C0007757365725F696471007E00034C0009757365725F6E616D6571007E000278707400023637740009776F726B6F726465727070707070740019E69D8EE699A820E79A84E5B7A5E58D95E794B3E8AFB7EFBC81737200116A6176612E6C616E672E496E746567657212E2A0A4F781873802000149000576616C7565787200106A6176612E6C616E672E4E756D62657286AC951D0B94E08B020000787000000014740006E69D8EE699A87372000E6A6176612E7574696C2E44617465686A81014B5974190300007870770800000164EDD02B0C7871007E001371007E00127371007E0014770800000164EDED415D78740006E69D8EE699A87371007E001000000014740006E69D8EE699A8740006E69D8EE699A87371007E0014770800000164EDEF6810787371007E0010000000147371007E0014770800000164EDEE397E787371007E00100000001474002D687474703A2F2F3139322E3136382E3139312E342F73766E2F6879737369702F7372632F6879737369705F627874000431323034707070707400073132337364647873720018636F6D2E7A6D6C2E6F612E656E746974792E446F6D61696E81FF1FF80325925102000B4C00046172656171007E00024C000B646973636172644461746571007E00014C0006646F6D61696E71007E00024C0002696471007E00034C00076D616E6167657271007E00024C00046D656D6F71007E00024C00046E616D6571007E00024C000870726F6A6563747374000F4C6A6176612F7574696C2F5365743B4C000B72656C656173654461746571007E00014C000673746174757371007E00024C000A7375626A656374696F6E71007E00027870740006E585A8E59BBD737200126A6176612E73716C2E54696D657374616D702618D5C80153BF650200014900056E616E6F737871007E0014770800000164E9009598780000000074000C7777772E746573742E636F6D7371007E001000000001740006E5AE8CE688907074000CE6B58BE8AF95E59F9FE5908D7372002F6F72672E68696265726E6174652E636F6C6C656374696F6E2E696E7465726E616C2E50657273697374656E7453657486E4FDA1F2EEE0AF0200014C000373657471007E00237872003E6F72672E68696265726E6174652E636F6C6C656374696F6E2E696E7465726E616C2E416273747261637450657273697374656E74436F6C6C656374696F6E844A7E7706AE8D0B0200095A001B616C6C6F774C6F61644F7574736964655472616E73616374696F6E49000A63616368656453697A655A000564697274795A000B696E697469616C697A65644C00036B65797400164C6A6176612F696F2F53657269616C697A61626C653B4C00056F776E65727400124C6A6176612F6C616E672F4F626A6563743B4C0004726F6C6571007E00024C001273657373696F6E466163746F72795575696471007E00024C000E73746F726564536E617073686F7471007E002E787000FFFFFFFF000171007E002971007E0024740021636F6D2E7A6D6C2E6F612E656E746974792E446F6D61696E2E70726F6A6563747370737200116A6176612E7574696C2E486173684D61700507DAC1C31660D103000246000A6C6F6164466163746F724900097468726573686F6C6478703F4000000000000C7708000000100000000273720019636F6D2E7A6D6C2E6F612E656E746974792E50726F6A656374F75BFAD8333ED1530200154C00046172656171007E00024C00096275696C64496E666F71007E00024C0005636F64657271007E00024C0008636F64657253766E71007E00024C0002646271007E00024C000B6469736361726454696D6571007E00014C0007646F6D61696E7371007E00234C000868617665436F646571007E00024C000768617665446F6371007E00024C000B6861766552656C6561736571007E00024C0008686176655465737471007E00024C0004686F6D6571007E00024C0002696471007E00034C00086C616E677561676571007E00024C00046D656D6F71007E00024C00046E616D6571007E00024C00026F7371007E00024C000B72656C6561736554696D6571007E00014C000673657276657271007E00024C000673746174757371007E00024C000974657374657253766E71007E00027870740006E4B8ADE59BBD740003323233740006736466736466740005736673646674000473646232707371007E002C00FFFFFFFF00007371007E00100000000371007E0035740021636F6D2E7A6D6C2E6F612E656E746974792E50726F6A6563742E646F6D61696E73707070740001307400013174000131740001317400047465737471007E003C740004746573747400033333337400047465737474000777696E646F77737371007E002677080000014DAAB3800078000000007400047364666C74000130740005333333333371007E00357371007E0034740006E585A8E59BBD70740009E4BA8EE59BBDE889AF74002D687474703A2F2F3139322E3136382E3139312E342F73766E2F6879737369702F7372632F6879737369705F627874000A6F7261636C6520313167707371007E002C00FFFFFFFF000071007E002971007E004B71007E003D7070707400013170740001317400013174000373697071007E002974000B6A617661206A646B312E36707400277777772E626A78792E68616F79697368656E672E636F6D2D736970E58C97E4BAACE4B9A1E58CBB7400056C696E75787371007E002677080000015957A7F858780000000074000C6A626F7373342E322E3347417400013074003D73766E3A2F2F3139322E3136382E3139322E31332F7777772E626A78792E68616F79697368656E672E636F6D2DE58C97E4BAACE4B9A1E58CBB2F73697071007E004B78737200116A6176612E7574696C2E48617368536574BA44859596B8B7340300007870770C000000043F4000000000000271007E003571007E004B787371007E0026770800000164E9009598780000000074000130740006E6B58BE8AF957371007E001000000043707371007E0010000000327400063230323530317371007E0034740006E585A8E59BBD70740009E4BA8EE59BBDE889AF74002D687474703A2F2F3139322E3136382E3139312E342F73766E2F6879737369702F7372632F6879737369705F627874000A6F7261636C6520313167707371007E002C00FFFFFFFF00007371007E00100000000171007E0064740021636F6D2E7A6D6C2E6F612E656E746974792E50726F6A6563742E646F6D61696E737070707400013170740001317400013174000373697071007E006A74000B6A617661206A646B312E36707400277777772E626A78792E68616F79697368656E672E636F6D2D736970E58C97E4BAACE4B9A1E58CBB7400056C696E75787371007E002677080000015957A7F858780000000074000C6A626F7373342E322E3347417400013074003D73766E3A2F2F3139322E3136382E3139322E31332F7777772E626A78792E68616F79697368656E672E636F6D2DE58C97E4BAACE4B9A1E58CBB2F73697074000750454E44494E4770707070707070707074000CE99C80E6B182E58F98E69BB4707070707070, null);
INSERT INTO `act_ge_bytearray` VALUES ('207507', '2', 'var-entity', null, 0xACED00057372001B636F6D2E7A6D6C2E6F612E656E746974792E576F726B4F726465720986681BE55D487502002A4C00096170706C79446174657400104C6A6176612F7574696C2F446174653B4C00096170706C79557365727400124C6A6176612F6C616E672F537472696E673B4C000B6170706C795573657249647400134C6A6176612F6C616E672F496E74656765723B4C0011627573696E65737341756469744461746571007E00014C0011627573696E65737341756469745573657271007E00024C0013627573696E657373417564697455736572496471007E00034C0005636F64657271007E00024C000A636F646572417564697471007E00024C000E636F64657241756469744461746571007E00014C000C636F6465724175646974496471007E00034C0009636F6465724461746571007E00014C0007636F646572496471007E00034C0008636F64657253766E71007E00024C000C636F64657256657273696F6E71007E00024C0008636F6D6D6974657271007E00024C000C636F6D6D697465724461746571007E00014C000A636F6D6D69746572496471007E00034C000A6465706C6F794461746571007E00014C000E646576656C6F704578706C61696E71007E00024C0006646F6D61696E74001A4C636F6D2F7A6D6C2F6F612F656E746974792F446F6D61696E3B4C0002696471007E00034C00046D656D6F71007E00024C00087072696F7269747971007E00034C000A70726F63496E7374496471007E00024C000770726F6A65637474001B4C636F6D2F7A6D6C2F6F612F656E746974792F50726F6A6563743B4C000673746174757371007E00024C000D7465737441756469744461746571007E00014C0008746573744465736371007E00024C00077465737453766E71007E00024C000B7465737456657273696F6E71007E00024C000674657374657271007E00024C000B746573746572417564697471007E00024C000D7465737465724175646974496471007E00034C000A7465737465724461746571007E00014C0008746573746572496471007E00034C00047479706571007E00024C000A7665726966794461746571007E00014C00097765624D617374657271007E00024C000E7765624D6173746572417564697471007E00024C00127765624D617374657241756469744461746571007E00014C00107765624D61737465724175646974496471007E00034C000B7765624D6173746572496471007E000378720018636F6D2E7A6D6C2E6F612E656E746974792E42617365564F558EE982E2C492FF02000A4C000B627573696E6573734B657971007E00024C000C627573696E6573735479706571007E00024C0017686973746F72696350726F63657373496E7374616E63657400354C6F72672F61637469766974692F656E67696E652F686973746F72792F486973746F72696350726F63657373496E7374616E63653B4C0014686973746F7269635461736B496E7374616E63657400324C6F72672F61637469766974692F656E67696E652F686973746F72792F486973746F7269635461736B496E7374616E63653B4C001170726F63657373446566696E6974696F6E7400324C6F72672F61637469766974692F656E67696E652F7265706F7369746F72792F50726F63657373446566696E6974696F6E3B4C000F70726F63657373496E7374616E636574002D4C6F72672F61637469766974692F656E67696E652F72756E74696D652F50726F63657373496E7374616E63653B4C00047461736B74001F4C6F72672F61637469766974692F656E67696E652F7461736B2F5461736B3B4C00057469746C6571007E00024C0007757365725F696471007E00034C0009757365725F6E616D6571007E000278707400023638740009776F726B6F726465727070707070740019E69D8EE699A820E79A84E5B7A5E58D95E794B3E8AFB7EFBC81737200116A6176612E6C616E672E496E746567657212E2A0A4F781873802000149000576616C7565787200106A6176612E6C616E672E4E756D62657286AC951D0B94E08B020000787000000014740006E69D8EE699A87372000E6A6176612E7574696C2E44617465686A81014B5974190300007870770800000164EDF3918C7871007E001371007E00127371007E0014770800000164EDF9AAD978740006E69D8EE699A87371007E001000000014740006E69D8EE699A87070707071007E001270707070707074000673617361646473720018636F6D2E7A6D6C2E6F612E656E746974792E446F6D61696E81FF1FF80325925102000B4C00046172656171007E00024C000B646973636172644461746571007E00014C0006646F6D61696E71007E00024C0002696471007E00034C00076D616E6167657271007E00024C00046D656D6F71007E00024C00046E616D6571007E00024C000870726F6A6563747374000F4C6A6176612F7574696C2F5365743B4C000B72656C656173654461746571007E00014C000673746174757371007E00024C000A7375626A656374696F6E71007E00027870740006E585A8E59BBD737200126A6176612E73716C2E54696D657374616D702618D5C80153BF650200014900056E616E6F737871007E0014770800000164E9009598780000000074000C7777772E746573742E636F6D7371007E001000000001740006E5AE8CE688907074000CE6B58BE8AF95E59F9FE5908D7372002F6F72672E68696265726E6174652E636F6C6C656374696F6E2E696E7465726E616C2E50657273697374656E7453657486E4FDA1F2EEE0AF0200014C000373657471007E001C7872003E6F72672E68696265726E6174652E636F6C6C656374696F6E2E696E7465726E616C2E416273747261637450657273697374656E74436F6C6C656374696F6E844A7E7706AE8D0B0200095A001B616C6C6F774C6F61644F7574736964655472616E73616374696F6E49000A63616368656453697A655A000564697274795A000B696E697469616C697A65644C00036B65797400164C6A6176612F696F2F53657269616C697A61626C653B4C00056F776E65727400124C6A6176612F6C616E672F4F626A6563743B4C0004726F6C6571007E00024C001273657373696F6E466163746F72795575696471007E00024C000E73746F726564536E617073686F7471007E0027787000FFFFFFFF000071007E002271007E001D740021636F6D2E7A6D6C2E6F612E656E746974792E446F6D61696E2E70726F6A656374737070707371007E001F770800000164E9009598780000000074000130740006E6B58BE8AF957371007E001000000044707371007E0010000000327400063230373530317074000750454E44494E4770707070707070707074000CE99C80E6B182E58F98E69BB4707070707070, null);
INSERT INTO `act_ge_bytearray` VALUES ('207509', '2', 'hist.var-entity', null, 0xACED00057372001B636F6D2E7A6D6C2E6F612E656E746974792E576F726B4F726465720986681BE55D487502002A4C00096170706C79446174657400104C6A6176612F7574696C2F446174653B4C00096170706C79557365727400124C6A6176612F6C616E672F537472696E673B4C000B6170706C795573657249647400134C6A6176612F6C616E672F496E74656765723B4C0011627573696E65737341756469744461746571007E00014C0011627573696E65737341756469745573657271007E00024C0013627573696E657373417564697455736572496471007E00034C0005636F64657271007E00024C000A636F646572417564697471007E00024C000E636F64657241756469744461746571007E00014C000C636F6465724175646974496471007E00034C0009636F6465724461746571007E00014C0007636F646572496471007E00034C0008636F64657253766E71007E00024C000C636F64657256657273696F6E71007E00024C0008636F6D6D6974657271007E00024C000C636F6D6D697465724461746571007E00014C000A636F6D6D69746572496471007E00034C000A6465706C6F794461746571007E00014C000E646576656C6F704578706C61696E71007E00024C0006646F6D61696E74001A4C636F6D2F7A6D6C2F6F612F656E746974792F446F6D61696E3B4C0002696471007E00034C00046D656D6F71007E00024C00087072696F7269747971007E00034C000A70726F63496E7374496471007E00024C000770726F6A65637474001B4C636F6D2F7A6D6C2F6F612F656E746974792F50726F6A6563743B4C000673746174757371007E00024C000D7465737441756469744461746571007E00014C0008746573744465736371007E00024C00077465737453766E71007E00024C000B7465737456657273696F6E71007E00024C000674657374657271007E00024C000B746573746572417564697471007E00024C000D7465737465724175646974496471007E00034C000A7465737465724461746571007E00014C0008746573746572496471007E00034C00047479706571007E00024C000A7665726966794461746571007E00014C00097765624D617374657271007E00024C000E7765624D6173746572417564697471007E00024C00127765624D617374657241756469744461746571007E00014C00107765624D61737465724175646974496471007E00034C000B7765624D6173746572496471007E000378720018636F6D2E7A6D6C2E6F612E656E746974792E42617365564F558EE982E2C492FF02000A4C000B627573696E6573734B657971007E00024C000C627573696E6573735479706571007E00024C0017686973746F72696350726F63657373496E7374616E63657400354C6F72672F61637469766974692F656E67696E652F686973746F72792F486973746F72696350726F63657373496E7374616E63653B4C0014686973746F7269635461736B496E7374616E63657400324C6F72672F61637469766974692F656E67696E652F686973746F72792F486973746F7269635461736B496E7374616E63653B4C001170726F63657373446566696E6974696F6E7400324C6F72672F61637469766974692F656E67696E652F7265706F7369746F72792F50726F63657373446566696E6974696F6E3B4C000F70726F63657373496E7374616E636574002D4C6F72672F61637469766974692F656E67696E652F72756E74696D652F50726F63657373496E7374616E63653B4C00047461736B74001F4C6F72672F61637469766974692F656E67696E652F7461736B2F5461736B3B4C00057469746C6571007E00024C0007757365725F696471007E00034C0009757365725F6E616D6571007E000278707400023638740009776F726B6F726465727070707070740019E69D8EE699A820E79A84E5B7A5E58D95E794B3E8AFB7EFBC81737200116A6176612E6C616E672E496E746567657212E2A0A4F781873802000149000576616C7565787200106A6176612E6C616E672E4E756D62657286AC951D0B94E08B020000787000000014740006E69D8EE699A87372000E6A6176612E7574696C2E44617465686A81014B5974190300007870770800000164EDF3918C7871007E001371007E00127371007E0014770800000164EDF9AAD978740006E69D8EE699A87371007E001000000014740006E69D8EE699A87070707071007E001270707070707074000673617361646473720018636F6D2E7A6D6C2E6F612E656E746974792E446F6D61696E81FF1FF80325925102000B4C00046172656171007E00024C000B646973636172644461746571007E00014C0006646F6D61696E71007E00024C0002696471007E00034C00076D616E6167657271007E00024C00046D656D6F71007E00024C00046E616D6571007E00024C000870726F6A6563747374000F4C6A6176612F7574696C2F5365743B4C000B72656C656173654461746571007E00014C000673746174757371007E00024C000A7375626A656374696F6E71007E00027870740006E585A8E59BBD737200126A6176612E73716C2E54696D657374616D702618D5C80153BF650200014900056E616E6F737871007E0014770800000164E9009598780000000074000C7777772E746573742E636F6D7371007E001000000001740006E5AE8CE688907074000CE6B58BE8AF95E59F9FE5908D7372002F6F72672E68696265726E6174652E636F6C6C656374696F6E2E696E7465726E616C2E50657273697374656E7453657486E4FDA1F2EEE0AF0200014C000373657471007E001C7872003E6F72672E68696265726E6174652E636F6C6C656374696F6E2E696E7465726E616C2E416273747261637450657273697374656E74436F6C6C656374696F6E844A7E7706AE8D0B0200095A001B616C6C6F774C6F61644F7574736964655472616E73616374696F6E49000A63616368656453697A655A000564697274795A000B696E697469616C697A65644C00036B65797400164C6A6176612F696F2F53657269616C697A61626C653B4C00056F776E65727400124C6A6176612F6C616E672F4F626A6563743B4C0004726F6C6571007E00024C001273657373696F6E466163746F72795575696471007E00024C000E73746F726564536E617073686F7471007E0027787000FFFFFFFF000071007E002271007E001D740021636F6D2E7A6D6C2E6F612E656E746974792E446F6D61696E2E70726F6A656374737070707371007E001F770800000164E9009598780000000074000130740006E6B58BE8AF957371007E001000000044707371007E0010000000327400063230373530317074000750454E44494E4770707070707070707074000CE99C80E6B182E58F98E69BB4707070707070, null);
INSERT INTO `act_ge_bytearray` VALUES ('207524', '1', 'var-entity', null, 0xACED00057372001B636F6D2E7A6D6C2E6F612E656E746974792E576F726B4F726465720986681BE55D487502002A4C00096170706C79446174657400104C6A6176612F7574696C2F446174653B4C00096170706C79557365727400124C6A6176612F6C616E672F537472696E673B4C000B6170706C795573657249647400134C6A6176612F6C616E672F496E74656765723B4C0011627573696E65737341756469744461746571007E00014C0011627573696E65737341756469745573657271007E00024C0013627573696E657373417564697455736572496471007E00034C0005636F64657271007E00024C000A636F646572417564697471007E00024C000E636F64657241756469744461746571007E00014C000C636F6465724175646974496471007E00034C0009636F6465724461746571007E00014C0007636F646572496471007E00034C0008636F64657253766E71007E00024C000C636F64657256657273696F6E71007E00024C0008636F6D6D6974657271007E00024C000C636F6D6D697465724461746571007E00014C000A636F6D6D69746572496471007E00034C000A6465706C6F794461746571007E00014C000E646576656C6F704578706C61696E71007E00024C0006646F6D61696E74001A4C636F6D2F7A6D6C2F6F612F656E746974792F446F6D61696E3B4C0002696471007E00034C00046D656D6F71007E00024C00087072696F7269747971007E00034C000A70726F63496E7374496471007E00024C000770726F6A65637474001B4C636F6D2F7A6D6C2F6F612F656E746974792F50726F6A6563743B4C000673746174757371007E00024C000D7465737441756469744461746571007E00014C0008746573744465736371007E00024C00077465737453766E71007E00024C000B7465737456657273696F6E71007E00024C000674657374657271007E00024C000B746573746572417564697471007E00024C000D7465737465724175646974496471007E00034C000A7465737465724461746571007E00014C0008746573746572496471007E00034C00047479706571007E00024C000A7665726966794461746571007E00014C00097765624D617374657271007E00024C000E7765624D6173746572417564697471007E00024C00127765624D617374657241756469744461746571007E00014C00107765624D61737465724175646974496471007E00034C000B7765624D6173746572496471007E000378720018636F6D2E7A6D6C2E6F612E656E746974792E42617365564F558EE982E2C492FF02000A4C000B627573696E6573734B657971007E00024C000C627573696E6573735479706571007E00024C0017686973746F72696350726F63657373496E7374616E63657400354C6F72672F61637469766974692F656E67696E652F686973746F72792F486973746F72696350726F63657373496E7374616E63653B4C0014686973746F7269635461736B496E7374616E63657400324C6F72672F61637469766974692F656E67696E652F686973746F72792F486973746F7269635461736B496E7374616E63653B4C001170726F63657373446566696E6974696F6E7400324C6F72672F61637469766974692F656E67696E652F7265706F7369746F72792F50726F63657373446566696E6974696F6E3B4C000F70726F63657373496E7374616E636574002D4C6F72672F61637469766974692F656E67696E652F72756E74696D652F50726F63657373496E7374616E63653B4C00047461736B74001F4C6F72672F61637469766974692F656E67696E652F7461736B2F5461736B3B4C00057469746C6571007E00024C0007757365725F696471007E00034C0009757365725F6E616D6571007E000278707400023639740009776F726B6F72646572707070707074000FE69D8EE699A8E79A84E5B7A5E58D95737200116A6176612E6C616E672E496E746567657212E2A0A4F781873802000149000576616C7565787200106A6176612E6C616E672E4E756D62657286AC951D0B94E08B020000787000000014740006E69D8EE699A87372000E6A6176612E7574696C2E44617465686A81014B5974190300007870770800000164EDFD20D17871007E001371007E0012707070740006E69D8EE699A87070707071007E001270707070707074000334343573720018636F6D2E7A6D6C2E6F612E656E746974792E446F6D61696E81FF1FF80325925102000B4C00046172656171007E00024C000B646973636172644461746571007E00014C0006646F6D61696E71007E00024C0002696471007E00034C00076D616E6167657271007E00024C00046D656D6F71007E00024C00046E616D6571007E00024C000870726F6A6563747374000F4C6A6176612F7574696C2F5365743B4C000B72656C656173654461746571007E00014C000673746174757371007E00024C000A7375626A656374696F6E71007E00027870740006E585A8E59BBD737200126A6176612E73716C2E54696D657374616D702618D5C80153BF650200014900056E616E6F737871007E0014770800000164E9009598780000000074000C7777772E746573742E636F6D7371007E001000000001740006E5AE8CE688907074000CE6B58BE8AF95E59F9FE5908D7372002F6F72672E68696265726E6174652E636F6C6C656374696F6E2E696E7465726E616C2E50657273697374656E7453657486E4FDA1F2EEE0AF0200014C000373657471007E00197872003E6F72672E68696265726E6174652E636F6C6C656374696F6E2E696E7465726E616C2E416273747261637450657273697374656E74436F6C6C656374696F6E844A7E7706AE8D0B0200095A001B616C6C6F774C6F61644F7574736964655472616E73616374696F6E49000A63616368656453697A655A000564697274795A000B696E697469616C697A65644C00036B65797400164C6A6176612F696F2F53657269616C697A61626C653B4C00056F776E65727400124C6A6176612F6C616E672F4F626A6563743B4C0004726F6C6571007E00024C001273657373696F6E466163746F72795575696471007E00024C000E73746F726564536E617073686F7471007E0024787000FFFFFFFF000071007E001F71007E001A740021636F6D2E7A6D6C2E6F612E656E746974792E446F6D61696E2E70726F6A656374737070707371007E001C770800000164E9009598780000000074000130740006E6B58BE8AF957371007E001000000045707371007E001000000032707074000750454E44494E4770707070707070707074000CE99C80E6B182E58F98E69BB4707070707070, null);
INSERT INTO `act_ge_bytearray` VALUES ('207526', '1', 'hist.var-entity', null, 0xACED00057372001B636F6D2E7A6D6C2E6F612E656E746974792E576F726B4F726465720986681BE55D487502002A4C00096170706C79446174657400104C6A6176612F7574696C2F446174653B4C00096170706C79557365727400124C6A6176612F6C616E672F537472696E673B4C000B6170706C795573657249647400134C6A6176612F6C616E672F496E74656765723B4C0011627573696E65737341756469744461746571007E00014C0011627573696E65737341756469745573657271007E00024C0013627573696E657373417564697455736572496471007E00034C0005636F64657271007E00024C000A636F646572417564697471007E00024C000E636F64657241756469744461746571007E00014C000C636F6465724175646974496471007E00034C0009636F6465724461746571007E00014C0007636F646572496471007E00034C0008636F64657253766E71007E00024C000C636F64657256657273696F6E71007E00024C0008636F6D6D6974657271007E00024C000C636F6D6D697465724461746571007E00014C000A636F6D6D69746572496471007E00034C000A6465706C6F794461746571007E00014C000E646576656C6F704578706C61696E71007E00024C0006646F6D61696E74001A4C636F6D2F7A6D6C2F6F612F656E746974792F446F6D61696E3B4C0002696471007E00034C00046D656D6F71007E00024C00087072696F7269747971007E00034C000A70726F63496E7374496471007E00024C000770726F6A65637474001B4C636F6D2F7A6D6C2F6F612F656E746974792F50726F6A6563743B4C000673746174757371007E00024C000D7465737441756469744461746571007E00014C0008746573744465736371007E00024C00077465737453766E71007E00024C000B7465737456657273696F6E71007E00024C000674657374657271007E00024C000B746573746572417564697471007E00024C000D7465737465724175646974496471007E00034C000A7465737465724461746571007E00014C0008746573746572496471007E00034C00047479706571007E00024C000A7665726966794461746571007E00014C00097765624D617374657271007E00024C000E7765624D6173746572417564697471007E00024C00127765624D617374657241756469744461746571007E00014C00107765624D61737465724175646974496471007E00034C000B7765624D6173746572496471007E000378720018636F6D2E7A6D6C2E6F612E656E746974792E42617365564F558EE982E2C492FF02000A4C000B627573696E6573734B657971007E00024C000C627573696E6573735479706571007E00024C0017686973746F72696350726F63657373496E7374616E63657400354C6F72672F61637469766974692F656E67696E652F686973746F72792F486973746F72696350726F63657373496E7374616E63653B4C0014686973746F7269635461736B496E7374616E63657400324C6F72672F61637469766974692F656E67696E652F686973746F72792F486973746F7269635461736B496E7374616E63653B4C001170726F63657373446566696E6974696F6E7400324C6F72672F61637469766974692F656E67696E652F7265706F7369746F72792F50726F63657373446566696E6974696F6E3B4C000F70726F63657373496E7374616E636574002D4C6F72672F61637469766974692F656E67696E652F72756E74696D652F50726F63657373496E7374616E63653B4C00047461736B74001F4C6F72672F61637469766974692F656E67696E652F7461736B2F5461736B3B4C00057469746C6571007E00024C0007757365725F696471007E00034C0009757365725F6E616D6571007E000278707400023639740009776F726B6F72646572707070707074000FE69D8EE699A8E79A84E5B7A5E58D95737200116A6176612E6C616E672E496E746567657212E2A0A4F781873802000149000576616C7565787200106A6176612E6C616E672E4E756D62657286AC951D0B94E08B020000787000000014740006E69D8EE699A87372000E6A6176612E7574696C2E44617465686A81014B5974190300007870770800000164EDFD20D17871007E001371007E0012707070740006E69D8EE699A87070707071007E001270707070707074000334343573720018636F6D2E7A6D6C2E6F612E656E746974792E446F6D61696E81FF1FF80325925102000B4C00046172656171007E00024C000B646973636172644461746571007E00014C0006646F6D61696E71007E00024C0002696471007E00034C00076D616E6167657271007E00024C00046D656D6F71007E00024C00046E616D6571007E00024C000870726F6A6563747374000F4C6A6176612F7574696C2F5365743B4C000B72656C656173654461746571007E00014C000673746174757371007E00024C000A7375626A656374696F6E71007E00027870740006E585A8E59BBD737200126A6176612E73716C2E54696D657374616D702618D5C80153BF650200014900056E616E6F737871007E0014770800000164E9009598780000000074000C7777772E746573742E636F6D7371007E001000000001740006E5AE8CE688907074000CE6B58BE8AF95E59F9FE5908D7372002F6F72672E68696265726E6174652E636F6C6C656374696F6E2E696E7465726E616C2E50657273697374656E7453657486E4FDA1F2EEE0AF0200014C000373657471007E00197872003E6F72672E68696265726E6174652E636F6C6C656374696F6E2E696E7465726E616C2E416273747261637450657273697374656E74436F6C6C656374696F6E844A7E7706AE8D0B0200095A001B616C6C6F774C6F61644F7574736964655472616E73616374696F6E49000A63616368656453697A655A000564697274795A000B696E697469616C697A65644C00036B65797400164C6A6176612F696F2F53657269616C697A61626C653B4C00056F776E65727400124C6A6176612F6C616E672F4F626A6563743B4C0004726F6C6571007E00024C001273657373696F6E466163746F72795575696471007E00024C000E73746F726564536E617073686F7471007E0024787000FFFFFFFF000071007E001F71007E001A740021636F6D2E7A6D6C2E6F612E656E746974792E446F6D61696E2E70726F6A656374737070707371007E001C770800000164E9009598780000000074000130740006E6B58BE8AF957371007E001000000045707371007E001000000032707074000750454E44494E4770707070707070707074000CE99C80E6B182E58F98E69BB4707070707070, null);
INSERT INTO `act_ge_bytearray` VALUES ('210009', '10', 'hist.var-entity', null, 0xACED00057372001B636F6D2E7A6D6C2E6F612E656E746974792E576F726B4F726465720986681BE55D487502002A4C00096170706C79446174657400104C6A6176612F7574696C2F446174653B4C00096170706C79557365727400124C6A6176612F6C616E672F537472696E673B4C000B6170706C795573657249647400134C6A6176612F6C616E672F496E74656765723B4C0011627573696E65737341756469744461746571007E00014C0011627573696E65737341756469745573657271007E00024C0013627573696E657373417564697455736572496471007E00034C0005636F64657271007E00024C000A636F646572417564697471007E00024C000E636F64657241756469744461746571007E00014C000C636F6465724175646974496471007E00034C0009636F6465724461746571007E00014C0007636F646572496471007E00034C0008636F64657253766E71007E00024C000C636F64657256657273696F6E71007E00024C0008636F6D6D6974657271007E00024C000C636F6D6D697465724461746571007E00014C000A636F6D6D69746572496471007E00034C000A6465706C6F794461746571007E00014C000E646576656C6F704578706C61696E71007E00024C0006646F6D61696E74001A4C636F6D2F7A6D6C2F6F612F656E746974792F446F6D61696E3B4C0002696471007E00034C00046D656D6F71007E00024C00087072696F7269747971007E00034C000A70726F63496E7374496471007E00024C000770726F6A65637474001B4C636F6D2F7A6D6C2F6F612F656E746974792F50726F6A6563743B4C000673746174757371007E00024C000D7465737441756469744461746571007E00014C0008746573744465736371007E00024C00077465737453766E71007E00024C000B7465737456657273696F6E71007E00024C000674657374657271007E00024C000B746573746572417564697471007E00024C000D7465737465724175646974496471007E00034C000A7465737465724461746571007E00014C0008746573746572496471007E00034C00047479706571007E00024C000A7665726966794461746571007E00014C00097765624D617374657271007E00024C000E7765624D6173746572417564697471007E00024C00127765624D617374657241756469744461746571007E00014C00107765624D61737465724175646974496471007E00034C000B7765624D6173746572496471007E000378720018636F6D2E7A6D6C2E6F612E656E746974792E42617365564F558EE982E2C492FF02000A4C000B627573696E6573734B657971007E00024C000C627573696E6573735479706571007E00024C0017686973746F72696350726F63657373496E7374616E63657400354C6F72672F61637469766974692F656E67696E652F686973746F72792F486973746F72696350726F63657373496E7374616E63653B4C0014686973746F7269635461736B496E7374616E63657400324C6F72672F61637469766974692F656E67696E652F686973746F72792F486973746F7269635461736B496E7374616E63653B4C001170726F63657373446566696E6974696F6E7400324C6F72672F61637469766974692F656E67696E652F7265706F7369746F72792F50726F63657373446566696E6974696F6E3B4C000F70726F63657373496E7374616E636574002D4C6F72672F61637469766974692F656E67696E652F72756E74696D652F50726F63657373496E7374616E63653B4C00047461736B74001F4C6F72672F61637469766974692F656E67696E652F7461736B2F5461736B3B4C00057469746C6571007E00024C0007757365725F696471007E00034C0009757365725F6E616D6571007E000278707400023730740009776F726B6F726465727070707070740019E69D8EE699A820E79A84E5B7A5E58D95E794B3E8AFB7EFBC81737200116A6176612E6C616E672E496E746567657212E2A0A4F781873802000149000576616C7565787200106A6176612E6C616E672E4E756D62657286AC951D0B94E08B020000787000000014740006E69D8EE699A87372000E6A6176612E7574696C2E44617465686A81014B5974190300007870770800000164EE00FE077871007E001371007E00127371007E0014770800000164EE041A8A78740006E69D8EE699A87371007E001000000014740006E69D8EE699A8740006E69D8EE699A87371007E0014770800000164EE04A0C0787371007E0010000000147371007E0014770800000164EE04740C787371007E00100000001474002D687474703A2F2F3139322E3136382E3139312E342F73766E2F6879737369702F7372632F6879737369705F6278740003323334740006E58898E6B48B7371007E0014770800000164EE061916787371007E0010000000177371007E0014770800000164EE06F7C77874000673646673646673720018636F6D2E7A6D6C2E6F612E656E746974792E446F6D61696E81FF1FF80325925102000B4C00046172656171007E00024C000B646973636172644461746571007E00014C0006646F6D61696E71007E00024C0002696471007E00034C00076D616E6167657271007E00024C00046D656D6F71007E00024C00046E616D6571007E00024C000870726F6A6563747374000F4C6A6176612F7574696C2F5365743B4C000B72656C656173654461746571007E00014C000673746174757371007E00024C000A7375626A656374696F6E71007E00027870740006E585A8E59BBD737200126A6176612E73716C2E54696D657374616D702618D5C80153BF650200014900056E616E6F737871007E0014770800000164E9009598780000000074000C7777772E746573742E636F6D7371007E001000000001740006E5AE8CE688907074000CE6B58BE8AF95E59F9FE5908D7372002F6F72672E68696265726E6174652E636F6C6C656374696F6E2E696E7465726E616C2E50657273697374656E7453657486E4FDA1F2EEE0AF0200014C000373657471007E00277872003E6F72672E68696265726E6174652E636F6C6C656374696F6E2E696E7465726E616C2E416273747261637450657273697374656E74436F6C6C656374696F6E844A7E7706AE8D0B0200095A001B616C6C6F774C6F61644F7574736964655472616E73616374696F6E49000A63616368656453697A655A000564697274795A000B696E697469616C697A65644C00036B65797400164C6A6176612F696F2F53657269616C697A61626C653B4C00056F776E65727400124C6A6176612F6C616E672F4F626A6563743B4C0004726F6C6571007E00024C001273657373696F6E466163746F72795575696471007E00024C000E73746F726564536E617073686F7471007E0032787000FFFFFFFF000171007E002D71007E0028740021636F6D2E7A6D6C2E6F612E656E746974792E446F6D61696E2E70726F6A6563747370737200116A6176612E7574696C2E486173684D61700507DAC1C31660D103000246000A6C6F6164466163746F724900097468726573686F6C6478703F4000000000000C7708000000100000000273720019636F6D2E7A6D6C2E6F612E656E746974792E50726F6A656374F75BFAD8333ED1530200154C00046172656171007E00024C00096275696C64496E666F71007E00024C0005636F64657271007E00024C0008636F64657253766E71007E00024C0002646271007E00024C000B6469736361726454696D6571007E00014C0007646F6D61696E7371007E00274C000868617665436F646571007E00024C000768617665446F6371007E00024C000B6861766552656C6561736571007E00024C0008686176655465737471007E00024C0004686F6D6571007E00024C0002696471007E00034C00086C616E677561676571007E00024C00046D656D6F71007E00024C00046E616D6571007E00024C00026F7371007E00024C000B72656C6561736554696D6571007E00014C000673657276657271007E00024C000673746174757371007E00024C000974657374657253766E71007E00027870740006E4B8ADE59BBD740003323233740006736466736466740005736673646674000473646232707371007E003000FFFFFFFF00007371007E00100000000371007E0039740021636F6D2E7A6D6C2E6F612E656E746974792E50726F6A6563742E646F6D61696E73707070740001307400013174000131740001317400047465737471007E0040740004746573747400033333337400047465737474000777696E646F77737371007E002A77080000014DAAB3800078000000007400047364666C74000130740005333333333371007E00397371007E0038740006E585A8E59BBD70740009E4BA8EE59BBDE889AF74002D687474703A2F2F3139322E3136382E3139312E342F73766E2F6879737369702F7372632F6879737369705F627874000A6F7261636C6520313167707371007E003000FFFFFFFF000071007E002D71007E004F71007E00417070707400013170740001317400013174000373697071007E002D74000B6A617661206A646B312E36707400277777772E626A78792E68616F79697368656E672E636F6D2D736970E58C97E4BAACE4B9A1E58CBB7400056C696E75787371007E002A77080000015957A7F858780000000074000C6A626F7373342E322E3347417400013074003D73766E3A2F2F3139322E3136382E3139322E31332F7777772E626A78792E68616F79697368656E672E636F6D2DE58C97E4BAACE4B9A1E58CBB2F73697071007E004F78737200116A6176612E7574696C2E48617368536574BA44859596B8B7340300007870770C000000043F4000000000000271007E003971007E004F787371007E002A770800000164E9009598780000000074000130740006E6B58BE8AF957371007E001000000046707371007E0010000000327400063231303030317371007E0038740006E585A8E59BBD70740009E4BA8EE59BBDE889AF74002D687474703A2F2F3139322E3136382E3139312E342F73766E2F6879737369702F7372632F6879737369705F627874000A6F7261636C6520313167707371007E003000FFFFFFFF00007371007E00100000000171007E0068740021636F6D2E7A6D6C2E6F612E656E746974792E50726F6A6563742E646F6D61696E737070707400013170740001317400013174000373697071007E006E74000B6A617661206A646B312E36707400277777772E626A78792E68616F79697368656E672E636F6D2D736970E58C97E4BAACE4B9A1E58CBB7400056C696E75787371007E002A77080000015957A7F858780000000074000C6A626F7373342E322E3347417400013074003D73766E3A2F2F3139322E3136382E3139322E31332F7777772E626A78792E68616F79697368656E672E636F6D2DE58C97E4BAACE4B9A1E58CBB2F736970740010415050524F56414C5F535543434553537371007E0014770800000164EE0647A278740006E9809AE8BF8774003D73766E3A2F2F3139322E3136382E3139322E31332F7777772E626A78792E68616F79697368656E672E636F6D2DE58C97E4BAACE4B9A1E58CBB2F73697074000432323635740006E58898E6B48B740006E58898E6B48B7371007E0010000000177371007E0014770800000164EE05B602787371007E00100000001774000CE99C80E6B182E58F98E69BB47371007E0014770800000164EE0772E278740006E58898E4BC9F740006E58898E4BC9F7371007E0014770800000164EE070FF2787371007E0010000000197371007E001000000019, null);
INSERT INTO `act_ge_bytearray` VALUES ('215009', '10', 'hist.var-entity', null, 0xACED00057372001B636F6D2E7A6D6C2E6F612E656E746974792E576F726B4F726465720986681BE55D487502002A4C00096170706C79446174657400104C6A6176612F7574696C2F446174653B4C00096170706C79557365727400124C6A6176612F6C616E672F537472696E673B4C000B6170706C795573657249647400134C6A6176612F6C616E672F496E74656765723B4C0011627573696E65737341756469744461746571007E00014C0011627573696E65737341756469745573657271007E00024C0013627573696E657373417564697455736572496471007E00034C0005636F64657271007E00024C000A636F646572417564697471007E00024C000E636F64657241756469744461746571007E00014C000C636F6465724175646974496471007E00034C0009636F6465724461746571007E00014C0007636F646572496471007E00034C0008636F64657253766E71007E00024C000C636F64657256657273696F6E71007E00024C0008636F6D6D6974657271007E00024C000C636F6D6D697465724461746571007E00014C000A636F6D6D69746572496471007E00034C000A6465706C6F794461746571007E00014C000E646576656C6F704578706C61696E71007E00024C0006646F6D61696E74001A4C636F6D2F7A6D6C2F6F612F656E746974792F446F6D61696E3B4C0002696471007E00034C00046D656D6F71007E00024C00087072696F7269747971007E00034C000A70726F63496E7374496471007E00024C000770726F6A65637474001B4C636F6D2F7A6D6C2F6F612F656E746974792F50726F6A6563743B4C000673746174757371007E00024C000D7465737441756469744461746571007E00014C0008746573744465736371007E00024C00077465737453766E71007E00024C000B7465737456657273696F6E71007E00024C000674657374657271007E00024C000B746573746572417564697471007E00024C000D7465737465724175646974496471007E00034C000A7465737465724461746571007E00014C0008746573746572496471007E00034C00047479706571007E00024C000A7665726966794461746571007E00014C00097765624D617374657271007E00024C000E7765624D6173746572417564697471007E00024C00127765624D617374657241756469744461746571007E00014C00107765624D61737465724175646974496471007E00034C000B7765624D6173746572496471007E000378720018636F6D2E7A6D6C2E6F612E656E746974792E42617365564F558EE982E2C492FF02000A4C000B627573696E6573734B657971007E00024C000C627573696E6573735479706571007E00024C0017686973746F72696350726F63657373496E7374616E63657400354C6F72672F61637469766974692F656E67696E652F686973746F72792F486973746F72696350726F63657373496E7374616E63653B4C0014686973746F7269635461736B496E7374616E63657400324C6F72672F61637469766974692F656E67696E652F686973746F72792F486973746F7269635461736B496E7374616E63653B4C001170726F63657373446566696E6974696F6E7400324C6F72672F61637469766974692F656E67696E652F7265706F7369746F72792F50726F63657373446566696E6974696F6E3B4C000F70726F63657373496E7374616E636574002D4C6F72672F61637469766974692F656E67696E652F72756E74696D652F50726F63657373496E7374616E63653B4C00047461736B74001F4C6F72672F61637469766974692F656E67696E652F7461736B2F5461736B3B4C00057469746C6571007E00024C0007757365725F696471007E00034C0009757365725F6E616D6571007E000278707400023731740009776F726B6F726465727070707070740019E69D8EE699A820E79A84E5B7A5E58D95E794B3E8AFB7EFBC81737200116A6176612E6C616E672E496E746567657212E2A0A4F781873802000149000576616C7565787200106A6176612E6C616E672E4E756D62657286AC951D0B94E08B020000787000000014740006E69D8EE699A87372000E6A6176612E7574696C2E44617465686A81014B5974190300007870770800000164EE1CE9F37871007E001371007E00127371007E0014770800000164EE1D5C7D78740006E69D8EE699A87371007E001000000014740006E69D8EE699A8740006E69D8EE699A87371007E0014770800000164EE1DB080787371007E0010000000147371007E0014770800000164EE1D8B7F787371007E00100000001474002D687474703A2F2F3139322E3136382E3139312E342F73766E2F6879737369702F7372632F6879737369705F6278740003323333740006E58898E6B48B7371007E0014770800000164EE1EE445787371007E0010000000177371007E0014770800000164EE1FA38578740009E6B0B4E794B5E8B4B973720018636F6D2E7A6D6C2E6F612E656E746974792E446F6D61696E81FF1FF80325925102000B4C00046172656171007E00024C000B646973636172644461746571007E00014C0006646F6D61696E71007E00024C0002696471007E00034C00076D616E6167657271007E00024C00046D656D6F71007E00024C00046E616D6571007E00024C000870726F6A6563747374000F4C6A6176612F7574696C2F5365743B4C000B72656C656173654461746571007E00014C000673746174757371007E00024C000A7375626A656374696F6E71007E00027870740006E585A8E59BBD737200126A6176612E73716C2E54696D657374616D702618D5C80153BF650200014900056E616E6F737871007E0014770800000164E9009598780000000074000C7777772E746573742E636F6D7371007E001000000001740006E5AE8CE688907074000CE6B58BE8AF95E59F9FE5908D7372002F6F72672E68696265726E6174652E636F6C6C656374696F6E2E696E7465726E616C2E50657273697374656E7453657486E4FDA1F2EEE0AF0200014C000373657471007E00277872003E6F72672E68696265726E6174652E636F6C6C656374696F6E2E696E7465726E616C2E416273747261637450657273697374656E74436F6C6C656374696F6E844A7E7706AE8D0B0200095A001B616C6C6F774C6F61644F7574736964655472616E73616374696F6E49000A63616368656453697A655A000564697274795A000B696E697469616C697A65644C00036B65797400164C6A6176612F696F2F53657269616C697A61626C653B4C00056F776E65727400124C6A6176612F6C616E672F4F626A6563743B4C0004726F6C6571007E00024C001273657373696F6E466163746F72795575696471007E00024C000E73746F726564536E617073686F7471007E0032787000FFFFFFFF000171007E002D71007E0028740021636F6D2E7A6D6C2E6F612E656E746974792E446F6D61696E2E70726F6A6563747370737200116A6176612E7574696C2E486173684D61700507DAC1C31660D103000246000A6C6F6164466163746F724900097468726573686F6C6478703F4000000000000C7708000000100000000273720019636F6D2E7A6D6C2E6F612E656E746974792E50726F6A656374F75BFAD8333ED1530200144C00046172656171007E00024C00096275696C64496E666F71007E00024C0005636F64657271007E00024C0008636F64657253766E71007E00024C0002646271007E00024C000B6469736361726454696D6571007E00014C000868617665436F646571007E00024C000768617665446F6371007E00024C000B6861766552656C6561736571007E00024C0008686176655465737471007E00024C0004686F6D6571007E00024C0002696471007E00034C00086C616E677561676571007E00024C00046D656D6F71007E00024C00046E616D6571007E00024C00026F7371007E00024C000B72656C6561736554696D6571007E00014C000673657276657271007E00024C000673746174757371007E00024C000974657374657253766E71007E00027870740006E4B8ADE59BBD7400033232337400067364667364667400057366736466740004736462327074000130740001317400013174000131740004746573747371007E001000000003740004746573747400033333337400047465737474000777696E646F77737371007E002A77080000014DAAB3800078000000007400047364666C74000130740005333333333371007E00397371007E0038740006E585A8E59BBD70740009E4BA8EE59BBDE889AF74002D687474703A2F2F3139322E3136382E3139312E342F73766E2F6879737369702F7372632F6879737369705F627874000A6F7261636C6520313167707400013170740001317400013174000373697071007E002D74000B6A617661206A646B312E36707400277777772E626A78792E68616F79697368656E672E636F6D2D736970E58C97E4BAACE4B9A1E58CBB7400056C696E75787371007E002A77080000015957A7F858780000000074000C6A626F7373342E322E3347417400013074003D73766E3A2F2F3139322E3136382E3139322E31332F7777772E626A78792E68616F79697368656E672E636F6D2DE58C97E4BAACE4B9A1E58CBB2F73697071007E004D78737200116A6176612E7574696C2E48617368536574BA44859596B8B7340300007870770C000000043F4000000000000271007E003971007E004D787371007E002A770800000164E9009598780000000074000130740006E6B58BE8AF957371007E001000000047707371007E0010000000327400063231353030317371007E0038740006E585A8E59BBD70740009E4BA8EE59BBDE889AF74002D687474703A2F2F3139322E3136382E3139312E342F73766E2F6879737369702F7372632F6879737369705F627874000A6F7261636C652031316770740001317074000131740001317400037369707371007E00100000000174000B6A617661206A646B312E36707400277777772E626A78792E68616F79697368656E672E636F6D2D736970E58C97E4BAACE4B9A1E58CBB7400056C696E75787371007E002A77080000015957A7F858780000000074000C6A626F7373342E322E3347417400013074003D73766E3A2F2F3139322E3136382E3139322E31332F7777772E626A78792E68616F79697368656E672E636F6D2DE58C97E4BAACE4B9A1E58CBB2F736970740010415050524F56414C5F535543434553537371007E0014770800000164EE1F072878740006E9809AE8BF8774003D73766E3A2F2F3139322E3136382E3139322E31332F7777772E626A78792E68616F79697368656E672E636F6D2DE58C97E4BAACE4B9A1E58CBB2F73697074000432333231740006E58898E6B48B740006E58898E6B48B7371007E0010000000177371007E0014770800000164EE1EACDA787371007E00100000001774000CE99C80E6B182E58F98E69BB47371007E0014770800000164EE204F9478740006E58898E4BC9F740006E58898E4BC9F7371007E0014770800000164EE1FB393787371007E0010000000197371007E001000000019, null);
INSERT INTO `act_ge_bytearray` VALUES ('217507', '10', 'var-entity', null, 0xACED00057372001B636F6D2E7A6D6C2E6F612E656E746974792E576F726B4F726465720986681BE55D487502002A4C00096170706C79446174657400104C6A6176612F7574696C2F446174653B4C00096170706C79557365727400124C6A6176612F6C616E672F537472696E673B4C000B6170706C795573657249647400134C6A6176612F6C616E672F496E74656765723B4C0011627573696E65737341756469744461746571007E00014C0011627573696E65737341756469745573657271007E00024C0013627573696E657373417564697455736572496471007E00034C0005636F64657271007E00024C000A636F646572417564697471007E00024C000E636F64657241756469744461746571007E00014C000C636F6465724175646974496471007E00034C0009636F6465724461746571007E00014C0007636F646572496471007E00034C0008636F64657253766E71007E00024C000C636F64657256657273696F6E71007E00024C0008636F6D6D6974657271007E00024C000C636F6D6D697465724461746571007E00014C000A636F6D6D69746572496471007E00034C000A6465706C6F794461746571007E00014C000E646576656C6F704578706C61696E71007E00024C0006646F6D61696E74001A4C636F6D2F7A6D6C2F6F612F656E746974792F446F6D61696E3B4C0002696471007E00034C00046D656D6F71007E00024C00087072696F7269747971007E00034C000A70726F63496E7374496471007E00024C000770726F6A65637474001B4C636F6D2F7A6D6C2F6F612F656E746974792F50726F6A6563743B4C000673746174757371007E00024C000D7465737441756469744461746571007E00014C0008746573744465736371007E00024C00077465737453766E71007E00024C000B7465737456657273696F6E71007E00024C000674657374657271007E00024C000B746573746572417564697471007E00024C000D7465737465724175646974496471007E00034C000A7465737465724461746571007E00014C0008746573746572496471007E00034C00047479706571007E00024C000A7665726966794461746571007E00014C00097765624D617374657271007E00024C000E7765624D6173746572417564697471007E00024C00127765624D617374657241756469744461746571007E00014C00107765624D61737465724175646974496471007E00034C000B7765624D6173746572496471007E000378720018636F6D2E7A6D6C2E6F612E656E746974792E42617365564F558EE982E2C492FF02000A4C000B627573696E6573734B657971007E00024C000C627573696E6573735479706571007E00024C0017686973746F72696350726F63657373496E7374616E63657400354C6F72672F61637469766974692F656E67696E652F686973746F72792F486973746F72696350726F63657373496E7374616E63653B4C0014686973746F7269635461736B496E7374616E63657400324C6F72672F61637469766974692F656E67696E652F686973746F72792F486973746F7269635461736B496E7374616E63653B4C001170726F63657373446566696E6974696F6E7400324C6F72672F61637469766974692F656E67696E652F7265706F7369746F72792F50726F63657373446566696E6974696F6E3B4C000F70726F63657373496E7374616E636574002D4C6F72672F61637469766974692F656E67696E652F72756E74696D652F50726F63657373496E7374616E63653B4C00047461736B74001F4C6F72672F61637469766974692F656E67696E652F7461736B2F5461736B3B4C00057469746C6571007E00024C0007757365725F696471007E00034C0009757365725F6E616D6571007E000278707400023732740009776F726B6F726465727070707070740014E6B58BE8AF95E59F9FE5908D28E69D8EE699A829737200116A6176612E6C616E672E496E746567657212E2A0A4F781873802000149000576616C7565787200106A6176612E6C616E672E4E756D62657286AC951D0B94E08B020000787000000014740006E69D8EE699A87372000E6A6176612E7574696C2E44617465686A81014B5974190300007870770800000164EE4921107871007E001371007E00127371007E0014770800000164EE4E7F6478740006E69D8EE699A87371007E001000000014740006E69D8EE699A8740006E69D8EE699A87371007E0014770800000164EE4F55AC787371007E0010000000147371007E0014770800000164EE4F339D787371007E00100000001474002D687474703A2F2F3139322E3136382E3139312E342F73766E2F6879737369702F7372632F6879737369705F62787400023638707070707400077364667364333373720018636F6D2E7A6D6C2E6F612E656E746974792E446F6D61696E81FF1FF80325925102000B4C00046172656171007E00024C000B646973636172644461746571007E00014C0006646F6D61696E71007E00024C0002696471007E00034C00076D616E6167657271007E00024C00046D656D6F71007E00024C00046E616D6571007E00024C000870726F6A6563747374000F4C6A6176612F7574696C2F5365743B4C000B72656C656173654461746571007E00014C000673746174757371007E00024C000A7375626A656374696F6E71007E00027870740006E585A8E59BBD737200126A6176612E73716C2E54696D657374616D702618D5C80153BF650200014900056E616E6F737871007E0014770800000164E9009598780000000074000C7777772E746573742E636F6D7371007E001000000001740006E5AE8CE688907074000CE6B58BE8AF95E59F9FE5908D7372002F6F72672E68696265726E6174652E636F6C6C656374696F6E2E696E7465726E616C2E50657273697374656E7453657486E4FDA1F2EEE0AF0200014C000373657471007E00237872003E6F72672E68696265726E6174652E636F6C6C656374696F6E2E696E7465726E616C2E416273747261637450657273697374656E74436F6C6C656374696F6E844A7E7706AE8D0B0200095A001B616C6C6F774C6F61644F7574736964655472616E73616374696F6E49000A63616368656453697A655A000564697274795A000B696E697469616C697A65644C00036B65797400164C6A6176612F696F2F53657269616C697A61626C653B4C00056F776E65727400124C6A6176612F6C616E672F4F626A6563743B4C0004726F6C6571007E00024C001273657373696F6E466163746F72795575696471007E00024C000E73746F726564536E617073686F7471007E002E787000FFFFFFFF000171007E002971007E0024740021636F6D2E7A6D6C2E6F612E656E746974792E446F6D61696E2E70726F6A6563747370737200116A6176612E7574696C2E486173684D61700507DAC1C31660D103000246000A6C6F6164466163746F724900097468726573686F6C6478703F4000000000000C7708000000100000000273720019636F6D2E7A6D6C2E6F612E656E746974792E50726F6A656374F75BFAD8333ED1530200144C00046172656171007E00024C00096275696C64496E666F71007E00024C0005636F64657271007E00024C0008636F64657253766E71007E00024C0002646271007E00024C000B6469736361726454696D6571007E00014C000868617665436F646571007E00024C000768617665446F6371007E00024C000B6861766552656C6561736571007E00024C0008686176655465737471007E00024C0004686F6D6571007E00024C0002696471007E00034C00086C616E677561676571007E00024C00046D656D6F71007E00024C00046E616D6571007E00024C00026F7371007E00024C000B72656C6561736554696D6571007E00014C000673657276657271007E00024C000673746174757371007E00024C000974657374657253766E71007E00027870740006E4B8ADE59BBD7400033232337400067364667364667400057366736466740004736462327074000130740001317400013174000131740004746573747371007E001000000003740004746573747400033333337400047465737474000777696E646F77737371007E002677080000014DAAB3800078000000007400047364666C74000130740005333333333371007E00357371007E0034740006E585A8E59BBD70740009E4BA8EE59BBDE889AF74002D687474703A2F2F3139322E3136382E3139312E342F73766E2F6879737369702F7372632F6879737369705F627874000A6F7261636C6520313167707400013170740001317400013174000373697071007E002974000B6A617661206A646B312E36707400277777772E626A78792E68616F79697368656E672E636F6D2D736970E58C97E4BAACE4B9A1E58CBB7400056C696E75787371007E002677080000015957A7F858780000000074000C6A626F7373342E322E3347417400013074003D73766E3A2F2F3139322E3136382E3139322E31332F7777772E626A78792E68616F79697368656E672E636F6D2DE58C97E4BAACE4B9A1E58CBB2F73697071007E004978737200116A6176612E7574696C2E48617368536574BA44859596B8B7340300007870770C000000043F4000000000000271007E003571007E0049787371007E0026770800000164E9009598780000000074000130740006E6B58BE8AF957371007E001000000048707371007E0010000000327400063231373530317371007E0034740006E585A8E59BBD70740009E4BA8EE59BBDE889AF74002D687474703A2F2F3139322E3136382E3139312E342F73766E2F6879737369702F7372632F6879737369705F627874000A6F7261636C652031316770740001317074000131740001317400037369707371007E00100000000174000B6A617661206A646B312E36707400277777772E626A78792E68616F79697368656E672E636F6D2D736970E58C97E4BAACE4B9A1E58CBB7400056C696E75787371007E002677080000015957A7F858780000000074000C6A626F7373342E322E3347417400013074003D73766E3A2F2F3139322E3136382E3139322E31332F7777772E626A78792E68616F79697368656E672E636F6D2DE58C97E4BAACE4B9A1E58CBB2F73697074000750454E44494E4770707070707070707074000CE99C80E6B182E58F98E69BB4707070707070, null);
INSERT INTO `act_ge_bytearray` VALUES ('217509', '4', 'hist.var-entity', null, 0xACED00057372001B636F6D2E7A6D6C2E6F612E656E746974792E576F726B4F726465720986681BE55D487502002A4C00096170706C79446174657400104C6A6176612F7574696C2F446174653B4C00096170706C79557365727400124C6A6176612F6C616E672F537472696E673B4C000B6170706C795573657249647400134C6A6176612F6C616E672F496E74656765723B4C0011627573696E65737341756469744461746571007E00014C0011627573696E65737341756469745573657271007E00024C0013627573696E657373417564697455736572496471007E00034C0005636F64657271007E00024C000A636F646572417564697471007E00024C000E636F64657241756469744461746571007E00014C000C636F6465724175646974496471007E00034C0009636F6465724461746571007E00014C0007636F646572496471007E00034C0008636F64657253766E71007E00024C000C636F64657256657273696F6E71007E00024C0008636F6D6D6974657271007E00024C000C636F6D6D697465724461746571007E00014C000A636F6D6D69746572496471007E00034C000A6465706C6F794461746571007E00014C000E646576656C6F704578706C61696E71007E00024C0006646F6D61696E74001A4C636F6D2F7A6D6C2F6F612F656E746974792F446F6D61696E3B4C0002696471007E00034C00046D656D6F71007E00024C00087072696F7269747971007E00034C000A70726F63496E7374496471007E00024C000770726F6A65637474001B4C636F6D2F7A6D6C2F6F612F656E746974792F50726F6A6563743B4C000673746174757371007E00024C000D7465737441756469744461746571007E00014C0008746573744465736371007E00024C00077465737453766E71007E00024C000B7465737456657273696F6E71007E00024C000674657374657271007E00024C000B746573746572417564697471007E00024C000D7465737465724175646974496471007E00034C000A7465737465724461746571007E00014C0008746573746572496471007E00034C00047479706571007E00024C000A7665726966794461746571007E00014C00097765624D617374657271007E00024C000E7765624D6173746572417564697471007E00024C00127765624D617374657241756469744461746571007E00014C00107765624D61737465724175646974496471007E00034C000B7765624D6173746572496471007E000378720018636F6D2E7A6D6C2E6F612E656E746974792E42617365564F558EE982E2C492FF02000A4C000B627573696E6573734B657971007E00024C000C627573696E6573735479706571007E00024C0017686973746F72696350726F63657373496E7374616E63657400354C6F72672F61637469766974692F656E67696E652F686973746F72792F486973746F72696350726F63657373496E7374616E63653B4C0014686973746F7269635461736B496E7374616E63657400324C6F72672F61637469766974692F656E67696E652F686973746F72792F486973746F7269635461736B496E7374616E63653B4C001170726F63657373446566696E6974696F6E7400324C6F72672F61637469766974692F656E67696E652F7265706F7369746F72792F50726F63657373446566696E6974696F6E3B4C000F70726F63657373496E7374616E636574002D4C6F72672F61637469766974692F656E67696E652F72756E74696D652F50726F63657373496E7374616E63653B4C00047461736B74001F4C6F72672F61637469766974692F656E67696E652F7461736B2F5461736B3B4C00057469746C6571007E00024C0007757365725F696471007E00034C0009757365725F6E616D6571007E000278707400023732740009776F726B6F726465727070707070740014E6B58BE8AF95E59F9FE5908D28E69D8EE699A829737200116A6176612E6C616E672E496E746567657212E2A0A4F781873802000149000576616C7565787200106A6176612E6C616E672E4E756D62657286AC951D0B94E08B020000787000000014740006E69D8EE699A87372000E6A6176612E7574696C2E44617465686A81014B5974190300007870770800000164EE4921107871007E001371007E00127371007E0014770800000164EE4E7F6478740006E69D8EE699A87371007E001000000014740006E69D8EE699A8740006E69D8EE699A87371007E0014770800000164EE4F55AC787371007E0010000000147371007E0014770800000164EE4F339D787371007E00100000001474002D687474703A2F2F3139322E3136382E3139312E342F73766E2F6879737369702F7372632F6879737369705F62787400023638707070707400077364667364333373720018636F6D2E7A6D6C2E6F612E656E746974792E446F6D61696E81FF1FF80325925102000B4C00046172656171007E00024C000B646973636172644461746571007E00014C0006646F6D61696E71007E00024C0002696471007E00034C00076D616E6167657271007E00024C00046D656D6F71007E00024C00046E616D6571007E00024C000870726F6A6563747374000F4C6A6176612F7574696C2F5365743B4C000B72656C656173654461746571007E00014C000673746174757371007E00024C000A7375626A656374696F6E71007E00027870740006E585A8E59BBD737200126A6176612E73716C2E54696D657374616D702618D5C80153BF650200014900056E616E6F737871007E0014770800000164E9009598780000000074000C7777772E746573742E636F6D7371007E001000000001740006E5AE8CE688907074000CE6B58BE8AF95E59F9FE5908D7372002F6F72672E68696265726E6174652E636F6C6C656374696F6E2E696E7465726E616C2E50657273697374656E7453657486E4FDA1F2EEE0AF0200014C000373657471007E00237872003E6F72672E68696265726E6174652E636F6C6C656374696F6E2E696E7465726E616C2E416273747261637450657273697374656E74436F6C6C656374696F6E844A7E7706AE8D0B0200095A001B616C6C6F774C6F61644F7574736964655472616E73616374696F6E49000A63616368656453697A655A000564697274795A000B696E697469616C697A65644C00036B65797400164C6A6176612F696F2F53657269616C697A61626C653B4C00056F776E65727400124C6A6176612F6C616E672F4F626A6563743B4C0004726F6C6571007E00024C001273657373696F6E466163746F72795575696471007E00024C000E73746F726564536E617073686F7471007E002E787000FFFFFFFF000171007E002971007E0024740021636F6D2E7A6D6C2E6F612E656E746974792E446F6D61696E2E70726F6A6563747370737200116A6176612E7574696C2E486173684D61700507DAC1C31660D103000246000A6C6F6164466163746F724900097468726573686F6C6478703F4000000000000C7708000000100000000273720019636F6D2E7A6D6C2E6F612E656E746974792E50726F6A656374F75BFAD8333ED1530200144C00046172656171007E00024C00096275696C64496E666F71007E00024C0005636F64657271007E00024C0008636F64657253766E71007E00024C0002646271007E00024C000B6469736361726454696D6571007E00014C000868617665436F646571007E00024C000768617665446F6371007E00024C000B6861766552656C6561736571007E00024C0008686176655465737471007E00024C0004686F6D6571007E00024C0002696471007E00034C00086C616E677561676571007E00024C00046D656D6F71007E00024C00046E616D6571007E00024C00026F7371007E00024C000B72656C6561736554696D6571007E00014C000673657276657271007E00024C000673746174757371007E00024C000974657374657253766E71007E00027870740006E4B8ADE59BBD7400033232337400067364667364667400057366736466740004736462327074000130740001317400013174000131740004746573747371007E001000000003740004746573747400033333337400047465737474000777696E646F77737371007E002677080000014DAAB3800078000000007400047364666C74000130740005333333333371007E00357371007E0034740006E585A8E59BBD70740009E4BA8EE59BBDE889AF74002D687474703A2F2F3139322E3136382E3139312E342F73766E2F6879737369702F7372632F6879737369705F627874000A6F7261636C6520313167707400013170740001317400013174000373697071007E002974000B6A617661206A646B312E36707400277777772E626A78792E68616F79697368656E672E636F6D2D736970E58C97E4BAACE4B9A1E58CBB7400056C696E75787371007E002677080000015957A7F858780000000074000C6A626F7373342E322E3347417400013074003D73766E3A2F2F3139322E3136382E3139322E31332F7777772E626A78792E68616F79697368656E672E636F6D2DE58C97E4BAACE4B9A1E58CBB2F73697071007E004978737200116A6176612E7574696C2E48617368536574BA44859596B8B7340300007870770C000000043F4000000000000271007E003571007E0049787371007E0026770800000164E9009598780000000074000130740006E6B58BE8AF957371007E001000000048707371007E0010000000327400063231373530317371007E0034740006E585A8E59BBD70740009E4BA8EE59BBDE889AF74002D687474703A2F2F3139322E3136382E3139312E342F73766E2F6879737369702F7372632F6879737369705F627874000A6F7261636C652031316770740001317074000131740001317400037369707371007E00100000000174000B6A617661206A646B312E36707400277777772E626A78792E68616F79697368656E672E636F6D2D736970E58C97E4BAACE4B9A1E58CBB7400056C696E75787371007E002677080000015957A7F858780000000074000C6A626F7373342E322E3347417400013074003D73766E3A2F2F3139322E3136382E3139322E31332F7777772E626A78792E68616F79697368656E672E636F6D2DE58C97E4BAACE4B9A1E58CBB2F73697074000750454E44494E4770707070707070707074000CE99C80E6B182E58F98E69BB4707070707070, null);
INSERT INTO `act_ge_bytearray` VALUES ('225007', '13', 'var-entity', null, 0xACED00057372001B636F6D2E7A6D6C2E6F612E656E746974792E576F726B4F726465720986681BE55D487502002A4C00096170706C79446174657400104C6A6176612F7574696C2F446174653B4C00096170706C79557365727400124C6A6176612F6C616E672F537472696E673B4C000B6170706C795573657249647400134C6A6176612F6C616E672F496E74656765723B4C0011627573696E65737341756469744461746571007E00014C0011627573696E65737341756469745573657271007E00024C0013627573696E657373417564697455736572496471007E00034C0005636F64657271007E00024C000A636F646572417564697471007E00024C000E636F64657241756469744461746571007E00014C000C636F6465724175646974496471007E00034C0009636F6465724461746571007E00014C0007636F646572496471007E00034C0008636F64657253766E71007E00024C000C636F64657256657273696F6E71007E00024C0008636F6D6D6974657271007E00024C000C636F6D6D697465724461746571007E00014C000A636F6D6D69746572496471007E00034C000A6465706C6F794461746571007E00014C000E646576656C6F704578706C61696E71007E00024C0006646F6D61696E74001A4C636F6D2F7A6D6C2F6F612F656E746974792F446F6D61696E3B4C0002696471007E00034C00046D656D6F71007E00024C00087072696F7269747971007E00034C000A70726F63496E7374496471007E00024C000770726F6A65637474001B4C636F6D2F7A6D6C2F6F612F656E746974792F50726F6A6563743B4C000673746174757371007E00024C000D7465737441756469744461746571007E00014C0008746573744465736371007E00024C00077465737453766E71007E00024C000B7465737456657273696F6E71007E00024C000674657374657271007E00024C000B746573746572417564697471007E00024C000D7465737465724175646974496471007E00034C000A7465737465724461746571007E00014C0008746573746572496471007E00034C00047479706571007E00024C000A7665726966794461746571007E00014C00097765624D617374657271007E00024C000E7765624D6173746572417564697471007E00024C00127765624D617374657241756469744461746571007E00014C00107765624D61737465724175646974496471007E00034C000B7765624D6173746572496471007E000378720018636F6D2E7A6D6C2E6F612E656E746974792E42617365564F558EE982E2C492FF02000A4C000B627573696E6573734B657971007E00024C000C627573696E6573735479706571007E00024C0017686973746F72696350726F63657373496E7374616E63657400354C6F72672F61637469766974692F656E67696E652F686973746F72792F486973746F72696350726F63657373496E7374616E63653B4C0014686973746F7269635461736B496E7374616E63657400324C6F72672F61637469766974692F656E67696E652F686973746F72792F486973746F7269635461736B496E7374616E63653B4C001170726F63657373446566696E6974696F6E7400324C6F72672F61637469766974692F656E67696E652F7265706F7369746F72792F50726F63657373446566696E6974696F6E3B4C000F70726F63657373496E7374616E636574002D4C6F72672F61637469766974692F656E67696E652F72756E74696D652F50726F63657373496E7374616E63653B4C00047461736B74001F4C6F72672F61637469766974692F656E67696E652F7461736B2F5461736B3B4C00057469746C6571007E00024C0007757365725F696471007E00034C0009757365725F6E616D6571007E000278707400023733740009776F726B6F726465727070707070740014E6B58BE8AF95E59F9FE5908D28E69D8EE699A829737200116A6176612E6C616E672E496E746567657212E2A0A4F781873802000149000576616C7565787200106A6176612E6C616E672E4E756D62657286AC951D0B94E08B020000787000000014740006E69D8EE699A87372000E6A6176612E7574696C2E44617465686A81014B5974190300007870770800000164FDB42B767871007E001371007E00127371007E0014770800000164FDB498DA78740006E69D8EE699A87371007E001000000014740009E8B5B5E5A3ABE69E97740009E8B5B5E5A3ABE69E977371007E0014770800000164FDB5D900787371007E0010000000217371007E0014770800000164FDB586FC787371007E0010000000217400057366736466740002323370707070740005737366666673720018636F6D2E7A6D6C2E6F612E656E746974792E446F6D61696E81FF1FF80325925102000B4C00046172656171007E00024C000B646973636172644461746571007E00014C0006646F6D61696E71007E00024C0002696471007E00034C00076D616E6167657271007E00024C00046D656D6F71007E00024C00046E616D6571007E00024C000870726F6A6563747374000F4C6A6176612F7574696C2F5365743B4C000B72656C656173654461746571007E00014C000673746174757371007E00024C000A7375626A656374696F6E71007E00027870740006E585A8E59BBD737200126A6176612E73716C2E54696D657374616D702618D5C80153BF650200014900056E616E6F737871007E0014770800000164E9009598780000000074000C7777772E746573742E636F6D7371007E001000000001740006E5AE8CE688907074000CE6B58BE8AF95E59F9FE5908D7372002F6F72672E68696265726E6174652E636F6C6C656374696F6E2E696E7465726E616C2E50657273697374656E7453657486E4FDA1F2EEE0AF0200014C000373657471007E00237872003E6F72672E68696265726E6174652E636F6C6C656374696F6E2E696E7465726E616C2E416273747261637450657273697374656E74436F6C6C656374696F6E844A7E7706AE8D0B0200095A001B616C6C6F774C6F61644F7574736964655472616E73616374696F6E49000A63616368656453697A655A000564697274795A000B696E697469616C697A65644C00036B65797400164C6A6176612F696F2F53657269616C697A61626C653B4C00056F776E65727400124C6A6176612F6C616E672F4F626A6563743B4C0004726F6C6571007E00024C001273657373696F6E466163746F72795575696471007E00024C000E73746F726564536E617073686F7471007E002E787000FFFFFFFF000171007E002971007E0024740021636F6D2E7A6D6C2E6F612E656E746974792E446F6D61696E2E70726F6A6563747370737200116A6176612E7574696C2E486173684D61700507DAC1C31660D103000246000A6C6F6164466163746F724900097468726573686F6C6478703F4000000000000C7708000000100000000273720019636F6D2E7A6D6C2E6F612E656E746974792E50726F6A656374F75BFAD8333ED1530200144C00046172656171007E00024C00096275696C64496E666F71007E00024C0005636F64657271007E00024C0008636F64657253766E71007E00024C0002646271007E00024C000B6469736361726454696D6571007E00014C000868617665436F646571007E00024C000768617665446F6371007E00024C000B6861766552656C6561736571007E00024C0008686176655465737471007E00024C0004686F6D6571007E00024C0002696471007E00034C00086C616E677561676571007E00024C00046D656D6F71007E00024C00046E616D6571007E00024C00026F7371007E00024C000B72656C6561736554696D6571007E00014C000673657276657271007E00024C000673746174757371007E00024C000974657374657253766E71007E00027870740006E585A8E59BBD70740009E4BA8EE59BBDE889AF74002D687474703A2F2F3139322E3136382E3139312E342F73766E2F6879737369702F7372632F6879737369705F627874000A6F7261636C6520313167707400013170740001317400013174000373697071007E002974000B6A617661206A646B312E36707400277777772E626A78792E68616F79697368656E672E636F6D2D736970E58C97E4BAACE4B9A1E58CBB7400056C696E75787371007E002677080000015957A7F858780000000074000C6A626F7373342E322E3347417400013074003D73766E3A2F2F3139322E3136382E3139322E31332F7777772E626A78792E68616F79697368656E672E636F6D2DE58C97E4BAACE4B9A1E58CBB2F73697071007E00357371007E0034740006E4B8ADE59BBD7400033232337400067364667364667400057366736466740004736462327074000130740001317400013174000131740004746573747371007E001000000003740004746573747400033333337400047465737474000777696E646F77737371007E002677080000014DAAB3800078000000007400047364666C74000130740005333333333371007E004578737200116A6176612E7574696C2E48617368536574BA44859596B8B7340300007870770C000000043F4000000000000271007E003571007E0045787371007E0026770800000164E9009598780000000074000130740006E6B58BE8AF957371007E001000000049707371007E0010000000327400063232353030317371007E0034740006E4B8ADE59BBD7400033232337400067364667364667400057366736466740004736462327074000130740001317400013174000131740004746573747371007E001000000003740004746573747400033333337400047465737474000777696E646F77737371007E002677080000014DAAB3800078000000007400047364666C74000130740005333333333374000750454E44494E4770707070707070707074000CE99C80E6B182E58F98E69BB4707070707070, null);
INSERT INTO `act_ge_bytearray` VALUES ('225009', '4', 'hist.var-entity', null, 0xACED00057372001B636F6D2E7A6D6C2E6F612E656E746974792E576F726B4F726465720986681BE55D487502002A4C00096170706C79446174657400104C6A6176612F7574696C2F446174653B4C00096170706C79557365727400124C6A6176612F6C616E672F537472696E673B4C000B6170706C795573657249647400134C6A6176612F6C616E672F496E74656765723B4C0011627573696E65737341756469744461746571007E00014C0011627573696E65737341756469745573657271007E00024C0013627573696E657373417564697455736572496471007E00034C0005636F64657271007E00024C000A636F646572417564697471007E00024C000E636F64657241756469744461746571007E00014C000C636F6465724175646974496471007E00034C0009636F6465724461746571007E00014C0007636F646572496471007E00034C0008636F64657253766E71007E00024C000C636F64657256657273696F6E71007E00024C0008636F6D6D6974657271007E00024C000C636F6D6D697465724461746571007E00014C000A636F6D6D69746572496471007E00034C000A6465706C6F794461746571007E00014C000E646576656C6F704578706C61696E71007E00024C0006646F6D61696E74001A4C636F6D2F7A6D6C2F6F612F656E746974792F446F6D61696E3B4C0002696471007E00034C00046D656D6F71007E00024C00087072696F7269747971007E00034C000A70726F63496E7374496471007E00024C000770726F6A65637474001B4C636F6D2F7A6D6C2F6F612F656E746974792F50726F6A6563743B4C000673746174757371007E00024C000D7465737441756469744461746571007E00014C0008746573744465736371007E00024C00077465737453766E71007E00024C000B7465737456657273696F6E71007E00024C000674657374657271007E00024C000B746573746572417564697471007E00024C000D7465737465724175646974496471007E00034C000A7465737465724461746571007E00014C0008746573746572496471007E00034C00047479706571007E00024C000A7665726966794461746571007E00014C00097765624D617374657271007E00024C000E7765624D6173746572417564697471007E00024C00127765624D617374657241756469744461746571007E00014C00107765624D61737465724175646974496471007E00034C000B7765624D6173746572496471007E000378720018636F6D2E7A6D6C2E6F612E656E746974792E42617365564F558EE982E2C492FF02000A4C000B627573696E6573734B657971007E00024C000C627573696E6573735479706571007E00024C0017686973746F72696350726F63657373496E7374616E63657400354C6F72672F61637469766974692F656E67696E652F686973746F72792F486973746F72696350726F63657373496E7374616E63653B4C0014686973746F7269635461736B496E7374616E63657400324C6F72672F61637469766974692F656E67696E652F686973746F72792F486973746F7269635461736B496E7374616E63653B4C001170726F63657373446566696E6974696F6E7400324C6F72672F61637469766974692F656E67696E652F7265706F7369746F72792F50726F63657373446566696E6974696F6E3B4C000F70726F63657373496E7374616E636574002D4C6F72672F61637469766974692F656E67696E652F72756E74696D652F50726F63657373496E7374616E63653B4C00047461736B74001F4C6F72672F61637469766974692F656E67696E652F7461736B2F5461736B3B4C00057469746C6571007E00024C0007757365725F696471007E00034C0009757365725F6E616D6571007E000278707400023733740009776F726B6F726465727070707070740014E6B58BE8AF95E59F9FE5908D28E69D8EE699A829737200116A6176612E6C616E672E496E746567657212E2A0A4F781873802000149000576616C7565787200106A6176612E6C616E672E4E756D62657286AC951D0B94E08B020000787000000014740006E69D8EE699A87372000E6A6176612E7574696C2E44617465686A81014B5974190300007870770800000164FDB42B767871007E001371007E00127371007E0014770800000164FDB498DA78740006E69D8EE699A87371007E001000000014740009E8B5B5E5A3ABE69E97740009E8B5B5E5A3ABE69E977371007E0014770800000164FDB5D900787371007E0010000000217371007E0014770800000164FDB586FC787371007E0010000000217400057366736466740002323370707070740005737366666673720018636F6D2E7A6D6C2E6F612E656E746974792E446F6D61696E81FF1FF80325925102000B4C00046172656171007E00024C000B646973636172644461746571007E00014C0006646F6D61696E71007E00024C0002696471007E00034C00076D616E6167657271007E00024C00046D656D6F71007E00024C00046E616D6571007E00024C000870726F6A6563747374000F4C6A6176612F7574696C2F5365743B4C000B72656C656173654461746571007E00014C000673746174757371007E00024C000A7375626A656374696F6E71007E00027870740006E585A8E59BBD737200126A6176612E73716C2E54696D657374616D702618D5C80153BF650200014900056E616E6F737871007E0014770800000164E9009598780000000074000C7777772E746573742E636F6D7371007E001000000001740006E5AE8CE688907074000CE6B58BE8AF95E59F9FE5908D7372002F6F72672E68696265726E6174652E636F6C6C656374696F6E2E696E7465726E616C2E50657273697374656E7453657486E4FDA1F2EEE0AF0200014C000373657471007E00237872003E6F72672E68696265726E6174652E636F6C6C656374696F6E2E696E7465726E616C2E416273747261637450657273697374656E74436F6C6C656374696F6E844A7E7706AE8D0B0200095A001B616C6C6F774C6F61644F7574736964655472616E73616374696F6E49000A63616368656453697A655A000564697274795A000B696E697469616C697A65644C00036B65797400164C6A6176612F696F2F53657269616C697A61626C653B4C00056F776E65727400124C6A6176612F6C616E672F4F626A6563743B4C0004726F6C6571007E00024C001273657373696F6E466163746F72795575696471007E00024C000E73746F726564536E617073686F7471007E002E787000FFFFFFFF000171007E002971007E0024740021636F6D2E7A6D6C2E6F612E656E746974792E446F6D61696E2E70726F6A6563747370737200116A6176612E7574696C2E486173684D61700507DAC1C31660D103000246000A6C6F6164466163746F724900097468726573686F6C6478703F4000000000000C7708000000100000000273720019636F6D2E7A6D6C2E6F612E656E746974792E50726F6A656374F75BFAD8333ED1530200144C00046172656171007E00024C00096275696C64496E666F71007E00024C0005636F64657271007E00024C0008636F64657253766E71007E00024C0002646271007E00024C000B6469736361726454696D6571007E00014C000868617665436F646571007E00024C000768617665446F6371007E00024C000B6861766552656C6561736571007E00024C0008686176655465737471007E00024C0004686F6D6571007E00024C0002696471007E00034C00086C616E677561676571007E00024C00046D656D6F71007E00024C00046E616D6571007E00024C00026F7371007E00024C000B72656C6561736554696D6571007E00014C000673657276657271007E00024C000673746174757371007E00024C000974657374657253766E71007E00027870740006E585A8E59BBD70740009E4BA8EE59BBDE889AF74002D687474703A2F2F3139322E3136382E3139312E342F73766E2F6879737369702F7372632F6879737369705F627874000A6F7261636C6520313167707400013170740001317400013174000373697071007E002974000B6A617661206A646B312E36707400277777772E626A78792E68616F79697368656E672E636F6D2D736970E58C97E4BAACE4B9A1E58CBB7400056C696E75787371007E002677080000015957A7F858780000000074000C6A626F7373342E322E3347417400013074003D73766E3A2F2F3139322E3136382E3139322E31332F7777772E626A78792E68616F79697368656E672E636F6D2DE58C97E4BAACE4B9A1E58CBB2F73697071007E00357371007E0034740006E4B8ADE59BBD7400033232337400067364667364667400057366736466740004736462327074000130740001317400013174000131740004746573747371007E001000000003740004746573747400033333337400047465737474000777696E646F77737371007E002677080000014DAAB3800078000000007400047364666C74000130740005333333333371007E004578737200116A6176612E7574696C2E48617368536574BA44859596B8B7340300007870770C000000043F4000000000000271007E003571007E0045787371007E0026770800000164E9009598780000000074000130740006E6B58BE8AF957371007E001000000049707371007E0010000000327400063232353030317371007E0034740006E4B8ADE59BBD7400033232337400067364667364667400057366736466740004736462327074000130740001317400013174000131740004746573747371007E001000000003740004746573747400033333337400047465737474000777696E646F77737371007E002677080000014DAAB3800078000000007400047364666C74000130740005333333333374000750454E44494E4770707070707070707074000CE99C80E6B182E58F98E69BB4707070707070, null);
INSERT INTO `act_ge_bytearray` VALUES ('22502', '1', 'source', null, 0x7B22626F756E6473223A7B226C6F7765725269676874223A7B2278223A313438352E302C2279223A313035302E307D2C2275707065724C656674223A7B2278223A302E302C2279223A302E307D7D2C227265736F757263654964223A2263616E766173222C227374656E63696C223A7B226964223A2242504D4E4469616772616D227D2C227374656E63696C736574223A7B226E616D657370616365223A22687474703A2F2F62336D6E2E6F72672F7374656E63696C7365742F62706D6E322E3023222C2275726C223A222E2E2F656469746F722F7374656E63696C736574732F62706D6E322E302F62706D6E322E302E6A736F6E227D2C2270726F70657274696573223A7B2270726F636573735F6964223A22636F6D2E7A6D6C2E6F612E73616C617279222C226E616D65223A22E896AAE8B584E8B083E695B4222C2270726F636573735F6E616D657370616365223A22687474703A2F2F7777772E61637469766974692E6F72672F74657374222C226576656E746C697374656E657273223A7B22746F74616C436F756E74223A302C226974656D73223A5B5D7D2C22646F63756D656E746174696F6E223A22E896AAE8B584E8B083E695B4E6B581E7A88BE6BC94E7A4BA227D2C226368696C64536861706573223A5B7B22626F756E6473223A7B226C6F7765725269676874223A7B2278223A35352E302C2279223A3137352E307D2C2275707065724C656674223A7B2278223A32302E302C2279223A3134302E307D7D2C227265736F757263654964223A2273746172746576656E7431222C226368696C64536861706573223A5B5D2C227374656E63696C223A7B226964223A2253746172744E6F6E654576656E74227D2C2270726F70657274696573223A7B226F766572726964656964223A2273746172746576656E7431222C226E616D65223A225374617274222C22696E69746961746F72223A226170706C79557365724964222C22666F726D70726F70657274696573223A7B22746F74616C436F756E74223A302C226974656D73223A5B5D7D7D2C226F7574676F696E67223A5B7B227265736F757263654964223A22666C6F7731227D5D7D2C7B22626F756E6473223A7B226C6F7765725269676874223A7B2278223A3230352E302C2279223A3138352E307D2C2275707065724C656674223A7B2278223A3130302E302C2279223A3133302E307D7D2C227265736F757263654964223A226469726563746F724175646974222C226368696C64536861706573223A5B5D2C227374656E63696C223A7B226964223A22557365725461736B227D2C2270726F70657274696573223A7B226F766572726964656964223A226469726563746F724175646974222C226E616D65223A22E680BBE79B91E5AEA1E689B9222C22646F63756D656E746174696F6E223A22E680BBE79B91E58EBBE5AEA1E689B9222C22666F726D70726F70657274696573223A7B22746F74616C436F756E74223A302C226974656D73223A5B5D7D2C227461736B6C697374656E657273223A7B22746F74616C436F756E74223A312C226974656D73223A5B7B227461736B5F6C697374656E65725F6576656E745F74797065223A22637265617465222C227461736B5F6C697374656E65725F64656C65676174655F65787072657373696F6E223A22247B757365725461736B4C697374656E65727D227D5D7D7D2C226F7574676F696E67223A5B7B227265736F757263654964223A22666C6F7739227D5D7D2C7B22626F756E6473223A7B226C6F7765725269676874223A7B2278223A3137322E302C2279223A3231322E307D2C2275707065724C656674223A7B2278223A3132382E302C2279223A3231322E307D7D2C227265736F757263654964223A22666C6F7731222C226368696C64536861706573223A5B5D2C227374656E63696C223A7B226964223A2253657175656E6365466C6F77227D2C22646F636B657273223A5B7B2278223A31372E352C2279223A31372E357D2C7B2278223A35322E352C2279223A32372E357D5D2C226F7574676F696E67223A5B7B227265736F757263654964223A226469726563746F724175646974227D5D2C22746172676574223A7B227265736F757263654964223A226469726563746F724175646974227D2C2270726F70657274696573223A7B226F766572726964656964223A22666C6F7731227D7D2C7B22626F756E6473223A7B226C6F7765725269676874223A7B2278223A3435352E302C2279223A3138352E307D2C2275707065724C656674223A7B2278223A3335302E302C2279223A3133302E307D7D2C227265736F757263654964223A2268724175646974222C226368696C64536861706573223A5B5D2C227374656E63696C223A7B226964223A22557365725461736B227D2C2270726F70657274696573223A7B226F766572726964656964223A2268724175646974222C226E616D65223A22E4BABAE4BA8BE5AEA1E689B9222C22666F726D70726F70657274696573223A7B22746F74616C436F756E74223A302C226974656D73223A5B5D7D2C227461736B6C697374656E657273223A7B22746F74616C436F756E74223A312C226974656D73223A5B7B227461736B5F6C697374656E65725F6576656E745F74797065223A22637265617465222C227461736B5F6C697374656E65725F64656C65676174655F65787072657373696F6E223A22247B757365725461736B4C697374656E65727D227D5D7D7D2C226F7574676F696E67223A5B7B227265736F757263654964223A22666C6F773135227D5D7D2C7B22626F756E6473223A7B226C6F7765725269676874223A7B2278223A3639352E302C2279223A3138352E307D2C2275707065724C656674223A7B2278223A3539302E302C2279223A3133302E307D7D2C227265736F757263654964223A2263616C6C616374697669747931222C226368696C64536861706573223A5B5D2C227374656E63696C223A7B226964223A2243616C6C4163746976697479227D2C2270726F70657274696573223A7B226F766572726964656964223A2263616C6C616374697669747931222C226E616D65223A22E8B083E695B4E896AAE8B584222C22646F63756D656E746174696F6E223A22E69BB4E696B0E896AAE8B584222C2263616C6C616374697669747963616C6C6564656C656D656E74223A22436F756E7453616C617279222C2263616C6C6163746976697479696E706172616D6574657273223A7B22746F74616C436F756E74223A312C226974656D73223A5B7B22696F706172616D657465725F736F75726365223A6E756C6C2C22696F706172616D657465725F746172676574223A22627573696E6573734B6579222C22696F706172616D657465725F736F7572636565787072657373696F6E223A22247B627573696E6573734B65797D227D5D7D2C2263616C6C61637469766974796F7574706172616D6574657273223A7B22746F74616C436F756E74223A302C226974656D73223A5B5D7D2C22657865637574696F6E6C697374656E657273223A7B22746F74616C436F756E74223A302C226974656D73223A5B5D7D7D2C226F7574676F696E67223A5B7B227265736F757263654964223A22666C6F7734227D5D7D2C7B22626F756E6473223A7B226C6F7765725269676874223A7B2278223A3836352E302C2279223A3138352E307D2C2275707065724C656674223A7B2278223A3736302E302C2279223A3133302E307D7D2C227265736F757263654964223A22626F73734175646974222C226368696C64536861706573223A5B5D2C227374656E63696C223A7B226964223A22557365725461736B227D2C2270726F70657274696573223A7B226F766572726964656964223A22626F73734175646974222C226E616D65223A22E88081E69DBFE5AEA1E689B9222C22666F726D70726F70657274696573223A7B22746F74616C436F756E74223A302C226974656D73223A5B5D7D2C227461736B6C697374656E657273223A7B22746F74616C436F756E74223A312C226974656D73223A5B7B227461736B5F6C697374656E65725F6576656E745F74797065223A22637265617465222C227461736B5F6C697374656E65725F64656C65676174655F65787072657373696F6E223A22247B757365725461736B4C697374656E65727D227D5D7D7D2C226F7574676F696E67223A5B7B227265736F757263654964223A22666C6F7735227D5D7D2C7B22626F756E6473223A7B226C6F7765725269676874223A7B2278223A3137322E302C2279223A3231322E307D2C2275707065724C656674223A7B2278223A3132382E302C2279223A3231322E307D7D2C227265736F757263654964223A22666C6F7734222C226368696C64536861706573223A5B5D2C227374656E63696C223A7B226964223A2253657175656E6365466C6F77227D2C22646F636B657273223A5B7B2278223A35322E352C2279223A32372E357D2C7B2278223A35322E352C2279223A32372E357D5D2C226F7574676F696E67223A5B7B227265736F757263654964223A22626F73734175646974227D5D2C22746172676574223A7B227265736F757263654964223A22626F73734175646974227D2C2270726F70657274696573223A7B226F766572726964656964223A22666C6F7734227D7D2C7B22626F756E6473223A7B226C6F7765725269676874223A7B2278223A3935302E302C2279223A3137382E307D2C2275707065724C656674223A7B2278223A3931302E302C2279223A3133382E307D7D2C227265736F757263654964223A226578636C75736976656761746577617931222C226368696C64536861706573223A5B5D2C227374656E63696C223A7B226964223A224578636C757369766547617465776179227D2C2270726F70657274696573223A7B226F766572726964656964223A226578636C75736976656761746577617931222C226E616D65223A224578636C75736976652047617465776179227D2C226F7574676F696E67223A5B7B227265736F757263654964223A22666C6F7736227D2C7B227265736F757263654964223A22666C6F7737227D5D7D2C7B22626F756E6473223A7B226C6F7765725269676874223A7B2278223A3137322E302C2279223A3231322E307D2C2275707065724C656674223A7B2278223A3132382E302C2279223A3231322E307D7D2C227265736F757263654964223A22666C6F7735222C226368696C64536861706573223A5B5D2C227374656E63696C223A7B226964223A2253657175656E6365466C6F77227D2C22646F636B657273223A5B7B2278223A35322E352C2279223A32372E357D2C7B2278223A32302E302C2279223A32302E307D5D2C226F7574676F696E67223A5B7B227265736F757263654964223A226578636C75736976656761746577617931227D5D2C22746172676574223A7B227265736F757263654964223A226578636C75736976656761746577617931227D2C2270726F70657274696573223A7B226F766572726964656964223A22666C6F7735227D7D2C7B22626F756E6473223A7B226C6F7765725269676874223A7B2278223A313033302E302C2279223A3137362E307D2C2275707065724C656674223A7B2278223A3939352E302C2279223A3134312E307D7D2C227265736F757263654964223A22656E646576656E7431222C226368696C64536861706573223A5B5D2C227374656E63696C223A7B226964223A22456E644E6F6E654576656E74227D2C2270726F70657274696573223A7B226F766572726964656964223A22656E646576656E7431222C226E616D65223A22456E64227D2C226F7574676F696E67223A5B5D7D2C7B22626F756E6473223A7B226C6F7765725269676874223A7B2278223A3137322E302C2279223A3231322E307D2C2275707065724C656674223A7B2278223A3132382E302C2279223A3231322E307D7D2C227265736F757263654964223A22666C6F7736222C226368696C64536861706573223A5B5D2C227374656E63696C223A7B226964223A2253657175656E6365466C6F77227D2C22646F636B657273223A5B7B2278223A32302E302C2279223A32302E307D2C7B2278223A31372E352C2279223A31372E357D5D2C226F7574676F696E67223A5B7B227265736F757263654964223A22656E646576656E7431227D5D2C22746172676574223A7B227265736F757263654964223A22656E646576656E7431227D2C2270726F70657274696573223A7B226F766572726964656964223A22666C6F7736222C226E616D65223A22E5908CE6848F222C22636F6E646974696F6E73657175656E6365666C6F77223A22247B6973506173737D227D7D2C7B22626F756E6473223A7B226C6F7765725269676874223A7B2278223A3938332E302C2279223A3332352E307D2C2275707065724C656674223A7B2278223A3837382E302C2279223A3237302E307D7D2C227265736F757263654964223A22726F6C6C6261636B4170706C79222C226368696C64536861706573223A5B5D2C227374656E63696C223A7B226964223A22536572766963655461736B227D2C2270726F70657274696573223A7B226F766572726964656964223A22726F6C6C6261636B4170706C79222C226E616D65223A22E59B9EE6BB9AE8B083E695B4222C22736572766963657461736B64656C656761746565787072657373696F6E223A22247B726F6C6C6261636B53616C6172794170706C797D222C22736572766963657461736B6669656C6473223A7B22746F74616C436F756E74223A302C226974656D73223A5B5D7D2C22657865637574696F6E6C697374656E657273223A7B22746F74616C436F756E74223A302C226974656D73223A5B5D7D7D2C226F7574676F696E67223A5B7B227265736F757263654964223A22666C6F7738227D5D7D2C7B22626F756E6473223A7B226C6F7765725269676874223A7B2278223A3137322E302C2279223A3231322E307D2C2275707065724C656674223A7B2278223A3132382E302C2279223A3231322E307D7D2C227265736F757263654964223A22666C6F7737222C226368696C64536861706573223A5B5D2C227374656E63696C223A7B226964223A2253657175656E6365466C6F77227D2C22646F636B657273223A5B7B2278223A32302E302C2279223A32302E307D2C7B2278223A35322E352C2279223A32372E357D5D2C226F7574676F696E67223A5B7B227265736F757263654964223A22726F6C6C6261636B4170706C79227D5D2C22746172676574223A7B227265736F757263654964223A22726F6C6C6261636B4170706C79227D2C2270726F70657274696573223A7B226F766572726964656964223A22666C6F7737222C226E616D65223A22E4B88DE5908CE6848F222C22636F6E646974696F6E73657175656E6365666C6F77223A22247B216973506173737D227D7D2C7B22626F756E6473223A7B226C6F7765725269676874223A7B2278223A3332332E302C2279223A3332352E307D2C2275707065724C656674223A7B2278223A3231382E302C2279223A3237302E307D7D2C227265736F757263654964223A226D6F646966794170706C79222C226368696C64536861706573223A5B5D2C227374656E63696C223A7B226964223A22557365725461736B227D2C2270726F70657274696573223A7B226F766572726964656964223A226D6F646966794170706C79222C226E616D65223A22E8B083E695B4E794B3E8AFB7222C22757365727461736B61737369676E6D656E74223A7B22746F74616C436F756E74223A312C226974656D73223A5B7B2261737369676E6D656E745F74797065223A2261737369676E6565222C227265736F7572636561737369676E6D656E7465787072223A22247B6170706C795573657249647D227D5D7D2C22666F726D70726F70657274696573223A7B22746F74616C436F756E74223A302C226974656D73223A5B5D7D2C227461736B6C697374656E657273223A7B22746F74616C436F756E74223A312C226974656D73223A5B7B227461736B5F6C697374656E65725F6576656E745F74797065223A22636F6D706C657465222C227461736B5F6C697374656E65725F64656C65676174655F65787072657373696F6E223A22247B61667465724D6F646966794170706C7950726F636573736F727D227D5D7D7D2C226F7574676F696E67223A5B7B227265736F757263654964223A22666C6F773132227D5D7D2C7B22626F756E6473223A7B226C6F7765725269676874223A7B2278223A3137322E302C2279223A3231322E307D2C2275707065724C656674223A7B2278223A3132382E302C2279223A3231322E307D7D2C227265736F757263654964223A22666C6F7738222C226368696C64536861706573223A5B5D2C227374656E63696C223A7B226964223A2253657175656E6365466C6F77227D2C22646F636B657273223A5B7B2278223A35322E352C2279223A32372E357D2C7B2278223A35322E352C2279223A32372E357D5D2C226F7574676F696E67223A5B7B227265736F757263654964223A226D6F646966794170706C79227D5D2C22746172676574223A7B227265736F757263654964223A226D6F646966794170706C79227D2C2270726F70657274696573223A7B226F766572726964656964223A22666C6F7738227D7D2C7B22626F756E6473223A7B226C6F7765725269676874223A7B2278223A3239302E302C2279223A3137382E307D2C2275707065724C656674223A7B2278223A3235302E302C2279223A3133382E307D7D2C227265736F757263654964223A226578636C75736976656761746577617932222C226368696C64536861706573223A5B5D2C227374656E63696C223A7B226964223A224578636C757369766547617465776179227D2C2270726F70657274696573223A7B226F766572726964656964223A226578636C75736976656761746577617932222C226E616D65223A224578636C75736976652047617465776179227D2C226F7574676F696E67223A5B7B227265736F757263654964223A22666C6F773130227D2C7B227265736F757263654964223A22666C6F773131227D5D7D2C7B22626F756E6473223A7B226C6F7765725269676874223A7B2278223A3137322E302C2279223A3231322E307D2C2275707065724C656674223A7B2278223A3132382E302C2279223A3231322E307D7D2C227265736F757263654964223A22666C6F7739222C226368696C64536861706573223A5B5D2C227374656E63696C223A7B226964223A2253657175656E6365466C6F77227D2C22646F636B657273223A5B7B2278223A35322E352C2279223A32372E357D2C7B2278223A32302E302C2279223A32302E307D5D2C226F7574676F696E67223A5B7B227265736F757263654964223A226578636C75736976656761746577617932227D5D2C22746172676574223A7B227265736F757263654964223A226578636C75736976656761746577617932227D2C2270726F70657274696573223A7B226F766572726964656964223A22666C6F7739227D7D2C7B22626F756E6473223A7B226C6F7765725269676874223A7B2278223A3137322E302C2279223A3231322E307D2C2275707065724C656674223A7B2278223A3132382E302C2279223A3231322E307D7D2C227265736F757263654964223A22666C6F773130222C226368696C64536861706573223A5B5D2C227374656E63696C223A7B226964223A2253657175656E6365466C6F77227D2C22646F636B657273223A5B7B2278223A32302E302C2279223A32302E307D2C7B2278223A35322E352C2279223A32372E357D5D2C226F7574676F696E67223A5B7B227265736F757263654964223A2268724175646974227D5D2C22746172676574223A7B227265736F757263654964223A2268724175646974227D2C2270726F70657274696573223A7B226F766572726964656964223A22666C6F773130222C226E616D65223A22E5908CE6848F222C22636F6E646974696F6E73657175656E6365666C6F77223A22247B6973506173737D227D7D2C7B22626F756E6473223A7B226C6F7765725269676874223A7B2278223A3137322E302C2279223A3231322E307D2C2275707065724C656674223A7B2278223A3132382E302C2279223A3231322E307D7D2C227265736F757263654964223A22666C6F773131222C226368696C64536861706573223A5B5D2C227374656E63696C223A7B226964223A2253657175656E6365466C6F77227D2C22646F636B657273223A5B7B2278223A32302E302C2279223A32302E307D2C7B2278223A35322E352C2279223A32372E357D5D2C226F7574676F696E67223A5B7B227265736F757263654964223A226D6F646966794170706C79227D5D2C22746172676574223A7B227265736F757263654964223A226D6F646966794170706C79227D2C2270726F70657274696573223A7B226F766572726964656964223A22666C6F773131222C226E616D65223A22E4B88DE5908CE6848F222C22636F6E646974696F6E73657175656E6365666C6F77223A22247B216973506173737D227D7D2C7B22626F756E6473223A7B226C6F7765725269676874223A7B2278223A3239302E302C2279223A3433302E307D2C2275707065724C656674223A7B2278223A3235302E302C2279223A3339302E307D7D2C227265736F757263654964223A226578636C75736976656761746577617933222C226368696C64536861706573223A5B5D2C227374656E63696C223A7B226964223A224578636C757369766547617465776179227D2C2270726F70657274696573223A7B226F766572726964656964223A226578636C75736976656761746577617933222C226E616D65223A224578636C75736976652047617465776179227D2C226F7574676F696E67223A5B7B227265736F757263654964223A22666C6F773133227D2C7B227265736F757263654964223A22666C6F773134227D5D7D2C7B22626F756E6473223A7B226C6F7765725269676874223A7B2278223A3137322E302C2279223A3231322E307D2C2275707065724C656674223A7B2278223A3132382E302C2279223A3231322E307D7D2C227265736F757263654964223A22666C6F773132222C226368696C64536861706573223A5B5D2C227374656E63696C223A7B226964223A2253657175656E6365466C6F77227D2C22646F636B657273223A5B7B2278223A35322E352C2279223A32372E357D2C7B2278223A32302E302C2279223A32302E307D5D2C226F7574676F696E67223A5B7B227265736F757263654964223A226578636C75736976656761746577617933227D5D2C22746172676574223A7B227265736F757263654964223A226578636C75736976656761746577617933227D2C2270726F70657274696573223A7B226F766572726964656964223A22666C6F773132227D7D2C7B22626F756E6473223A7B226C6F7765725269676874223A7B2278223A3137322E302C2279223A3231322E307D2C2275707065724C656674223A7B2278223A3132382E302C2279223A3231322E307D7D2C227265736F757263654964223A22666C6F773133222C226368696C64536861706573223A5B5D2C227374656E63696C223A7B226964223A2253657175656E6365466C6F77227D2C22646F636B657273223A5B7B2278223A32302E302C2279223A32302E307D2C7B2278223A313031322E302C2279223A3431302E307D2C7B2278223A31372E352C2279223A31372E357D5D2C226F7574676F696E67223A5B7B227265736F757263654964223A22656E646576656E7431227D5D2C22746172676574223A7B227265736F757263654964223A22656E646576656E7431227D2C2270726F70657274696573223A7B226F766572726964656964223A22666C6F773133222C226E616D65223A22E58F96E6B688E794B3E8AFB7222C22636F6E646974696F6E73657175656E6365666C6F77223A22247B2172654170706C797D227D7D2C7B22626F756E6473223A7B226C6F7765725269676874223A7B2278223A3137322E302C2279223A3231322E307D2C2275707065724C656674223A7B2278223A3132382E302C2279223A3231322E307D7D2C227265736F757263654964223A22666C6F773134222C226368696C64536861706573223A5B5D2C227374656E63696C223A7B226964223A2253657175656E6365466C6F77227D2C22646F636B657273223A5B7B2278223A32302E302C2279223A32302E307D2C7B2278223A3135322E302C2279223A3430392E307D2C7B2278223A35322E352C2279223A32372E357D5D2C226F7574676F696E67223A5B7B227265736F757263654964223A226469726563746F724175646974227D5D2C22746172676574223A7B227265736F757263654964223A226469726563746F724175646974227D2C2270726F70657274696573223A7B226F766572726964656964223A22666C6F773134222C226E616D65223A22E9878DE696B0E794B3E8AFB7222C22636F6E646974696F6E73657175656E6365666C6F77223A22247B72654170706C797D227D7D2C7B22626F756E6473223A7B226C6F7765725269676874223A7B2278223A3534302E302C2279223A3137382E307D2C2275707065724C656674223A7B2278223A3530302E302C2279223A3133382E307D7D2C227265736F757263654964223A226578636C75736976656761746577617934222C226368696C64536861706573223A5B5D2C227374656E63696C223A7B226964223A224578636C757369766547617465776179227D2C2270726F70657274696573223A7B226F766572726964656964223A226578636C75736976656761746577617934222C226E616D65223A224578636C75736976652047617465776179227D2C226F7574676F696E67223A5B7B227265736F757263654964223A22666C6F773136227D2C7B227265736F757263654964223A22666C6F773137227D5D7D2C7B22626F756E6473223A7B226C6F7765725269676874223A7B2278223A3137322E302C2279223A3231322E307D2C2275707065724C656674223A7B2278223A3132382E302C2279223A3231322E307D7D2C227265736F757263654964223A22666C6F773135222C226368696C64536861706573223A5B5D2C227374656E63696C223A7B226964223A2253657175656E6365466C6F77227D2C22646F636B657273223A5B7B2278223A35322E352C2279223A32372E357D2C7B2278223A32302E302C2279223A32302E307D5D2C226F7574676F696E67223A5B7B227265736F757263654964223A226578636C75736976656761746577617934227D5D2C22746172676574223A7B227265736F757263654964223A226578636C75736976656761746577617934227D2C2270726F70657274696573223A7B226F766572726964656964223A22666C6F773135227D7D2C7B22626F756E6473223A7B226C6F7765725269676874223A7B2278223A3137322E302C2279223A3231322E307D2C2275707065724C656674223A7B2278223A3132382E302C2279223A3231322E307D7D2C227265736F757263654964223A22666C6F773136222C226368696C64536861706573223A5B5D2C227374656E63696C223A7B226964223A2253657175656E6365466C6F77227D2C22646F636B657273223A5B7B2278223A32302E302C2279223A32302E307D2C7B2278223A3531392E302C2279223A3239372E307D2C7B2278223A35322E352C2279223A32372E357D5D2C226F7574676F696E67223A5B7B227265736F757263654964223A226D6F646966794170706C79227D5D2C22746172676574223A7B227265736F757263654964223A226D6F646966794170706C79227D2C2270726F70657274696573223A7B226F766572726964656964223A22666C6F773136222C226E616D65223A22E4B88DE5908CE6848F222C22636F6E646974696F6E73657175656E6365666C6F77223A22247B216973506173737D227D7D2C7B22626F756E6473223A7B226C6F7765725269676874223A7B2278223A3137322E302C2279223A3231322E307D2C2275707065724C656674223A7B2278223A3132382E302C2279223A3231322E307D7D2C227265736F757263654964223A22666C6F773137222C226368696C64536861706573223A5B5D2C227374656E63696C223A7B226964223A2253657175656E6365466C6F77227D2C22646F636B657273223A5B7B2278223A32302E302C2279223A32302E307D2C7B2278223A35322E352C2279223A32372E357D5D2C226F7574676F696E67223A5B7B227265736F757263654964223A2263616C6C616374697669747931227D5D2C22746172676574223A7B227265736F757263654964223A2263616C6C616374697669747931227D2C2270726F70657274696573223A7B226F766572726964656964223A22666C6F773137222C226E616D65223A22E5908CE6848F222C22636F6E646974696F6E73657175656E6365666C6F77223A22247B6973506173737D227D7D5D7D, null);
INSERT INTO `act_ge_bytearray` VALUES ('45022', '1', 'source', null, 0x7B22626F756E6473223A7B226C6F7765725269676874223A7B2278223A313438352E302C2279223A313035302E307D2C2275707065724C656674223A7B2278223A302E302C2279223A302E307D7D2C227265736F757263654964223A2263616E766173222C227374656E63696C223A7B226964223A2242504D4E4469616772616D227D2C227374656E63696C736574223A7B226E616D657370616365223A22687474703A2F2F62336D6E2E6F72672F7374656E63696C7365742F62706D6E322E3023222C2275726C223A222E2E2F656469746F722F7374656E63696C736574732F62706D6E322E302F62706D6E322E302E6A736F6E227D2C2270726F70657274696573223A7B2270726F636573735F6964223A22576F726B4F72646572222C226E616D65223A22576F726B204F72646572222C2270726F636573735F6E616D657370616365223A22687474703A2F2F7777772E61637469766974692E6F72672F74657374222C226576656E746C697374656E657273223A7B22746F74616C436F756E74223A302C226974656D73223A5B5D7D2C22646F63756D656E746174696F6E223A22E4B88AE7BABFE5B7A5E58D95227D2C226368696C64536861706573223A5B7B22626F756E6473223A7B226C6F7765725269676874223A7B2278223A37352E302C2279223A38352E307D2C2275707065724C656674223A7B2278223A34302E302C2279223A35302E307D7D2C227265736F757263654964223A2273746172746576656E7432222C226368696C64536861706573223A5B5D2C227374656E63696C223A7B226964223A2253746172744E6F6E654576656E74227D2C2270726F70657274696573223A7B226F766572726964656964223A2273746172746576656E7432222C226E616D65223A225374617274222C22666F726D70726F70657274696573223A7B22746F74616C436F756E74223A302C226974656D73223A5B5D7D7D2C226F7574676F696E67223A5B7B227265736F757263654964223A22666C6F773235227D5D7D2C7B22626F756E6473223A7B226C6F7765725269676874223A7B2278223A3131302E302C2279223A3138352E307D2C2275707065724C656674223A7B2278223A352E302C2279223A3133302E307D7D2C227265736F757263654964223A22627573696E6573734175646974222C226368696C64536861706573223A5B5D2C227374656E63696C223A7B226964223A22557365725461736B227D2C2270726F70657274696573223A7B226F766572726964656964223A22627573696E6573734175646974222C226E616D65223A22E983A8E997A8E5AEA1E689B9222C22646F63756D656E746174696F6E223A22E58F91E8B5B7E4BABAE983A8E997A8E5AEA1E689B9222C22666F726D6B6579646566696E6974696F6E223A222F776F726B4F72646572416374696F6E2F627573696E6573734175646974222C22666F726D70726F70657274696573223A7B22746F74616C436F756E74223A302C226974656D73223A5B5D7D2C227461736B6C697374656E657273223A7B22746F74616C436F756E74223A312C226974656D73223A5B7B227461736B5F6C697374656E65725F6576656E745F74797065223A22637265617465222C227461736B5F6C697374656E65725F64656C65676174655F65787072657373696F6E223A22247B757365724C65616465724C697374656E65727D227D5D7D7D2C226F7574676F696E67223A5B7B227265736F757263654964223A22666C6F773236227D5D7D2C7B22626F756E6473223A7B226C6F7765725269676874223A7B2278223A3137322E302C2279223A3231322E307D2C2275707065724C656674223A7B2278223A3132382E302C2279223A3231322E307D7D2C227265736F757263654964223A22666C6F773235222C226368696C64536861706573223A5B5D2C227374656E63696C223A7B226964223A2253657175656E6365466C6F77227D2C22646F636B657273223A5B7B2278223A31372E352C2279223A31372E357D2C7B2278223A35322E352C2279223A32372E357D5D2C226F7574676F696E67223A5B7B227265736F757263654964223A22627573696E6573734175646974227D5D2C22746172676574223A7B227265736F757263654964223A22627573696E6573734175646974227D2C2270726F70657274696573223A7B226F766572726964656964223A22666C6F773235227D7D2C7B22626F756E6473223A7B226C6F7765725269676874223A7B2278223A3139352E302C2279223A3137382E307D2C2275707065724C656674223A7B2278223A3135352E302C2279223A3133382E307D7D2C227265736F757263654964223A226578636C75736976656761746577617935222C226368696C64536861706573223A5B5D2C227374656E63696C223A7B226964223A224578636C757369766547617465776179227D2C2270726F70657274696573223A7B226F766572726964656964223A226578636C75736976656761746577617935222C226E616D65223A224578636C75736976652047617465776179227D2C226F7574676F696E67223A5B7B227265736F757263654964223A22666C6F773237227D2C7B227265736F757263654964223A22666C6F773238227D5D7D2C7B22626F756E6473223A7B226C6F7765725269676874223A7B2278223A3137322E302C2279223A3231322E307D2C2275707065724C656674223A7B2278223A3132382E302C2279223A3231322E307D7D2C227265736F757263654964223A22666C6F773236222C226368696C64536861706573223A5B5D2C227374656E63696C223A7B226964223A2253657175656E6365466C6F77227D2C22646F636B657273223A5B7B2278223A35322E352C2279223A32372E357D2C7B2278223A32302E302C2279223A32302E307D5D2C226F7574676F696E67223A5B7B227265736F757263654964223A226578636C75736976656761746577617935227D5D2C22746172676574223A7B227265736F757263654964223A226578636C75736976656761746577617935227D2C2270726F70657274696573223A7B226F766572726964656964223A22666C6F773236227D7D2C7B22626F756E6473223A7B226C6F7765725269676874223A7B2278223A3336352E302C2279223A3138352E307D2C2275707065724C656674223A7B2278223A3236302E302C2279223A3133302E307D7D2C227265736F757263654964223A22636F646572222C226368696C64536861706573223A5B5D2C227374656E63696C223A7B226964223A22557365725461736B227D2C2270726F70657274696573223A7B226F766572726964656964223A22636F646572222C226E616D65223A22E5BC80E58F91222C22757365727461736B61737369676E6D656E74223A7B22746F74616C436F756E74223A312C226974656D73223A5B7B2261737369676E6D656E745F74797065223A2261737369676E6565222C227265736F7572636561737369676E6D656E7465787072223A22247B636F64657249647D227D5D7D2C22666F726D6B6579646566696E6974696F6E223A222F776F726B4F72646572416374696F6E2F636F646572222C22666F726D70726F70657274696573223A7B22746F74616C436F756E74223A302C226974656D73223A5B5D7D2C227461736B6C697374656E657273223A7B22746F74616C436F756E74223A302C226974656D73223A5B5D7D7D2C226F7574676F696E67223A5B7B227265736F757263654964223A22666C6F773330227D5D7D2C7B22626F756E6473223A7B226C6F7765725269676874223A7B2278223A3137322E302C2279223A3231322E307D2C2275707065724C656674223A7B2278223A3132382E302C2279223A3231322E307D7D2C227265736F757263654964223A22666C6F773237222C226368696C64536861706573223A5B5D2C227374656E63696C223A7B226964223A2253657175656E6365466C6F77227D2C22646F636B657273223A5B7B2278223A32302E302C2279223A32302E307D2C7B2278223A35322E352C2279223A32372E357D5D2C226F7574676F696E67223A5B7B227265736F757263654964223A22636F646572227D5D2C22746172676574223A7B227265736F757263654964223A22636F646572227D2C2270726F70657274696573223A7B226F766572726964656964223A22666C6F773237222C226E616D65223A22E9809AE8BF87222C22636F6E646974696F6E73657175656E6365666C6F77223A22247B6973506173737D227D7D2C7B22626F756E6473223A7B226C6F7765725269676874223A7B2278223A3131302E302C2279223A3238352E307D2C2275707065724C656674223A7B2278223A352E302C2279223A3233302E307D7D2C227265736F757263654964223A22627573696E657373557064617465222C226368696C64536861706573223A5B5D2C227374656E63696C223A7B226964223A22557365725461736B227D2C2270726F70657274696573223A7B226F766572726964656964223A22627573696E657373557064617465222C226E616D65223A22E4BFAEE694B9222C22757365727461736B61737369676E6D656E74223A7B22746F74616C436F756E74223A312C226974656D73223A5B7B2261737369676E6D656E745F74797065223A2261737369676E6565222C227265736F7572636561737369676E6D656E7465787072223A22247B6170706C795573657249647D227D5D7D2C22666F726D6B6579646566696E6974696F6E223A222F776F726B4F72646572416374696F6E2F627573696E657373557064617465222C22666F726D70726F70657274696573223A7B22746F74616C436F756E74223A302C226974656D73223A5B5D7D2C227461736B6C697374656E657273223A7B22746F74616C436F756E74223A302C226974656D73223A5B5D7D7D2C226F7574676F696E67223A5B7B227265736F757263654964223A22666C6F773239227D5D7D2C7B22626F756E6473223A7B226C6F7765725269676874223A7B2278223A3137322E302C2279223A3231322E307D2C2275707065724C656674223A7B2278223A3132382E302C2279223A3231322E307D7D2C227265736F757263654964223A22666C6F773238222C226368696C64536861706573223A5B5D2C227374656E63696C223A7B226964223A2253657175656E6365466C6F77227D2C22646F636B657273223A5B7B2278223A32302E302C2279223A32302E307D2C7B2278223A3137342E302C2279223A3235372E307D2C7B2278223A35322E352C2279223A32372E357D5D2C226F7574676F696E67223A5B7B227265736F757263654964223A22627573696E657373557064617465227D5D2C22746172676574223A7B227265736F757263654964223A22627573696E657373557064617465227D2C2270726F70657274696573223A7B226F766572726964656964223A22666C6F773238222C226E616D65223A22E9A9B3E59B9E222C22636F6E646974696F6E73657175656E6365666C6F77223A22247B216973506173737D227D7D2C7B22626F756E6473223A7B226C6F7765725269676874223A7B2278223A3137322E302C2279223A3231322E307D2C2275707065724C656674223A7B2278223A3132382E302C2279223A3231322E307D7D2C227265736F757263654964223A22666C6F773239222C226368696C64536861706573223A5B5D2C227374656E63696C223A7B226964223A2253657175656E6365466C6F77227D2C22646F636B657273223A5B7B2278223A35322E352C2279223A32372E357D2C7B2278223A35322E352C2279223A32372E357D5D2C226F7574676F696E67223A5B7B227265736F757263654964223A22627573696E6573734175646974227D5D2C22746172676574223A7B227265736F757263654964223A22627573696E6573734175646974227D2C2270726F70657274696573223A7B226F766572726964656964223A22666C6F773239227D7D2C7B22626F756E6473223A7B226C6F7765725269676874223A7B2278223A3531352E302C2279223A3138352E307D2C2275707065724C656674223A7B2278223A3431302E302C2279223A3133302E307D7D2C227265736F757263654964223A22636F6465724175646974222C226368696C64536861706573223A5B5D2C227374656E63696C223A7B226964223A22557365725461736B227D2C2270726F70657274696573223A7B226F766572726964656964223A22636F6465724175646974222C226E616D65223A22E983A8E997A8E5AEA1E689B9222C22666F726D6B6579646566696E6974696F6E223A222F776F726B4F72646572416374696F6E2F636F6465724175646974222C22666F726D70726F70657274696573223A7B22746F74616C436F756E74223A302C226974656D73223A5B5D7D2C227461736B6C697374656E657273223A7B22746F74616C436F756E74223A312C226974656D73223A5B7B227461736B5F6C697374656E65725F6576656E745F74797065223A22637265617465222C227461736B5F6C697374656E65725F64656C65676174655F65787072657373696F6E223A22247B757365724C65616465724C697374656E65727D227D5D7D7D2C226F7574676F696E67223A5B7B227265736F757263654964223A22666C6F773331227D5D7D2C7B22626F756E6473223A7B226C6F7765725269676874223A7B2278223A3137322E302C2279223A3231322E307D2C2275707065724C656674223A7B2278223A3132382E302C2279223A3231322E307D7D2C227265736F757263654964223A22666C6F773330222C226368696C64536861706573223A5B5D2C227374656E63696C223A7B226964223A2253657175656E6365466C6F77227D2C22646F636B657273223A5B7B2278223A35322E352C2279223A32372E357D2C7B2278223A35322E352C2279223A32372E357D5D2C226F7574676F696E67223A5B7B227265736F757263654964223A22636F6465724175646974227D5D2C22746172676574223A7B227265736F757263654964223A22636F6465724175646974227D2C2270726F70657274696573223A7B226F766572726964656964223A22666C6F773330227D7D2C7B22626F756E6473223A7B226C6F7765725269676874223A7B2278223A3630302E302C2279223A3137382E307D2C2275707065724C656674223A7B2278223A3536302E302C2279223A3133382E307D7D2C227265736F757263654964223A226578636C75736976656761746577617936222C226368696C64536861706573223A5B5D2C227374656E63696C223A7B226964223A224578636C757369766547617465776179227D2C2270726F70657274696573223A7B226F766572726964656964223A226578636C75736976656761746577617936222C226E616D65223A224578636C75736976652047617465776179227D2C226F7574676F696E67223A5B7B227265736F757263654964223A22666C6F773332227D2C7B227265736F757263654964223A22666C6F773333227D5D7D2C7B22626F756E6473223A7B226C6F7765725269676874223A7B2278223A3137322E302C2279223A3231322E307D2C2275707065724C656674223A7B2278223A3132382E302C2279223A3231322E307D7D2C227265736F757263654964223A22666C6F773331222C226368696C64536861706573223A5B5D2C227374656E63696C223A7B226964223A2253657175656E6365466C6F77227D2C22646F636B657273223A5B7B2278223A35322E352C2279223A32372E357D2C7B2278223A32302E302C2279223A32302E307D5D2C226F7574676F696E67223A5B7B227265736F757263654964223A226578636C75736976656761746577617936227D5D2C22746172676574223A7B227265736F757263654964223A226578636C75736976656761746577617936227D2C2270726F70657274696573223A7B226F766572726964656964223A22666C6F773331227D7D2C7B22626F756E6473223A7B226C6F7765725269676874223A7B2278223A3735302E302C2279223A3138362E307D2C2275707065724C656674223A7B2278223A3634352E302C2279223A3133312E307D7D2C227265736F757263654964223A22746573746572222C226368696C64536861706573223A5B5D2C227374656E63696C223A7B226964223A22557365725461736B227D2C2270726F70657274696573223A7B226F766572726964656964223A22746573746572222C226E616D65223A22E6B58BE8AF95222C22666F726D6B6579646566696E6974696F6E223A222F776F726B4F72646572416374696F6E2F746573746572222C22666F726D70726F70657274696573223A7B22746F74616C436F756E74223A302C226974656D73223A5B5D7D2C227461736B6C697374656E657273223A7B22746F74616C436F756E74223A302C226974656D73223A5B5D7D7D2C226F7574676F696E67223A5B7B227265736F757263654964223A22666C6F773335227D5D7D2C7B22626F756E6473223A7B226C6F7765725269676874223A7B2278223A3137322E302C2279223A3231322E307D2C2275707065724C656674223A7B2278223A3132382E302C2279223A3231322E307D7D2C227265736F757263654964223A22666C6F773332222C226368696C64536861706573223A5B5D2C227374656E63696C223A7B226964223A2253657175656E6365466C6F77227D2C22646F636B657273223A5B7B2278223A32302E302C2279223A32302E307D2C7B2278223A35322E352C2279223A32372E357D5D2C226F7574676F696E67223A5B7B227265736F757263654964223A22746573746572227D5D2C22746172676574223A7B227265736F757263654964223A22746573746572227D2C2270726F70657274696573223A7B226F766572726964656964223A22666C6F773332222C226E616D65223A22E9809AE8BF87222C22636F6E646974696F6E73657175656E6365666C6F77223A22247B6973506173737D227D7D2C7B22626F756E6473223A7B226C6F7765725269676874223A7B2278223A3531352E302C2279223A3238352E307D2C2275707065724C656674223A7B2278223A3431302E302C2279223A3233302E307D7D2C227265736F757263654964223A22636F646572557064617465222C226368696C64536861706573223A5B5D2C227374656E63696C223A7B226964223A22557365725461736B227D2C2270726F70657274696573223A7B226F766572726964656964223A22636F646572557064617465222C226E616D65223A22E4BFAEE694B9222C22757365727461736B61737369676E6D656E74223A7B22746F74616C436F756E74223A312C226974656D73223A5B7B2261737369676E6D656E745F74797065223A2261737369676E6565222C227265736F7572636561737369676E6D656E7465787072223A22247B636F64657249647D227D5D7D2C22666F726D6B6579646566696E6974696F6E223A222F776F726B4F72646572416374696F6E2F636F646572557064617465222C22666F726D70726F70657274696573223A7B22746F74616C436F756E74223A302C226974656D73223A5B5D7D2C227461736B6C697374656E657273223A7B22746F74616C436F756E74223A302C226974656D73223A5B5D7D7D2C226F7574676F696E67223A5B7B227265736F757263654964223A22666C6F773334227D5D7D2C7B22626F756E6473223A7B226C6F7765725269676874223A7B2278223A3137322E302C2279223A3231322E307D2C2275707065724C656674223A7B2278223A3132382E302C2279223A3231322E307D7D2C227265736F757263654964223A22666C6F773333222C226368696C64536861706573223A5B5D2C227374656E63696C223A7B226964223A2253657175656E6365466C6F77227D2C22646F636B657273223A5B7B2278223A32302E302C2279223A32302E307D2C7B2278223A3538302E302C2279223A3235372E307D2C7B2278223A35322E352C2279223A32372E357D5D2C226F7574676F696E67223A5B7B227265736F757263654964223A22636F646572557064617465227D5D2C22746172676574223A7B227265736F757263654964223A22636F646572557064617465227D2C2270726F70657274696573223A7B226F766572726964656964223A22666C6F773333222C226E616D65223A22E9A9B3E59B9E222C22636F6E646974696F6E73657175656E6365666C6F77223A22247B216973506173737D227D7D2C7B22626F756E6473223A7B226C6F7765725269676874223A7B2278223A3137322E302C2279223A3231322E307D2C2275707065724C656674223A7B2278223A3132382E302C2279223A3231322E307D7D2C227265736F757263654964223A22666C6F773334222C226368696C64536861706573223A5B5D2C227374656E63696C223A7B226964223A2253657175656E6365466C6F77227D2C22646F636B657273223A5B7B2278223A35322E352C2279223A32372E357D2C7B2278223A35322E352C2279223A32372E357D5D2C226F7574676F696E67223A5B7B227265736F757263654964223A22636F6465724175646974227D5D2C22746172676574223A7B227265736F757263654964223A22636F6465724175646974227D2C2270726F70657274696573223A7B226F766572726964656964223A22666C6F773334227D7D2C7B22626F756E6473223A7B226C6F7765725269676874223A7B2278223A3930302E302C2279223A3138362E307D2C2275707065724C656674223A7B2278223A3739352E302C2279223A3133312E307D7D2C227265736F757263654964223A227465737465724175646974222C226368696C64536861706573223A5B5D2C227374656E63696C223A7B226964223A22557365725461736B227D2C2270726F70657274696573223A7B226F766572726964656964223A227465737465724175646974222C226E616D65223A22E983A8E997A8E5AEA1E689B9222C22666F726D6B6579646566696E6974696F6E223A222F776F726B4F72646572416374696F6E2F7465737465724175646974222C22666F726D70726F70657274696573223A7B22746F74616C436F756E74223A302C226974656D73223A5B5D7D2C227461736B6C697374656E657273223A7B22746F74616C436F756E74223A312C226974656D73223A5B7B227461736B5F6C697374656E65725F6576656E745F74797065223A22637265617465222C227461736B5F6C697374656E65725F64656C65676174655F65787072657373696F6E223A22247B757365724C65616465724C697374656E65727D227D5D7D7D2C226F7574676F696E67223A5B7B227265736F757263654964223A22666C6F773336227D5D7D2C7B22626F756E6473223A7B226C6F7765725269676874223A7B2278223A3137322E302C2279223A3231322E307D2C2275707065724C656674223A7B2278223A3132382E302C2279223A3231322E307D7D2C227265736F757263654964223A22666C6F773335222C226368696C64536861706573223A5B5D2C227374656E63696C223A7B226964223A2253657175656E6365466C6F77227D2C22646F636B657273223A5B7B2278223A35322E352C2279223A32372E357D2C7B2278223A35322E352C2279223A32372E357D5D2C226F7574676F696E67223A5B7B227265736F757263654964223A227465737465724175646974227D5D2C22746172676574223A7B227265736F757263654964223A227465737465724175646974227D2C2270726F70657274696573223A7B226F766572726964656964223A22666C6F773335227D7D2C7B22626F756E6473223A7B226C6F7765725269676874223A7B2278223A3938352E302C2279223A3137392E307D2C2275707065724C656674223A7B2278223A3934352E302C2279223A3133392E307D7D2C227265736F757263654964223A226578636C75736976656761746577617937222C226368696C64536861706573223A5B5D2C227374656E63696C223A7B226964223A224578636C757369766547617465776179227D2C2270726F70657274696573223A7B226F766572726964656964223A226578636C75736976656761746577617937222C226E616D65223A224578636C75736976652047617465776179227D2C226F7574676F696E67223A5B7B227265736F757263654964223A22666C6F773337227D2C7B227265736F757263654964223A22666C6F773338227D5D7D2C7B22626F756E6473223A7B226C6F7765725269676874223A7B2278223A3137322E302C2279223A3231322E307D2C2275707065724C656674223A7B2278223A3132382E302C2279223A3231322E307D7D2C227265736F757263654964223A22666C6F773336222C226368696C64536861706573223A5B5D2C227374656E63696C223A7B226964223A2253657175656E6365466C6F77227D2C22646F636B657273223A5B7B2278223A35322E352C2279223A32372E357D2C7B2278223A32302E302C2279223A32302E307D5D2C226F7574676F696E67223A5B7B227265736F757263654964223A226578636C75736976656761746577617937227D5D2C22746172676574223A7B227265736F757263654964223A226578636C75736976656761746577617937227D2C2270726F70657274696573223A7B226F766572726964656964223A22666C6F773336227D7D2C7B22626F756E6473223A7B226C6F7765725269676874223A7B2278223A313133352E302C2279223A3138372E307D2C2275707065724C656674223A7B2278223A313033302E302C2279223A3133322E307D7D2C227265736F757263654964223A227765626D6173746572222C226368696C64536861706573223A5B5D2C227374656E63696C223A7B226964223A22557365725461736B227D2C2270726F70657274696573223A7B226F766572726964656964223A227765626D6173746572222C226E616D65223A22E8BF90E7BBB4222C22666F726D6B6579646566696E6974696F6E223A222F776F726B4F72646572416374696F6E2F7765626D6173746572222C22666F726D70726F70657274696573223A7B22746F74616C436F756E74223A302C226974656D73223A5B5D7D2C227461736B6C697374656E657273223A7B22746F74616C436F756E74223A302C226974656D73223A5B5D7D7D2C226F7574676F696E67223A5B7B227265736F757263654964223A22666C6F773430227D5D7D2C7B22626F756E6473223A7B226C6F7765725269676874223A7B2278223A3137322E302C2279223A3231322E307D2C2275707065724C656674223A7B2278223A3132382E302C2279223A3231322E307D7D2C227265736F757263654964223A22666C6F773337222C226368696C64536861706573223A5B5D2C227374656E63696C223A7B226964223A2253657175656E6365466C6F77227D2C22646F636B657273223A5B7B2278223A32302E302C2279223A32302E307D2C7B2278223A35322E352C2279223A32372E357D5D2C226F7574676F696E67223A5B7B227265736F757263654964223A227765626D6173746572227D5D2C22746172676574223A7B227265736F757263654964223A227765626D6173746572227D2C2270726F70657274696573223A7B226F766572726964656964223A22666C6F773337222C226E616D65223A22E9809AE8BF87222C22636F6E646974696F6E73657175656E6365666C6F77223A22247B6973506173737D227D7D2C7B22626F756E6473223A7B226C6F7765725269676874223A7B2278223A3930302E302C2279223A3238352E307D2C2275707065724C656674223A7B2278223A3739352E302C2279223A3233302E307D7D2C227265736F757263654964223A22757365727461736B3131222C226368696C64536861706573223A5B5D2C227374656E63696C223A7B226964223A22557365725461736B227D2C2270726F70657274696573223A7B226F766572726964656964223A22757365727461736B3131222C226E616D65223A22E4BFAEE694B9222C22666F726D6B6579646566696E6974696F6E223A222F776F726B4F72646572416374696F6E2F746573746572557064617465222C22666F726D70726F70657274696573223A7B22746F74616C436F756E74223A302C226974656D73223A5B5D7D2C227461736B6C697374656E657273223A7B22746F74616C436F756E74223A302C226974656D73223A5B5D7D7D2C226F7574676F696E67223A5B7B227265736F757263654964223A22666C6F773339227D5D7D2C7B22626F756E6473223A7B226C6F7765725269676874223A7B2278223A3137322E302C2279223A3231322E307D2C2275707065724C656674223A7B2278223A3132382E302C2279223A3231322E307D7D2C227265736F757263654964223A22666C6F773338222C226368696C64536861706573223A5B5D2C227374656E63696C223A7B226964223A2253657175656E6365466C6F77227D2C22646F636B657273223A5B7B2278223A32302E302C2279223A32302E307D2C7B2278223A3936352E302C2279223A3235372E307D2C7B2278223A35322E352C2279223A32372E357D5D2C226F7574676F696E67223A5B7B227265736F757263654964223A22757365727461736B3131227D5D2C22746172676574223A7B227265736F757263654964223A22757365727461736B3131227D2C2270726F70657274696573223A7B226F766572726964656964223A22666C6F773338222C226E616D65223A22E9A9B3E59B9E222C22636F6E646974696F6E73657175656E6365666C6F77223A22247B216973506173737D227D7D2C7B22626F756E6473223A7B226C6F7765725269676874223A7B2278223A3137322E302C2279223A3231322E307D2C2275707065724C656674223A7B2278223A3132382E302C2279223A3231322E307D7D2C227265736F757263654964223A22666C6F773339222C226368696C64536861706573223A5B5D2C227374656E63696C223A7B226964223A2253657175656E6365466C6F77227D2C22646F636B657273223A5B7B2278223A35322E352C2279223A32372E357D2C7B2278223A35322E352C2279223A32372E357D5D2C226F7574676F696E67223A5B7B227265736F757263654964223A227465737465724175646974227D5D2C22746172676574223A7B227265736F757263654964223A227465737465724175646974227D2C2270726F70657274696573223A7B226F766572726964656964223A22666C6F773339227D7D2C7B22626F756E6473223A7B226C6F7765725269676874223A7B2278223A313130322E302C2279223A3333302E307D2C2275707065724C656674223A7B2278223A313036322E302C2279223A3239302E307D7D2C227265736F757263654964223A226578636C75736976656761746577617938222C226368696C64536861706573223A5B5D2C227374656E63696C223A7B226964223A224578636C757369766547617465776179227D2C2270726F70657274696573223A7B226F766572726964656964223A226578636C75736976656761746577617938222C226E616D65223A224578636C75736976652047617465776179227D2C226F7574676F696E67223A5B7B227265736F757263654964223A22666C6F773431227D2C7B227265736F757263654964223A22666C6F773432227D5D7D2C7B22626F756E6473223A7B226C6F7765725269676874223A7B2278223A3137322E302C2279223A3231322E307D2C2275707065724C656674223A7B2278223A3132382E302C2279223A3231322E307D7D2C227265736F757263654964223A22666C6F773430222C226368696C64536861706573223A5B5D2C227374656E63696C223A7B226964223A2253657175656E6365466C6F77227D2C22646F636B657273223A5B7B2278223A35322E352C2279223A32372E357D2C7B2278223A32302E302C2279223A32302E307D5D2C226F7574676F696E67223A5B7B227265736F757263654964223A226578636C75736976656761746577617938227D5D2C22746172676574223A7B227265736F757263654964223A226578636C75736976656761746577617938227D2C2270726F70657274696573223A7B226F766572726964656964223A22666C6F773430227D7D2C7B22626F756E6473223A7B226C6F7765725269676874223A7B2278223A3137322E302C2279223A3231322E307D2C2275707065724C656674223A7B2278223A3132382E302C2279223A3231322E307D7D2C227265736F757263654964223A22666C6F773431222C226368696C64536861706573223A5B5D2C227374656E63696C223A7B226964223A2253657175656E6365466C6F77227D2C22646F636B657273223A5B7B2278223A32302E302C2279223A32302E307D2C7B2278223A3331322E302C2279223A3330392E307D2C7B2278223A35322E352C2279223A32372E357D5D2C226F7574676F696E67223A5B7B227265736F757263654964223A22636F646572227D5D2C22746172676574223A7B227265736F757263654964223A22636F646572227D2C2270726F70657274696573223A7B226F766572726964656964223A22666C6F773431222C226E616D65223A22E59B9EE6BB9A222C22636F6E646974696F6E73657175656E6365666C6F77223A22247B726F6C6C6261636B7D227D7D2C7B22626F756E6473223A7B226C6F7765725269676874223A7B2278223A313133352E302C2279223A3433352E307D2C2275707065724C656674223A7B2278223A313033302E302C2279223A3338302E307D7D2C227265736F757263654964223A226170706C79436F6E6669726D222C226368696C64536861706573223A5B5D2C227374656E63696C223A7B226964223A22557365725461736B227D2C2270726F70657274696573223A7B226F766572726964656964223A226170706C79436F6E6669726D222C226E616D65223A22E58F91E8B5B7E4BABAE7A1AEE8AEA4222C22757365727461736B61737369676E6D656E74223A7B22746F74616C436F756E74223A312C226974656D73223A5B7B2261737369676E6D656E745F74797065223A2261737369676E6565222C227265736F7572636561737369676E6D656E7465787072223A22247B6170706C795573657249647D227D5D7D2C22666F726D6B6579646566696E6974696F6E223A222F776F726B4F72646572416374696F6E2F776F726B4F72646572566572696679222C22666F726D70726F70657274696573223A7B22746F74616C436F756E74223A302C226974656D73223A5B5D7D2C227461736B6C697374656E657273223A7B22746F74616C436F756E74223A302C226974656D73223A5B5D7D7D2C226F7574676F696E67223A5B7B227265736F757263654964223A22666C6F773433227D5D7D2C7B22626F756E6473223A7B226C6F7765725269676874223A7B2278223A3137322E302C2279223A3231322E307D2C2275707065724C656674223A7B2278223A3132382E302C2279223A3231322E307D7D2C227265736F757263654964223A22666C6F773432222C226368696C64536861706573223A5B5D2C227374656E63696C223A7B226964223A2253657175656E6365466C6F77227D2C22646F636B657273223A5B7B2278223A32302E302C2279223A32302E307D2C7B2278223A35322E352C2279223A32372E357D5D2C226F7574676F696E67223A5B7B227265736F757263654964223A226170706C79436F6E6669726D227D5D2C22746172676574223A7B227265736F757263654964223A226170706C79436F6E6669726D227D2C2270726F70657274696573223A7B226F766572726964656964223A22666C6F773432222C226E616D65223A22E4B88AE7BABF222C22636F6E646974696F6E73657175656E6365666C6F77223A22247B21726F6C6C6261636B7D227D7D2C7B22626F756E6473223A7B226C6F7765725269676874223A7B2278223A313130302E302C2279223A3532352E307D2C2275707065724C656674223A7B2278223A313036352E302C2279223A3439302E307D7D2C227265736F757263654964223A22656E646576656E7432222C226368696C64536861706573223A5B5D2C227374656E63696C223A7B226964223A22456E644E6F6E654576656E74227D2C2270726F70657274696573223A7B226F766572726964656964223A22656E646576656E7432222C226E616D65223A22456E64227D2C226F7574676F696E67223A5B5D7D2C7B22626F756E6473223A7B226C6F7765725269676874223A7B2278223A3137322E302C2279223A3231322E307D2C2275707065724C656674223A7B2278223A3132382E302C2279223A3231322E307D7D2C227265736F757263654964223A22666C6F773433222C226368696C64536861706573223A5B5D2C227374656E63696C223A7B226964223A2253657175656E6365466C6F77227D2C22646F636B657273223A5B7B2278223A35322E352C2279223A32372E357D2C7B2278223A31372E352C2279223A31372E357D5D2C226F7574676F696E67223A5B7B227265736F757263654964223A22656E646576656E7432227D5D2C22746172676574223A7B227265736F757263654964223A22656E646576656E7432227D2C2270726F70657274696573223A7B226F766572726964656964223A22666C6F773433227D7D5D7D, null);
INSERT INTO `act_ge_bytearray` VALUES ('5030', '2', 'source', null, 0x7B227265736F757263654964223A2263616E766173222C2270726F70657274696573223A7B226E616D65223A22222C22646F63756D656E746174696F6E223A22222C2270726F636573735F6964223A2270726F63657373222C2270726F636573735F617574686F72223A22222C2270726F636573735F65786563757461626C65223A22596573222C2270726F636573735F76657273696F6E223A22222C2270726F636573735F6E616D657370616365223A22687474703A2F2F7777772E61637469766974692E6F72672F70726F63657373646566222C22657865637574696F6E6C697374656E657273223A22227D2C227374656E63696C223A7B226964223A2242504D4E4469616772616D227D2C226368696C64536861706573223A5B7B227265736F757263654964223A227369642D38373344344346312D353739432D344644462D383432432D393342324332394633384143222C2270726F70657274696573223A7B226F766572726964656964223A22222C226E616D65223A22222C22646F63756D656E746174696F6E223A22222C22666F726D70726F70657274696573223A22222C22696E69746961746F72223A22222C22666F726D6B6579646566696E6974696F6E223A22222C22657865637574696F6E6C697374656E657273223A22227D2C227374656E63696C223A7B226964223A2253746172744E6F6E654576656E74227D2C226368696C64536861706573223A5B5D2C226F7574676F696E67223A5B7B227265736F757263654964223A227369642D44344232303430382D323433302D343842412D423133462D444242373942354239333737227D5D2C22626F756E6473223A7B226C6F7765725269676874223A7B2278223A3331352C2279223A38357D2C2275707065724C656674223A7B2278223A3238352C2279223A35357D7D2C22646F636B657273223A5B5D7D2C7B227265736F757263654964223A227369642D33344333314438322D434541362D344344312D423944412D434237343741353244453836222C2270726F70657274696573223A7B226F766572726964656964223A22222C226E616D65223A22222C22646F63756D656E746174696F6E223A22222C22666F726D6B6579646566696E6974696F6E223A22222C2264756564617465646566696E6974696F6E223A22222C227072696F72697479646566696E6974696F6E223A22222C22757365727461736B61737369676E6D656E74223A22222C22666F726D70726F70657274696573223A22222C227461736B6C697374656E657273223A22222C226173796E6368726F6E6F7573646566696E6974696F6E223A224E6F222C226578636C7573697665646566696E6974696F6E223A22596573222C226C6F6F7074797065223A224E6F6E65222C226D756C7469696E7374616E63655F73657175656E7469616C223A22596573222C226D756C7469696E7374616E63655F63617264696E616C697479223A22222C226D756C7469696E7374616E63655F636F6C6C656374696F6E223A22222C226D756C7469696E7374616E63655F7661726961626C65223A22222C226D756C7469696E7374616E63655F636F6E646974696F6E223A22222C226973666F72636F6D70656E736174696F6E223A2266616C7365227D2C227374656E63696C223A7B226964223A22557365725461736B227D2C226368696C64536861706573223A5B5D2C226F7574676F696E67223A5B7B227265736F757263654964223A227369642D39413641363644362D433634392D344233322D414445392D303533343133433035304439227D5D2C22626F756E6473223A7B226C6F7765725269676874223A7B2278223A3530352C2279223A3131307D2C2275707065724C656674223A7B2278223A3430352C2279223A33307D7D2C22646F636B657273223A5B5D7D2C7B227265736F757263654964223A227369642D44344232303430382D323433302D343842412D423133462D444242373942354239333737222C2270726F70657274696573223A7B226F766572726964656964223A22222C226E616D65223A22222C22646F63756D656E746174696F6E223A22222C22636F6E646974696F6E73657175656E6365666C6F77223A22222C2264656661756C74666C6F77223A224E6F6E65222C22636F6E646974696F6E616C666C6F77223A224E6F6E65227D2C227374656E63696C223A7B226964223A2253657175656E6365466C6F77227D2C226368696C64536861706573223A5B5D2C226F7574676F696E67223A5B7B227265736F757263654964223A227369642D33344333314438322D434541362D344344312D423944412D434237343741353244453836227D5D2C22626F756E6473223A7B226C6F7765725269676874223A7B2278223A3430342E333531353632352C2279223A37307D2C2275707065724C656674223A7B2278223A3331352E35333132352C2279223A37307D7D2C22646F636B657273223A5B7B2278223A31352C2279223A31357D2C7B2278223A35302C2279223A34307D5D2C22746172676574223A7B227265736F757263654964223A227369642D33344333314438322D434541362D344344312D423944412D434237343741353244453836227D7D2C7B227265736F757263654964223A227369642D31363334424636452D454441342D343434412D413230312D454542323545373843383137222C2270726F70657274696573223A7B226F766572726964656964223A22222C226E616D65223A22222C22646F63756D656E746174696F6E223A22222C22666F726D6B6579646566696E6974696F6E223A22222C2264756564617465646566696E6974696F6E223A22222C227072696F72697479646566696E6974696F6E223A22222C22757365727461736B61737369676E6D656E74223A22222C22666F726D70726F70657274696573223A22222C227461736B6C697374656E657273223A22222C226173796E6368726F6E6F7573646566696E6974696F6E223A224E6F222C226578636C7573697665646566696E6974696F6E223A22596573222C226C6F6F7074797065223A224E6F6E65222C226D756C7469696E7374616E63655F73657175656E7469616C223A22596573222C226D756C7469696E7374616E63655F63617264696E616C697479223A22222C226D756C7469696E7374616E63655F636F6C6C656374696F6E223A22222C226D756C7469696E7374616E63655F7661726961626C65223A22222C226D756C7469696E7374616E63655F636F6E646974696F6E223A22222C226973666F72636F6D70656E736174696F6E223A2266616C7365227D2C227374656E63696C223A7B226964223A22557365725461736B227D2C226368696C64536861706573223A5B5D2C226F7574676F696E67223A5B7B227265736F757263654964223A227369642D37303236363144362D313931302D344234462D393538452D443238423046384541333736227D5D2C22626F756E6473223A7B226C6F7765725269676874223A7B2278223A3737352C2279223A3131307D2C2275707065724C656674223A7B2278223A3637352C2279223A33307D7D2C22646F636B657273223A5B5D7D2C7B227265736F757263654964223A227369642D39413641363644362D433634392D344233322D414445392D303533343133433035304439222C2270726F70657274696573223A7B226F766572726964656964223A22222C226E616D65223A22222C22646F63756D656E746174696F6E223A22222C22636F6E646974696F6E73657175656E6365666C6F77223A22222C2264656661756C74666C6F77223A224E6F6E65222C22636F6E646974696F6E616C666C6F77223A224E6F6E65227D2C227374656E63696C223A7B226964223A2253657175656E6365466C6F77227D2C226368696C64536861706573223A5B5D2C226F7574676F696E67223A5B7B227265736F757263654964223A227369642D31363334424636452D454441342D343434412D413230312D454542323545373843383137227D5D2C22626F756E6473223A7B226C6F7765725269676874223A7B2278223A3637342E343239363837352C2279223A37307D2C2275707065724C656674223A7B2278223A3530352E353730333132352C2279223A37307D7D2C22646F636B657273223A5B7B2278223A35302C2279223A34307D2C7B2278223A35302C2279223A34307D5D2C22746172676574223A7B227265736F757263654964223A227369642D31363334424636452D454441342D343434412D413230312D454542323545373843383137227D7D2C7B227265736F757263654964223A227369642D37373532373034382D464239312D343130382D393935342D463831393545334541463331222C2270726F70657274696573223A7B226F766572726964656964223A22222C226E616D65223A22222C22646F63756D656E746174696F6E223A22222C22657865637574696F6E6C697374656E657273223A22227D2C227374656E63696C223A7B226964223A22456E644E6F6E654576656E74227D2C226368696C64536861706573223A5B5D2C226F7574676F696E67223A5B5D2C22626F756E6473223A7B226C6F7765725269676874223A7B2278223A3834382C2279223A38347D2C2275707065724C656674223A7B2278223A3832302C2279223A35367D7D2C22646F636B657273223A5B5D7D2C7B227265736F757263654964223A227369642D37303236363144362D313931302D344234462D393538452D443238423046384541333736222C2270726F70657274696573223A7B226F766572726964656964223A22222C226E616D65223A22222C22646F63756D656E746174696F6E223A22222C22636F6E646974696F6E73657175656E6365666C6F77223A22222C2264656661756C74666C6F77223A224E6F6E65222C22636F6E646974696F6E616C666C6F77223A224E6F6E65227D2C227374656E63696C223A7B226964223A2253657175656E6365466C6F77227D2C226368696C64536861706573223A5B5D2C226F7574676F696E67223A5B7B227265736F757263654964223A227369642D37373532373034382D464239312D343130382D393935342D463831393545334541463331227D5D2C22626F756E6473223A7B226C6F7765725269676874223A7B2278223A3831392E3337352C2279223A37307D2C2275707065724C656674223A7B2278223A3737352E3339303632352C2279223A37307D7D2C22646F636B657273223A5B7B2278223A35302C2279223A34307D2C7B2278223A31342C2279223A31347D5D2C22746172676574223A7B227265736F757263654964223A227369642D37373532373034382D464239312D343130382D393935342D463831393545334541463331227D7D5D2C22626F756E6473223A7B226C6F7765725269676874223A7B2278223A313438352C2279223A313035307D2C2275707065724C656674223A7B2278223A302C2279223A307D7D2C227374656E63696C736574223A7B2275726C223A222E2E2F7374656E63696C736574732F62706D6E322E302F62706D6E322E302E6A736F6E222C226E616D657370616365223A22687474703A2F2F62336D6E2E6F72672F7374656E63696C7365742F62706D6E322E3023227D2C227373657874656E73696F6E73223A5B5D7D, null);
INSERT INTO `act_ge_bytearray` VALUES ('5031', '1', 'source-extra', null, 0x89504E470D0A1A0A0000000D49484452000002650000008208060000000751BF34000000206348524D00007A26000080840000FA00000080E8000075300000EA6000003A98000017709CBA513C0000000467414D410000B18E7CFB5193000000017352474200AECE1CE900000006624B474400FF00FF00FFA0BDA793000000097048597300000EC400000EC401952B0E1B0000167E4944415478DAEDDD0D545565BEC7F1E7000A986BB2B968A8349939E61AB52C1DAFD3689A32A5896941E63876D35CDDA6D1D29659D76BDEAB33958DD632CB344B4A57682F822F898E4B25696569264569EA3457A5448530D3240404F67D9EC3C14E089CFD7ECEE17C3F6B3DEBBCEDBDC1ED3E3FFECF7E79B6100000000000000000000000000000000000000000000000000000000000000000000000000000000000000000000000000000000000000000000000000000000000000000000000000000000000000000000000000000000080B0E36115C0099AA6C52D5EFCC2E48F3FFE64DCC183FFBCE68B2FF6C6959797B3622C8A8E8ED63A75EAF05D6262C2EEA2A253CF1E3AF4F576D60AC80D901B14654083D2D35FF97346C6CAE78E1C29683571E27DA27FFFDF8B7EFDFE5DC4C5C53516C50D3C6FEA3D33D3348F47F5072A3FFFA0D8B1234F2C5B965579F6EC8F078E1FFF769CFC681F5B1EC80D7283DCA028032E58B6EC95754F3CF13F231F7F7CBA983CF92F2226A64553FD629D011B7921AAF771D1A29562D6AC17CE555656FEB1ACAC723D5B20C80D7283DC085FD1AC02D819ACCF3CF3F7916FBFFDA6484B4B13515181362F8F5FBFC0D3405FC163A0EF60645A2BFD95D0EAC7F4EDDB53A4A40C6CB16AD53F86979595EF956F7DC596087283DC203728CA10C1D4A107D9D39DA682B55FBF7E0D0468434D4F307A028468A010D43BBFDEE53915E6E6B56BF76FE2B6DB06C42E5FBEEEB6AAAAEA8DF2AD6FD922416E901BE406451922903A3977DAB469391327DED742F57403056B76F6463173E62CB164C9129195B546B46AD54A74EBD64D6728DADD83B57BBEE0846DBB76BF14B1B12DCBB66FFFE4869A9A9A156C952037C80D7283A20C11487EB1A76EDCF88FE119192BFC0E3DD43FC450DB66CF9E23B66EDD268E1E3D2A3EFFFC73F1C30F67455E5E9EF8E69BA362F0E09BC3782D04BFE77BE38DBDE2172ECC6871EE5CC54EF9B2902D13E406B9416E509421C22424B45D9C9C3C2471D0A0418DF4766B6567678B75EBD6894D9B3679C3B5B2B2529C3973469C38714286EBD7A27DFB0EA2478FEE82EB4FCC3B76ACF8ABDDBBF7B6924FB7B236406E80DC082F51AC025875F0E0C16BD4E5EB817A7F2B56ACF0F672ABAAAA2EFAACB0F098B8F7DE0921DB9B0C1769697FE8281F06B126406E901BE446F8896115C02A35C0A31A4FE8275A8381585454248E1F3F2E2EBFFC72EFB920C545C5222E3E4E68359A481991E20DDF8669AC649DFAF6EDD15E3EB4654D80DC2037C80D8A324420353061ED008F0D85EA4FEF7943F59A6E62D5AA55A273E7CE0DF68809536BE2E262F95E83DC00B911A6387C098768E2E703166A62FCF87BBD217CE9A5975E34F5B69C6DA277EF1BC2FCDF0B80DC2037405186900917AD8180AD6D2929C345F71EBF1183870C16E5153FBF9FDDF4E9D3C5F2E5E98D2CC78EF0D25C9A8F9005C80D7203146508E1803D7DFA7B3177EE33E2CB2FF78BF465E9222EF6E7F7B3BBE28A2BE4E7F3C4D1A38501C2AAA95BA904FA5D9A9A5FEFF284CEE901901BE40628CA1032015BFBFCF5D75788D4D4D1E2D7D774F31E82E8D0A1C3457375EFDE5D5C79E555E2EE31E344FA6B2B4C0498DD61A7197C3F94D63D406E901BE44638E2C43ED8F8C5F6FCEC796969A978F0C149A2F3D5BF166BD6AD17313131A263C7243171E24471FBEDB78B9E3D7B7AA73E7CF8B0BA3C5E3CFAD8E3E24FF7DC2366FEF70CB1E8A5A562F2A4FF34D9DB8DB43F6400B9416E901BCD017BCA60F397BDF60B5F5050205252468A71F78C178F3DFE5FDE6055AEBDF65A91B976ADB8BC437BB1272F4FECDAFDB1682F7BC019ABDEF45E65A5A6FBFBBCF9226FCF67E2ADB7D7E80C52CDE063B043D0ECA10EA7CE9B01C80D7203A1803D6570A4C73B6C588AB797FBAB5F5D79D194EA50C4E8D17737B9B4E75F78418C48192EC6DC7D87B8F85C13AB81627718EB3D6FC4EC7400B9416E901B91803D6570A4C7AB6E7B121D6DBEE6AFEB21070E56377AB9F43C017283DC004519C23058D5E375D7F5149FECDE7DE1D38C37DED0B594C6A7D313AC760424007283DC0045199A51C8F6E97383D8BBF78B0BEFAE5C99A16BEE8BA7D30204AB5D016A765EA397DE13E600B9416E80A20CAEF578850CD7DEE2D3BC4F6D5EBED0D1EBD54C84AF919F6F3634CD8E7B64F6112037C80D7223DC70A23F1C08592112127E29F6EFFF52DC36EC56EFEB6F8B8B2F3C6F8AFF74870F1F0A10626602D54C70022037C80D509421CC42B556EDD5548585FF32397FA0D7464FE2351BA4467B978434406E901BA028434884ABC78650D102BC672658DD3A44617748DBF5F3017283DC203728CA8C6C1E9A16B775EBD67B376DDA34F6ABAFBEEA75E0C08156252525316A74E7D8D8582D2121E17CC78E1D8FB56DDBF6A3EAEAEABF6DDEBCF99FFCF78572AF57F885AD996030DAE375AAF7EBE665ED56EFB747C882DC2037C88D7A92641B25DB40D97AC996285B6BD9D4DDED8B64CB97ED43D9DE92AD30E28B32558CFDF5AF7F7D65F0E0C17F3C7AF468CCA04183C4840913448F1E3D4452529268DDBAB5BAED86E7E4C9932DF7EDDB77554E4ECE551B366C18DBB56BD76F4E9D3AF5A47C7F19A1166A3D5E2B5F76330327DA15B646A6B12B10017283DC20371CA00AB14951515137D5D4D4B46CE0737577FB4EBEA6A69D2F5BAE6CE9B26504EB970E6A51969999795F7272F2E2E2E2E2D8B973E78AA14387FA0DFEF7135598A9D6A9532791929222162C58E0D9BC79F3953367CE7C594E3FADA8A868849CECFFD80643ADC7DB54CFD7EC55477607AB1DBD5E2B7F440861901BE406B961A34E1E8FE7654DD3BC577EC882CCC8BC837CED01D92604A3AE084A51265756CCBC79F3B64C9E3CF9E669D3A689A953A736588C35451570B2452F5AB4A8DBAC59B3BE90F33FCC5EB3500956333D5F4DC77B9AC1CFEC3C446147605A59AF5CDA0E7283DC20370218131D1DBDB8BABAFAB20B458EAC2D929393456A6AAAE8D7AF9F484C4C14090909E2F4E9D3A2A8A848E4E7E78BACAC2C919D9D2DCACBCBEB66EB2FDB67B23D285CDE6BE67A51A60AB2E5CB977FB464C992DFAE5DBBD6BB92AC90859DE8DFBF7FFCB061C35EB8ECB2CB62BFFFFEFB9708BA6085AB1B27ECBAD9FBB51272468252D8B0DE007283DC8868291E8F27431664D175C598DAE13369D224EF51B6FADAB469E36DDDBA751363C68CF11668CF3DF79C78FEF9E7455555959A449D77A66E15A10E73BAB6C3C7F5C163D51EB23973E6FC76FBF6ED960BB23ABD7AF5123B77EE8C97FF09CFC897E3D8368319B0F59BD9E99B7ACFC960351286667AAA7AFEA098BD941E2037C88D88CC8D31B2205BA7699AB7205385D6679F7D26E6CF9FDF6041D610B5074D4DAFE653E7B4FB79D5CDBAC2D5A24C9D43B660C1829BDF7CF34DDD2B4A2FB5BC2D5BB6B48E8F8F7F51FD9F1074C10CD64001AA673ABD21ABF7B9DE60D5136C76DE96C54C6F5733F83E406E901BCD36373AA94396750559FFFEFDC5071F7C50BFB0D24DCDA7E657873CFD2C71ABAE70AD28535759BEF8E28B4BD4396476ED21AB4FED317BFAE9A7635BB468F13A61176A3DDF402D50506B4D84A71DBD5FBD6169F7D845667BBB00B9416E901B1E8F6759DD39646A0F993A2D4A9D3366853AACB97AF56AFFC24E1DCA7CB55915654F3EF964FA77DF7DD7529D03E6A4A953A7C6B76BD7EE2AC161CC100A542BD3EB3914E144B03A11A876042727FA83DC2037C80D9F519AA60D514FD43964AA90B25A90F91766EAA89EDF4588FDDDA82B5C29CAD45EB2F7DE7B6FB41AF6222E2ECEF19FF7DA6BAF5DD6A2458B49049E6E4F88DA715A2C5CF811A857A7F79C91408723F4BC3672382250F05A1D97C8CEDBB300E406B9D1AC72C3EA3634C96F878CE943968D51CB7BF4D147FDDF7AC0E915E2CAD5976AA4FE23478EC4A8612CDC70CB2DB7B48C8F8FBFEAFCF9F39DE4CB02B233A0BFF91E7F946D9DA8BD0478876CA5F605AC5D616DF57277B3C16AE59C11B3C11C31BD5D901BE44664E686956D28C9E3F1DCAC699A776FD69429531CF905D572D51599BEE132D4DE3247EB0A578A3275EBA4C6068675CAADB7DE5AB47AF5EA34F9F459B253B74B64FB93AFFD20DB7AD95689DA518ECB8D85A1C7446818F9DCAECBDDAD04ABDEB0642F19C80D7283DCB0791B1A557772BFAA2FD41D809CA0AECA5483D6676666D6BDE5685DE14A95A4EE65A96E9DE4A6D4D4D436B2281B485166DA2F64BBC7D7D497E21DD9D6CA962D5B95B3BD5F33BD5D277ABC567AB8765F85C55E32901BE44644E486DE6D68A0DFDF7BA7EB09FFA2CCD1BAC295A24CDD5C5C5D19E9A63E7DFAB412B5371F8575EA44C0FFF035D58BD9226AEF0FE6D78B71EACB6DB4B7DB54503A19ACA1D2FBA53803B9416E349BDC686A1BEAE5F7F7DED15FA25EFDE2685DE14A5156525212A37601BAA9A2A2A2ADAFAA9E4D36DADE8B49F335E5D0CFBFD41E0B8BD60C7E66678FD74CB0DA11A8F68EF05D5070BCEE29DB3DC80D72A339E546FD6DE8C24D2D9DAE2FEA2D3FC1C99FE54A51565A5AEABDA1B89BDE79E79DBA7FDFFF92878EBADA991E9799317A9CEEF13AD523B6EF2AACE5CB37D4BD60BB07B9416E34E7DCB8307A845DC36034460D8FE1C7D121245C29CA2EB9E4124D16661E370BB33BEFBCF3E49C3973D49A7C8AFC0B48CF17B1DAF7CDAEBFCD1C96AD73E35F7A8FC90035DADBB5B3C76B578FD8CE937EF585EEF8F123C49C394BD5D3396CD62037C88D10CF0D2BDB504D5D6176F2E449470B3375F3723FE5615F94C99575BEA8A8A865972E5D5CFB9F8E8B8B3BE55B79B3C94ED35F8C2ADF86DF52B6E8BAED53B66DB2AD946DB36F1D6BD60354CF3C6642D668E09A0D6123C1AAB7476BFC24DD4E9DDAD73D65BB07B9416E847A6E58D986F6CAE62D2AD4CDC49D2CCAD4F2FD9C0CFBA2AC7DFBF6DFE4E7E77771B328DBB66DDB215F850D632A7DEB2DDE6FFB28F57D09DEF67D294EDB13A2664336506836C7DEAFDD631701E406B91152B961741BCAAF2BCAF6ECD963FBC0B1FE64FD22EAFDDCF02ECADAB56BF77E4E4E4E97B4B434D7FE7757AD5AA5B6B4F7C94AC35AFA7D19D435C01B45EDA5C806C71B52F49CBC6BE550849550351BA07AE673A2F74B01067283DC68D6B961741B527FDFBD4545565696183F7EBC63BF985A7EBD9F1BDE45D9B163C7E6CA4A7342555555944B03C896EFDCB953DDD19D5B2D19A37A21B9B2ADF03D9E76AEC76A676FD76CA83AD913367AC8C4EC49BB8C57067283DC08FBDC30B30DA93B002C5075CCE6CD9B456161A12303C8AA43971B366CD0FC7A0B99615F94E5E5E51DEADAB5EB11B9E2AE5623E33A6DF1E2C559353535570A6EB1A4D72CDFBACA14A64F6274F24B6DF65C11ABBD5FB3616AE5308453575801E406B91172B961651B2AF41570C955555562E1C28562FEFCF9B6FF826AB91515157505D90EA7EB8A28B7D67C7171F18CC71E7BAC4AAD3CA72BEE2953A6FC463E2E2533757B52D4DE73CCC25525765ED2DED44D889BBAE97043371316063FD3F37E308295020CE406B9D1EC72C3EA36F452DD13757FCA7DFBF6D9FACBA9E5C942CF7FA5395E57B856949D397366F5A953A70EA815E7A491234766C9C24FDDDCF42D32D36D9A0D4D6FD06A0182B2B1D77A0357EF73AB372C76F23380DC20379A756EA84398B9EA89DAE173D75D777987C7B065EFCEE9D362F4E8D1D592FF5E32C7EB8A2837D75E7171F1ED4F3DF5D4B95DBB7639B2FCAD5BB7BE2B0D974FEF17BAEEB306E783D54A183735ADDE90D5D31B0E14B84D3D6F28E4ECB89A8ABD662037C80D72430775636D6F2576F0E04171C71D77582ECC5441969696A61D3870A06E388E52B7EA8A2897575E417979F9FDA3468D2A2B2828B075C1FBF7EFFF70E8D0A1EA9E54D3D5FF0D61178C70351AA066425A6FC85AED0DBBDDFB357BD22F0519C80D7223A2734315130FD5154C3B76EC1003060C307D2853CD77E38D3756E7E4E4F85F06FCA05B7585DB45999045D9CA53A74E3DD4B76FDF52BBF698A93D643D7BF6BCA2A6A66689A83D3E8D90EAF53A7118A2A940351AAA9A4DCFCD06AB30313DC518C80D7283DCF05187152FECC9527BCCAEBFFE7A317DFAF4FA03BF364A4D3763C60C75F371FF3D64CA0C37EB8A9860ACBDF3E7CFBF565252523670E0C0A5B367CF8E962BEE129343659C4E4D4D5DB766CD9AA1BE15B79C800BB51EAFE23138BD919F61F7AD5442A1F72B2C4C0F901BE44644E686FAFBAF2E18503B67DAA873CC9E7DF659EF050043870E15B256107DFAF4F1DE5C5C8DFEAF0E51AA424C0D0CBB7EFD7AF1EEBBEFD694959545F96D78EA90E5436ED71531415C816F555656EE9A356B56FAC2850BBBA7A7A7FF62F8F0E1F13AE72D7FF9E597D73DFCF0C35D6481A746F4BD5970C8324C83D7CC3C660784B423548D04A85B610B901BE406B9216AF798A94370AFCA96ACDE50C5597676B6B705E07FE4509DD47F7F30EA8A9820AFC082EAEAEA21C5C5C56923478E7C303E3EBEE74D37DD543276ECD8D6BD7BF76E99949494A86E627EF6ECD9E213274E9CC9CDCDFD57464646F4471F7D748D9C4F8D12A72E8755BB1539A93F2C03D4AD903512AA76F578ED0C564EEC07B9416E901B7AEB0AD9FE206A47FB7F40B641066A1D558CA507B3AE8809919598298BACCCD2D2D2A44D9B36A5C9F67BF95E1F51BB2B324EB64B653BEFDBAA7244ED497705045A3884ABC7C640B673B46E23A1EA469812AC2037C80D72C3CEBAC2D7927C055A5D5D91E8AB2B547DA12ED354F7B27CDF376DD0EB8A98105B896A84DEE77D0D11DD13D64C7E6E356443B9F74B41067283DC20379A735D11C3971FC10D51A782D6CE90B52B70AD842D0519C80D7283DC68EE28CAE050007A1C0C662BBD5DBB42D6CDDE2FC10A7283DC203728CA80A0F7809D386157CF34C1B8DC9D6005B9416E901B146540C884A9D9E53BD1DB3513A456C3946005B9416E901B1465802DE1E7B1611956A675FA50845BBD5F8215E406B9416E50940121D5F3D54C4E6376A0483707862458017283DC004519423E54CDFC1CBB46EC3613AA042B406E901BA02843C486B59B83425A0D5C33E798002037C80D8A3220E47ABCC11A14925E2E406E901BA02843D887ABC7E47C56C2D6AD90B5EB3005C10A7283DC2037405186B0E8056B163E0F972BAA00901BE40628CA105241EA54D0066B50487AB900B9416E80A20C410B57B7C61B0A466FD7EEDE2F406E901BE40628CA10563D5F2B575405F35004BD5C80DC2037A05F14AB0056C5C6B6D4CACBCB7D01E2446B28081B9B46CFFB8DBDD7D43422C06722C07CEE3877AEE26BF950C556097283DC203728CA10813A774EFA76D7AECF6DEEE1EA0D5B3B433650E80A1DAF9B9ACF795BB6ECDC271FF2D92A416E901BE4064519225042429B1D3B76E439D8C3153AA6D51BC06642D6C8EBE0846A9DF4F4F53FC8875CB64A901BE406B94151860874E4C8F1794B97BE7DBEAAAACA86B034D3CB35D30B762A64837A0E48C1C68D1F5E271FB3D82A416E901BE406451922506161D1EE9A9A9A2F162D5A69204803B172AE881D216B347483D7CBAD3362C4235BE5FFC371F974175B25C80D7283DCA02843843A7EBC64DCECD92F95EDDA952F9AD7A188D00F552537F7D3F5D9D91F8C904F1F616B04B9416E901BE1299A55009B9CACA8A8DCBD6143EEC801036E884B4A4A3438BB66F3F46E5EEA1EFC601D32E4CF3D354DFB8B7CB9834D11E406B9416E509401877FFCF1DC9E37DED8302A2626E6C7DFFDEEDAF8A828B70685746240C8D00E55A960C4884756CF9CF9D2605FB066B30982DC2037C88DF0E56115C001DDA2A3A317C6C7C75E3F76EC6D8577DE99DC7EE0C0DE897171B1362CDAEE0121F5846AE804AA1A4F485DBEAEAE965227E7FACE0551871EF6B1D981DC2037C80D8A32A031BD644B956D906C7D648B639558A62E555327E0E48ADAABA5383917E406C80D000000000000000000000000000000000000000000000000000000000000000000000000000000000000000000000000000000000000000000000000000000000000000000000000000000000000000000000000008850FF0F18B63038923533E30000000049454E44AE426082, null);
INSERT INTO `act_ge_bytearray` VALUES ('92522', '1', 'source', null, 0x7B22626F756E6473223A7B226C6F7765725269676874223A7B2278223A313438352E302C2279223A313035302E307D2C2275707065724C656674223A7B2278223A302E302C2279223A302E307D7D2C227265736F757263654964223A2263616E766173222C227374656E63696C223A7B226964223A2242504D4E4469616772616D227D2C227374656E63696C736574223A7B226E616D657370616365223A22687474703A2F2F62336D6E2E6F72672F7374656E63696C7365742F62706D6E322E3023222C2275726C223A222E2E2F656469746F722F7374656E63696C736574732F62706D6E322E302F62706D6E322E302E6A736F6E227D2C2270726F70657274696573223A7B2270726F636573735F6964223A22576F726B4F72646572222C226E616D65223A22576F726B204F72646572222C2270726F636573735F6E616D657370616365223A22687474703A2F2F7777772E61637469766974692E6F72672F74657374222C226576656E746C697374656E657273223A7B22746F74616C436F756E74223A302C226974656D73223A5B5D7D2C22646F63756D656E746174696F6E223A22E4B88AE7BABFE5B7A5E58D95227D2C226368696C64536861706573223A5B7B22626F756E6473223A7B226C6F7765725269676874223A7B2278223A37352E302C2279223A38352E307D2C2275707065724C656674223A7B2278223A34302E302C2279223A35302E307D7D2C227265736F757263654964223A2273746172746576656E7432222C226368696C64536861706573223A5B5D2C227374656E63696C223A7B226964223A2253746172744E6F6E654576656E74227D2C2270726F70657274696573223A7B226F766572726964656964223A2273746172746576656E7432222C226E616D65223A225374617274222C22666F726D70726F70657274696573223A7B22746F74616C436F756E74223A302C226974656D73223A5B5D7D7D2C226F7574676F696E67223A5B7B227265736F757263654964223A22666C6F773235227D5D7D2C7B22626F756E6473223A7B226C6F7765725269676874223A7B2278223A3131302E302C2279223A3138352E307D2C2275707065724C656674223A7B2278223A352E302C2279223A3133302E307D7D2C227265736F757263654964223A22627573696E6573734175646974222C226368696C64536861706573223A5B5D2C227374656E63696C223A7B226964223A22557365725461736B227D2C2270726F70657274696573223A7B226F766572726964656964223A22627573696E6573734175646974222C226E616D65223A22E983A8E997A8E5AEA1E689B9222C22646F63756D656E746174696F6E223A22E58F91E8B5B7E4BABAE983A8E997A8E5AEA1E689B9222C22666F726D6B6579646566696E6974696F6E223A222F776F726B4F72646572416374696F6E2F627573696E6573734175646974222C22666F726D70726F70657274696573223A7B22746F74616C436F756E74223A302C226974656D73223A5B5D7D2C227461736B6C697374656E657273223A7B22746F74616C436F756E74223A312C226974656D73223A5B7B227461736B5F6C697374656E65725F6576656E745F74797065223A22637265617465222C227461736B5F6C697374656E65725F64656C65676174655F65787072657373696F6E223A22247B757365724C65616465724C697374656E65727D227D5D7D7D2C226F7574676F696E67223A5B7B227265736F757263654964223A22666C6F773236227D5D7D2C7B22626F756E6473223A7B226C6F7765725269676874223A7B2278223A3137322E302C2279223A3231322E307D2C2275707065724C656674223A7B2278223A3132382E302C2279223A3231322E307D7D2C227265736F757263654964223A22666C6F773235222C226368696C64536861706573223A5B5D2C227374656E63696C223A7B226964223A2253657175656E6365466C6F77227D2C22646F636B657273223A5B7B2278223A31372E352C2279223A31372E357D2C7B2278223A35322E352C2279223A32372E357D5D2C226F7574676F696E67223A5B7B227265736F757263654964223A22627573696E6573734175646974227D5D2C22746172676574223A7B227265736F757263654964223A22627573696E6573734175646974227D2C2270726F70657274696573223A7B226F766572726964656964223A22666C6F773235227D7D2C7B22626F756E6473223A7B226C6F7765725269676874223A7B2278223A3139352E302C2279223A3137382E307D2C2275707065724C656674223A7B2278223A3135352E302C2279223A3133382E307D7D2C227265736F757263654964223A226578636C75736976656761746577617935222C226368696C64536861706573223A5B5D2C227374656E63696C223A7B226964223A224578636C757369766547617465776179227D2C2270726F70657274696573223A7B226F766572726964656964223A226578636C75736976656761746577617935222C226E616D65223A224578636C75736976652047617465776179227D2C226F7574676F696E67223A5B7B227265736F757263654964223A22666C6F773237227D2C7B227265736F757263654964223A22666C6F773238227D5D7D2C7B22626F756E6473223A7B226C6F7765725269676874223A7B2278223A3137322E302C2279223A3231322E307D2C2275707065724C656674223A7B2278223A3132382E302C2279223A3231322E307D7D2C227265736F757263654964223A22666C6F773236222C226368696C64536861706573223A5B5D2C227374656E63696C223A7B226964223A2253657175656E6365466C6F77227D2C22646F636B657273223A5B7B2278223A35322E352C2279223A32372E357D2C7B2278223A32302E302C2279223A32302E307D5D2C226F7574676F696E67223A5B7B227265736F757263654964223A226578636C75736976656761746577617935227D5D2C22746172676574223A7B227265736F757263654964223A226578636C75736976656761746577617935227D2C2270726F70657274696573223A7B226F766572726964656964223A22666C6F773236227D7D2C7B22626F756E6473223A7B226C6F7765725269676874223A7B2278223A3336352E302C2279223A3138352E307D2C2275707065724C656674223A7B2278223A3236302E302C2279223A3133302E307D7D2C227265736F757263654964223A22636F646572222C226368696C64536861706573223A5B5D2C227374656E63696C223A7B226964223A22557365725461736B227D2C2270726F70657274696573223A7B226F766572726964656964223A22636F646572222C226E616D65223A22E5BC80E58F91222C22757365727461736B61737369676E6D656E74223A7B22746F74616C436F756E74223A312C226974656D73223A5B7B2261737369676E6D656E745F74797065223A2261737369676E6565222C227265736F7572636561737369676E6D656E7465787072223A22247B636F64657249647D227D5D7D2C22666F726D6B6579646566696E6974696F6E223A222F776F726B4F72646572416374696F6E2F636F646572222C22666F726D70726F70657274696573223A7B22746F74616C436F756E74223A302C226974656D73223A5B5D7D2C227461736B6C697374656E657273223A7B22746F74616C436F756E74223A302C226974656D73223A5B5D7D7D2C226F7574676F696E67223A5B7B227265736F757263654964223A22666C6F773330227D5D7D2C7B22626F756E6473223A7B226C6F7765725269676874223A7B2278223A3137322E302C2279223A3231322E307D2C2275707065724C656674223A7B2278223A3132382E302C2279223A3231322E307D7D2C227265736F757263654964223A22666C6F773237222C226368696C64536861706573223A5B5D2C227374656E63696C223A7B226964223A2253657175656E6365466C6F77227D2C22646F636B657273223A5B7B2278223A32302E302C2279223A32302E307D2C7B2278223A35322E352C2279223A32372E357D5D2C226F7574676F696E67223A5B7B227265736F757263654964223A22636F646572227D5D2C22746172676574223A7B227265736F757263654964223A22636F646572227D2C2270726F70657274696573223A7B226F766572726964656964223A22666C6F773237222C226E616D65223A22E9809AE8BF87222C22636F6E646974696F6E73657175656E6365666C6F77223A22247B6973506173737D227D7D2C7B22626F756E6473223A7B226C6F7765725269676874223A7B2278223A3131302E302C2279223A3238352E307D2C2275707065724C656674223A7B2278223A352E302C2279223A3233302E307D7D2C227265736F757263654964223A22627573696E657373557064617465222C226368696C64536861706573223A5B5D2C227374656E63696C223A7B226964223A22557365725461736B227D2C2270726F70657274696573223A7B226F766572726964656964223A22627573696E657373557064617465222C226E616D65223A22E4BFAEE694B9222C22757365727461736B61737369676E6D656E74223A7B22746F74616C436F756E74223A312C226974656D73223A5B7B2261737369676E6D656E745F74797065223A2261737369676E6565222C227265736F7572636561737369676E6D656E7465787072223A22247B6170706C795573657249647D227D5D7D2C22666F726D6B6579646566696E6974696F6E223A222F776F726B4F72646572416374696F6E2F627573696E657373557064617465222C22666F726D70726F70657274696573223A7B22746F74616C436F756E74223A302C226974656D73223A5B5D7D2C227461736B6C697374656E657273223A7B22746F74616C436F756E74223A302C226974656D73223A5B5D7D7D2C226F7574676F696E67223A5B7B227265736F757263654964223A22666C6F773239227D5D7D2C7B22626F756E6473223A7B226C6F7765725269676874223A7B2278223A3137322E302C2279223A3231322E307D2C2275707065724C656674223A7B2278223A3132382E302C2279223A3231322E307D7D2C227265736F757263654964223A22666C6F773238222C226368696C64536861706573223A5B5D2C227374656E63696C223A7B226964223A2253657175656E6365466C6F77227D2C22646F636B657273223A5B7B2278223A32302E302C2279223A32302E307D2C7B2278223A3137342E302C2279223A3235372E307D2C7B2278223A35322E352C2279223A32372E357D5D2C226F7574676F696E67223A5B7B227265736F757263654964223A22627573696E657373557064617465227D5D2C22746172676574223A7B227265736F757263654964223A22627573696E657373557064617465227D2C2270726F70657274696573223A7B226F766572726964656964223A22666C6F773238222C226E616D65223A22E9A9B3E59B9E222C22636F6E646974696F6E73657175656E6365666C6F77223A22247B216973506173737D227D7D2C7B22626F756E6473223A7B226C6F7765725269676874223A7B2278223A3137322E302C2279223A3231322E307D2C2275707065724C656674223A7B2278223A3132382E302C2279223A3231322E307D7D2C227265736F757263654964223A22666C6F773239222C226368696C64536861706573223A5B5D2C227374656E63696C223A7B226964223A2253657175656E6365466C6F77227D2C22646F636B657273223A5B7B2278223A35322E352C2279223A32372E357D2C7B2278223A35322E352C2279223A32372E357D5D2C226F7574676F696E67223A5B7B227265736F757263654964223A22627573696E6573734175646974227D5D2C22746172676574223A7B227265736F757263654964223A22627573696E6573734175646974227D2C2270726F70657274696573223A7B226F766572726964656964223A22666C6F773239227D7D2C7B22626F756E6473223A7B226C6F7765725269676874223A7B2278223A3531352E302C2279223A3138352E307D2C2275707065724C656674223A7B2278223A3431302E302C2279223A3133302E307D7D2C227265736F757263654964223A22636F6465724175646974222C226368696C64536861706573223A5B5D2C227374656E63696C223A7B226964223A22557365725461736B227D2C2270726F70657274696573223A7B226F766572726964656964223A22636F6465724175646974222C226E616D65223A22E983A8E997A8E5AEA1E689B9222C22666F726D6B6579646566696E6974696F6E223A222F776F726B4F72646572416374696F6E2F636F6465724175646974222C22666F726D70726F70657274696573223A7B22746F74616C436F756E74223A302C226974656D73223A5B5D7D2C227461736B6C697374656E657273223A7B22746F74616C436F756E74223A312C226974656D73223A5B7B227461736B5F6C697374656E65725F6576656E745F74797065223A22637265617465222C227461736B5F6C697374656E65725F64656C65676174655F65787072657373696F6E223A22247B757365724C65616465724C697374656E65727D227D5D7D7D2C226F7574676F696E67223A5B7B227265736F757263654964223A22666C6F773331227D5D7D2C7B22626F756E6473223A7B226C6F7765725269676874223A7B2278223A3137322E302C2279223A3231322E307D2C2275707065724C656674223A7B2278223A3132382E302C2279223A3231322E307D7D2C227265736F757263654964223A22666C6F773330222C226368696C64536861706573223A5B5D2C227374656E63696C223A7B226964223A2253657175656E6365466C6F77227D2C22646F636B657273223A5B7B2278223A35322E352C2279223A32372E357D2C7B2278223A35322E352C2279223A32372E357D5D2C226F7574676F696E67223A5B7B227265736F757263654964223A22636F6465724175646974227D5D2C22746172676574223A7B227265736F757263654964223A22636F6465724175646974227D2C2270726F70657274696573223A7B226F766572726964656964223A22666C6F773330227D7D2C7B22626F756E6473223A7B226C6F7765725269676874223A7B2278223A3630302E302C2279223A3137382E307D2C2275707065724C656674223A7B2278223A3536302E302C2279223A3133382E307D7D2C227265736F757263654964223A226578636C75736976656761746577617936222C226368696C64536861706573223A5B5D2C227374656E63696C223A7B226964223A224578636C757369766547617465776179227D2C2270726F70657274696573223A7B226F766572726964656964223A226578636C75736976656761746577617936222C226E616D65223A224578636C75736976652047617465776179227D2C226F7574676F696E67223A5B7B227265736F757263654964223A22666C6F773332227D2C7B227265736F757263654964223A22666C6F773333227D5D7D2C7B22626F756E6473223A7B226C6F7765725269676874223A7B2278223A3137322E302C2279223A3231322E307D2C2275707065724C656674223A7B2278223A3132382E302C2279223A3231322E307D7D2C227265736F757263654964223A22666C6F773331222C226368696C64536861706573223A5B5D2C227374656E63696C223A7B226964223A2253657175656E6365466C6F77227D2C22646F636B657273223A5B7B2278223A35322E352C2279223A32372E357D2C7B2278223A32302E302C2279223A32302E307D5D2C226F7574676F696E67223A5B7B227265736F757263654964223A226578636C75736976656761746577617936227D5D2C22746172676574223A7B227265736F757263654964223A226578636C75736976656761746577617936227D2C2270726F70657274696573223A7B226F766572726964656964223A22666C6F773331227D7D2C7B22626F756E6473223A7B226C6F7765725269676874223A7B2278223A3735302E302C2279223A3138362E307D2C2275707065724C656674223A7B2278223A3634352E302C2279223A3133312E307D7D2C227265736F757263654964223A22746573746572222C226368696C64536861706573223A5B5D2C227374656E63696C223A7B226964223A22557365725461736B227D2C2270726F70657274696573223A7B226F766572726964656964223A22746573746572222C226E616D65223A22E6B58BE8AF95222C22666F726D6B6579646566696E6974696F6E223A222F776F726B4F72646572416374696F6E2F746573746572222C22666F726D70726F70657274696573223A7B22746F74616C436F756E74223A302C226974656D73223A5B5D7D2C227461736B6C697374656E657273223A7B22746F74616C436F756E74223A312C226974656D73223A5B7B227461736B5F6C697374656E65725F6576656E745F74797065223A22637265617465222C227461736B5F6C697374656E65725F64656C65676174655F65787072657373696F6E223A22247B757365725461736B4C697374656E65727D227D5D7D7D2C226F7574676F696E67223A5B7B227265736F757263654964223A22666C6F773335227D5D7D2C7B22626F756E6473223A7B226C6F7765725269676874223A7B2278223A3137322E302C2279223A3231322E307D2C2275707065724C656674223A7B2278223A3132382E302C2279223A3231322E307D7D2C227265736F757263654964223A22666C6F773332222C226368696C64536861706573223A5B5D2C227374656E63696C223A7B226964223A2253657175656E6365466C6F77227D2C22646F636B657273223A5B7B2278223A32302E302C2279223A32302E307D2C7B2278223A35322E352C2279223A32372E357D5D2C226F7574676F696E67223A5B7B227265736F757263654964223A22746573746572227D5D2C22746172676574223A7B227265736F757263654964223A22746573746572227D2C2270726F70657274696573223A7B226F766572726964656964223A22666C6F773332222C226E616D65223A22E9809AE8BF87222C22636F6E646974696F6E73657175656E6365666C6F77223A22247B6973506173737D227D7D2C7B22626F756E6473223A7B226C6F7765725269676874223A7B2278223A3531352E302C2279223A3238352E307D2C2275707065724C656674223A7B2278223A3431302E302C2279223A3233302E307D7D2C227265736F757263654964223A22636F646572557064617465222C226368696C64536861706573223A5B5D2C227374656E63696C223A7B226964223A22557365725461736B227D2C2270726F70657274696573223A7B226F766572726964656964223A22636F646572557064617465222C226E616D65223A22E4BFAEE694B9222C22757365727461736B61737369676E6D656E74223A7B22746F74616C436F756E74223A312C226974656D73223A5B7B2261737369676E6D656E745F74797065223A2261737369676E6565222C227265736F7572636561737369676E6D656E7465787072223A22247B636F64657249647D227D5D7D2C22666F726D6B6579646566696E6974696F6E223A222F776F726B4F72646572416374696F6E2F636F646572557064617465222C22666F726D70726F70657274696573223A7B22746F74616C436F756E74223A302C226974656D73223A5B5D7D2C227461736B6C697374656E657273223A7B22746F74616C436F756E74223A302C226974656D73223A5B5D7D7D2C226F7574676F696E67223A5B7B227265736F757263654964223A22666C6F773334227D5D7D2C7B22626F756E6473223A7B226C6F7765725269676874223A7B2278223A3137322E302C2279223A3231322E307D2C2275707065724C656674223A7B2278223A3132382E302C2279223A3231322E307D7D2C227265736F757263654964223A22666C6F773333222C226368696C64536861706573223A5B5D2C227374656E63696C223A7B226964223A2253657175656E6365466C6F77227D2C22646F636B657273223A5B7B2278223A32302E302C2279223A32302E307D2C7B2278223A3538302E302C2279223A3235372E307D2C7B2278223A35322E352C2279223A32372E357D5D2C226F7574676F696E67223A5B7B227265736F757263654964223A22636F646572557064617465227D5D2C22746172676574223A7B227265736F757263654964223A22636F646572557064617465227D2C2270726F70657274696573223A7B226F766572726964656964223A22666C6F773333222C226E616D65223A22E9A9B3E59B9E222C22636F6E646974696F6E73657175656E6365666C6F77223A22247B216973506173737D227D7D2C7B22626F756E6473223A7B226C6F7765725269676874223A7B2278223A3137322E302C2279223A3231322E307D2C2275707065724C656674223A7B2278223A3132382E302C2279223A3231322E307D7D2C227265736F757263654964223A22666C6F773334222C226368696C64536861706573223A5B5D2C227374656E63696C223A7B226964223A2253657175656E6365466C6F77227D2C22646F636B657273223A5B7B2278223A35322E352C2279223A32372E357D2C7B2278223A35322E352C2279223A32372E357D5D2C226F7574676F696E67223A5B7B227265736F757263654964223A22636F6465724175646974227D5D2C22746172676574223A7B227265736F757263654964223A22636F6465724175646974227D2C2270726F70657274696573223A7B226F766572726964656964223A22666C6F773334227D7D2C7B22626F756E6473223A7B226C6F7765725269676874223A7B2278223A3930302E302C2279223A3138362E307D2C2275707065724C656674223A7B2278223A3739352E302C2279223A3133312E307D7D2C227265736F757263654964223A227465737465724175646974222C226368696C64536861706573223A5B5D2C227374656E63696C223A7B226964223A22557365725461736B227D2C2270726F70657274696573223A7B226F766572726964656964223A227465737465724175646974222C226E616D65223A22E983A8E997A8E5AEA1E689B9222C22666F726D6B6579646566696E6974696F6E223A222F776F726B4F72646572416374696F6E2F7465737465724175646974222C22666F726D70726F70657274696573223A7B22746F74616C436F756E74223A302C226974656D73223A5B5D7D2C227461736B6C697374656E657273223A7B22746F74616C436F756E74223A312C226974656D73223A5B7B227461736B5F6C697374656E65725F6576656E745F74797065223A22637265617465222C227461736B5F6C697374656E65725F64656C65676174655F65787072657373696F6E223A22247B757365724C65616465724C697374656E65727D227D5D7D7D2C226F7574676F696E67223A5B7B227265736F757263654964223A22666C6F773336227D5D7D2C7B22626F756E6473223A7B226C6F7765725269676874223A7B2278223A3137322E302C2279223A3231322E307D2C2275707065724C656674223A7B2278223A3132382E302C2279223A3231322E307D7D2C227265736F757263654964223A22666C6F773335222C226368696C64536861706573223A5B5D2C227374656E63696C223A7B226964223A2253657175656E6365466C6F77227D2C22646F636B657273223A5B7B2278223A35322E352C2279223A32372E357D2C7B2278223A35322E352C2279223A32372E357D5D2C226F7574676F696E67223A5B7B227265736F757263654964223A227465737465724175646974227D5D2C22746172676574223A7B227265736F757263654964223A227465737465724175646974227D2C2270726F70657274696573223A7B226F766572726964656964223A22666C6F773335227D7D2C7B22626F756E6473223A7B226C6F7765725269676874223A7B2278223A3938352E302C2279223A3137392E307D2C2275707065724C656674223A7B2278223A3934352E302C2279223A3133392E307D7D2C227265736F757263654964223A226578636C75736976656761746577617937222C226368696C64536861706573223A5B5D2C227374656E63696C223A7B226964223A224578636C757369766547617465776179227D2C2270726F70657274696573223A7B226F766572726964656964223A226578636C75736976656761746577617937222C226E616D65223A224578636C75736976652047617465776179227D2C226F7574676F696E67223A5B7B227265736F757263654964223A22666C6F773338227D2C7B227265736F757263654964223A22666C6F773439227D5D7D2C7B22626F756E6473223A7B226C6F7765725269676874223A7B2278223A3137322E302C2279223A3231322E307D2C2275707065724C656674223A7B2278223A3132382E302C2279223A3231322E307D7D2C227265736F757263654964223A22666C6F773336222C226368696C64536861706573223A5B5D2C227374656E63696C223A7B226964223A2253657175656E6365466C6F77227D2C22646F636B657273223A5B7B2278223A35322E352C2279223A32372E357D2C7B2278223A32302E302C2279223A32302E307D5D2C226F7574676F696E67223A5B7B227265736F757263654964223A226578636C75736976656761746577617937227D5D2C22746172676574223A7B227265736F757263654964223A226578636C75736976656761746577617937227D2C2270726F70657274696573223A7B226F766572726964656964223A22666C6F773336227D7D2C7B22626F756E6473223A7B226C6F7765725269676874223A7B2278223A313133352E302C2279223A3138352E307D2C2275707065724C656674223A7B2278223A313033302E302C2279223A3133302E307D7D2C227265736F757263654964223A227765626D6173746572222C226368696C64536861706573223A5B5D2C227374656E63696C223A7B226964223A22557365725461736B227D2C2270726F70657274696573223A7B226F766572726964656964223A227765626D6173746572222C226E616D65223A22E8BF90E7BBB4222C22666F726D6B6579646566696E6974696F6E223A222F776F726B4F72646572416374696F6E2F7765626D6173746572222C22666F726D70726F70657274696573223A7B22746F74616C436F756E74223A302C226974656D73223A5B5D7D2C227461736B6C697374656E657273223A7B22746F74616C436F756E74223A312C226974656D73223A5B7B227461736B5F6C697374656E65725F6576656E745F74797065223A22637265617465222C227461736B5F6C697374656E65725F64656C65676174655F65787072657373696F6E223A22247B757365725461736B4C697374656E65727D227D5D7D7D2C226F7574676F696E67223A5B7B227265736F757263654964223A22666C6F773530227D5D7D2C7B22626F756E6473223A7B226C6F7765725269676874223A7B2278223A3930302E302C2279223A3238352E307D2C2275707065724C656674223A7B2278223A3739352E302C2279223A3233302E307D7D2C227265736F757263654964223A22746573746572557064617465222C226368696C64536861706573223A5B5D2C227374656E63696C223A7B226964223A22557365725461736B227D2C2270726F70657274696573223A7B226F766572726964656964223A22746573746572557064617465222C226E616D65223A22E4BFAEE694B9222C22757365727461736B61737369676E6D656E74223A7B22746F74616C436F756E74223A312C226974656D73223A5B7B2261737369676E6D656E745F74797065223A2261737369676E6565222C227265736F7572636561737369676E6D656E7465787072223A22247B74657374657249647D227D5D7D2C22666F726D6B6579646566696E6974696F6E223A222F776F726B4F72646572416374696F6E2F746573746572557064617465222C22666F726D70726F70657274696573223A7B22746F74616C436F756E74223A302C226974656D73223A5B5D7D2C227461736B6C697374656E657273223A7B22746F74616C436F756E74223A302C226974656D73223A5B5D7D7D2C226F7574676F696E67223A5B7B227265736F757263654964223A22666C6F773339227D5D7D2C7B22626F756E6473223A7B226C6F7765725269676874223A7B2278223A3137322E302C2279223A3231322E307D2C2275707065724C656674223A7B2278223A3132382E302C2279223A3231322E307D7D2C227265736F757263654964223A22666C6F773338222C226368696C64536861706573223A5B5D2C227374656E63696C223A7B226964223A2253657175656E6365466C6F77227D2C22646F636B657273223A5B7B2278223A32302E302C2279223A32302E307D2C7B2278223A3936352E302C2279223A3235372E307D2C7B2278223A35322E352C2279223A32372E357D5D2C226F7574676F696E67223A5B7B227265736F757263654964223A22746573746572557064617465227D5D2C22746172676574223A7B227265736F757263654964223A22746573746572557064617465227D2C2270726F70657274696573223A7B226F766572726964656964223A22666C6F773338222C226E616D65223A22E9A9B3E59B9E222C22636F6E646974696F6E73657175656E6365666C6F77223A22247B216973506173737D227D7D2C7B22626F756E6473223A7B226C6F7765725269676874223A7B2278223A3137322E302C2279223A3231322E307D2C2275707065724C656674223A7B2278223A3132382E302C2279223A3231322E307D7D2C227265736F757263654964223A22666C6F773339222C226368696C64536861706573223A5B5D2C227374656E63696C223A7B226964223A2253657175656E6365466C6F77227D2C22646F636B657273223A5B7B2278223A35322E352C2279223A32372E357D2C7B2278223A35322E352C2279223A32372E357D5D2C226F7574676F696E67223A5B7B227265736F757263654964223A227465737465724175646974227D5D2C22746172676574223A7B227265736F757263654964223A227465737465724175646974227D2C2270726F70657274696573223A7B226F766572726964656964223A22666C6F773339227D7D2C7B22626F756E6473223A7B226C6F7765725269676874223A7B2278223A313130322E302C2279223A3333302E307D2C2275707065724C656674223A7B2278223A313036322E302C2279223A3239302E307D7D2C227265736F757263654964223A226578636C75736976656761746577617938222C226368696C64536861706573223A5B5D2C227374656E63696C223A7B226964223A224578636C757369766547617465776179227D2C2270726F70657274696573223A7B226F766572726964656964223A226578636C75736976656761746577617938222C226E616D65223A224578636C75736976652047617465776179227D2C226F7574676F696E67223A5B7B227265736F757263654964223A22666C6F773431227D2C7B227265736F757263654964223A22666C6F773434227D5D7D2C7B22626F756E6473223A7B226C6F7765725269676874223A7B2278223A3137322E302C2279223A3231322E307D2C2275707065724C656674223A7B2278223A3132382E302C2279223A3231322E307D7D2C227265736F757263654964223A22666C6F773431222C226368696C64536861706573223A5B5D2C227374656E63696C223A7B226964223A2253657175656E6365466C6F77227D2C22646F636B657273223A5B7B2278223A32302E302C2279223A32302E307D2C7B2278223A3331322E302C2279223A3330392E307D2C7B2278223A35322E352C2279223A32372E357D5D2C226F7574676F696E67223A5B7B227265736F757263654964223A22636F646572227D5D2C22746172676574223A7B227265736F757263654964223A22636F646572227D2C2270726F70657274696573223A7B226F766572726964656964223A22666C6F773431222C226E616D65223A22E59B9EE6BB9A222C22636F6E646974696F6E73657175656E6365666C6F77223A22247B726F6C6C6261636B7D227D7D2C7B22626F756E6473223A7B226C6F7765725269676874223A7B2278223A3939352E302C2279223A3535302E307D2C2275707065724C656674223A7B2278223A3839302E302C2279223A3439352E307D7D2C227265736F757263654964223A226170706C79436F6E6669726D222C226368696C64536861706573223A5B5D2C227374656E63696C223A7B226964223A22557365725461736B227D2C2270726F70657274696573223A7B226F766572726964656964223A226170706C79436F6E6669726D222C226E616D65223A22E58F91E8B5B7E4BABAE7A1AEE8AEA4222C22757365727461736B61737369676E6D656E74223A7B22746F74616C436F756E74223A312C226974656D73223A5B7B2261737369676E6D656E745F74797065223A2261737369676E6565222C227265736F7572636561737369676E6D656E7465787072223A22247B6170706C795573657249647D227D5D7D2C22666F726D6B6579646566696E6974696F6E223A222F776F726B4F72646572416374696F6E2F776F726B4F72646572566572696679222C22666F726D70726F70657274696573223A7B22746F74616C436F756E74223A302C226974656D73223A5B5D7D2C227461736B6C697374656E657273223A7B22746F74616C436F756E74223A302C226974656D73223A5B5D7D7D2C226F7574676F696E67223A5B7B227265736F757263654964223A22666C6F773433227D5D7D2C7B22626F756E6473223A7B226C6F7765725269676874223A7B2278223A3833302E302C2279223A3534302E307D2C2275707065724C656674223A7B2278223A3739352E302C2279223A3530352E307D7D2C227265736F757263654964223A22656E646576656E7432222C226368696C64536861706573223A5B5D2C227374656E63696C223A7B226964223A22456E644E6F6E654576656E74227D2C2270726F70657274696573223A7B226F766572726964656964223A22656E646576656E7432222C226E616D65223A22456E64227D2C226F7574676F696E67223A5B5D7D2C7B22626F756E6473223A7B226C6F7765725269676874223A7B2278223A3137322E302C2279223A3231322E307D2C2275707065724C656674223A7B2278223A3132382E302C2279223A3231322E307D7D2C227265736F757263654964223A22666C6F773433222C226368696C64536861706573223A5B5D2C227374656E63696C223A7B226964223A2253657175656E6365466C6F77227D2C22646F636B657273223A5B7B2278223A35322E352C2279223A32372E357D2C7B2278223A31372E352C2279223A31372E357D5D2C226F7574676F696E67223A5B7B227265736F757263654964223A22656E646576656E7432227D5D2C22746172676574223A7B227265736F757263654964223A22656E646576656E7432227D2C2270726F70657274696573223A7B226F766572726964656964223A22666C6F773433227D7D2C7B22626F756E6473223A7B226C6F7765725269676874223A7B2278223A313133352E302C2279223A3431352E307D2C2275707065724C656674223A7B2278223A313033302E302C2279223A3336302E307D7D2C227265736F757263654964223A227765626D61737465724175646974222C226368696C64536861706573223A5B5D2C227374656E63696C223A7B226964223A22557365725461736B227D2C2270726F70657274696573223A7B226F766572726964656964223A227765626D61737465724175646974222C226E616D65223A22E983A8E997A8E5AEA1E6A0B8222C22666F726D6B6579646566696E6974696F6E223A222F776F726B4F72646572416374696F6E2F7765626D61737465724175646974222C22666F726D70726F70657274696573223A7B22746F74616C436F756E74223A302C226974656D73223A5B5D7D2C227461736B6C697374656E657273223A7B22746F74616C436F756E74223A312C226974656D73223A5B7B227461736B5F6C697374656E65725F6576656E745F74797065223A22637265617465222C227461736B5F6C697374656E65725F64656C65676174655F65787072657373696F6E223A22247B757365724C65616465724C697374656E65727D227D5D7D7D2C226F7574676F696E67223A5B7B227265736F757263654964223A22666C6F773435227D5D7D2C7B22626F756E6473223A7B226C6F7765725269676874223A7B2278223A3137322E302C2279223A3231322E307D2C2275707065724C656674223A7B2278223A3132382E302C2279223A3231322E307D7D2C227265736F757263654964223A22666C6F773434222C226368696C64536861706573223A5B5D2C227374656E63696C223A7B226964223A2253657175656E6365466C6F77227D2C22646F636B657273223A5B7B2278223A32302E302C2279223A32302E307D2C7B2278223A35322E352C2279223A32372E357D5D2C226F7574676F696E67223A5B7B227265736F757263654964223A227765626D61737465724175646974227D5D2C22746172676574223A7B227265736F757263654964223A227765626D61737465724175646974227D2C2270726F70657274696573223A7B226F766572726964656964223A22666C6F773434222C22636F6E646974696F6E73657175656E6365666C6F77223A22247B21726F6C6C6261636B7D227D7D2C7B22626F756E6473223A7B226C6F7765725269676874223A7B2278223A313130322E302C2279223A3437332E307D2C2275707065724C656674223A7B2278223A313036322E302C2279223A3433332E307D7D2C227265736F757263654964223A226578636C75736976656761746577617939222C226368696C64536861706573223A5B5D2C227374656E63696C223A7B226964223A224578636C757369766547617465776179227D2C2270726F70657274696573223A7B226F766572726964656964223A226578636C75736976656761746577617939222C226E616D65223A224578636C75736976652047617465776179227D2C226F7574676F696E67223A5B7B227265736F757263654964223A22666C6F773436227D2C7B227265736F757263654964223A22666C6F773438227D5D7D2C7B22626F756E6473223A7B226C6F7765725269676874223A7B2278223A3137322E302C2279223A3231322E307D2C2275707065724C656674223A7B2278223A3132382E302C2279223A3231322E307D7D2C227265736F757263654964223A22666C6F773435222C226368696C64536861706573223A5B5D2C227374656E63696C223A7B226964223A2253657175656E6365466C6F77227D2C22646F636B657273223A5B7B2278223A35322E352C2279223A32372E357D2C7B2278223A32302E302C2279223A32302E307D5D2C226F7574676F696E67223A5B7B227265736F757263654964223A226578636C75736976656761746577617939227D5D2C22746172676574223A7B227265736F757263654964223A226578636C75736976656761746577617939227D2C2270726F70657274696573223A7B226F766572726964656964223A22666C6F773435227D7D2C7B22626F756E6473223A7B226C6F7765725269676874223A7B2278223A3939352E302C2279223A3438312E307D2C2275707065724C656674223A7B2278223A3839302E302C2279223A3432362E307D7D2C227265736F757263654964223A227765626D6173746572557064617465222C226368696C64536861706573223A5B5D2C227374656E63696C223A7B226964223A22557365725461736B227D2C2270726F70657274696573223A7B226F766572726964656964223A227765626D6173746572557064617465222C226E616D65223A22E4BFAEE694B9222C22757365727461736B61737369676E6D656E74223A7B22746F74616C436F756E74223A312C226974656D73223A5B7B2261737369676E6D656E745F74797065223A2261737369676E6565222C227265736F7572636561737369676E6D656E7465787072223A22247B7765626D617374657249647D227D5D7D2C22666F726D6B6579646566696E6974696F6E223A222F776F726B4F72646572416374696F6E2F7765626D6173746572557064617465222C22666F726D70726F70657274696573223A7B22746F74616C436F756E74223A302C226974656D73223A5B5D7D2C227461736B6C697374656E657273223A7B22746F74616C436F756E74223A302C226974656D73223A5B5D7D7D2C226F7574676F696E67223A5B7B227265736F757263654964223A22666C6F773437227D5D7D2C7B22626F756E6473223A7B226C6F7765725269676874223A7B2278223A3137322E302C2279223A3231322E307D2C2275707065724C656674223A7B2278223A3132382E302C2279223A3231322E307D7D2C227265736F757263654964223A22666C6F773436222C226368696C64536861706573223A5B5D2C227374656E63696C223A7B226964223A2253657175656E6365466C6F77227D2C22646F636B657273223A5B7B2278223A32302E302C2279223A32302E307D2C7B2278223A35322E352C2279223A32372E357D5D2C226F7574676F696E67223A5B7B227265736F757263654964223A227765626D6173746572557064617465227D5D2C22746172676574223A7B227265736F757263654964223A227765626D6173746572557064617465227D2C2270726F70657274696573223A7B226F766572726964656964223A22666C6F773436222C226E616D65223A22E9A9B3E59B9E227D7D2C7B22626F756E6473223A7B226C6F7765725269676874223A7B2278223A3137322E302C2279223A3231322E307D2C2275707065724C656674223A7B2278223A3132382E302C2279223A3231322E307D7D2C227265736F757263654964223A22666C6F773437222C226368696C64536861706573223A5B5D2C227374656E63696C223A7B226964223A2253657175656E6365466C6F77227D2C22646F636B657273223A5B7B2278223A35322E352C2279223A32372E357D2C7B2278223A3934322E302C2279223A3338372E307D2C7B2278223A35322E352C2279223A32372E357D5D2C226F7574676F696E67223A5B7B227265736F757263654964223A227765626D61737465724175646974227D5D2C22746172676574223A7B227265736F757263654964223A227765626D61737465724175646974227D2C2270726F70657274696573223A7B226F766572726964656964223A22666C6F773437227D7D2C7B22626F756E6473223A7B226C6F7765725269676874223A7B2278223A3137322E302C2279223A3231322E307D2C2275707065724C656674223A7B2278223A3132382E302C2279223A3231322E307D7D2C227265736F757263654964223A22666C6F773438222C226368696C64536861706573223A5B5D2C227374656E63696C223A7B226964223A2253657175656E6365466C6F77227D2C22646F636B657273223A5B7B2278223A32302E302C2279223A32302E307D2C7B2278223A313038312E302C2279223A3532322E307D2C7B2278223A35322E352C2279223A32372E357D5D2C226F7574676F696E67223A5B7B227265736F757263654964223A226170706C79436F6E6669726D227D5D2C22746172676574223A7B227265736F757263654964223A226170706C79436F6E6669726D227D2C2270726F70657274696573223A7B226F766572726964656964223A22666C6F773438222C226E616D65223A22E9809AE8BF87227D7D2C7B22626F756E6473223A7B226C6F7765725269676874223A7B2278223A3137322E302C2279223A3231322E307D2C2275707065724C656674223A7B2278223A3132382E302C2279223A3231322E307D7D2C227265736F757263654964223A22666C6F773439222C226368696C64536861706573223A5B5D2C227374656E63696C223A7B226964223A2253657175656E6365466C6F77227D2C22646F636B657273223A5B7B2278223A32302E302C2279223A32302E307D2C7B2278223A35322E352C2279223A32372E357D5D2C226F7574676F696E67223A5B7B227265736F757263654964223A227765626D6173746572227D5D2C22746172676574223A7B227265736F757263654964223A227765626D6173746572227D2C2270726F70657274696573223A7B226F766572726964656964223A22666C6F773439222C226E616D65223A22E9809AE8BF87227D7D2C7B22626F756E6473223A7B226C6F7765725269676874223A7B2278223A3137322E302C2279223A3231322E307D2C2275707065724C656674223A7B2278223A3132382E302C2279223A3231322E307D7D2C227265736F757263654964223A22666C6F773530222C226368696C64536861706573223A5B5D2C227374656E63696C223A7B226964223A2253657175656E6365466C6F77227D2C22646F636B657273223A5B7B2278223A35322E352C2279223A32372E357D2C7B2278223A32302E302C2279223A32302E307D5D2C226F7574676F696E67223A5B7B227265736F757263654964223A226578636C75736976656761746577617938227D5D2C22746172676574223A7B227265736F757263654964223A226578636C75736976656761746577617938227D2C2270726F70657274696573223A7B226F766572726964656964223A22666C6F773530227D7D5D7D, null);

-- ----------------------------
-- Table structure for `act_ge_property`
-- ----------------------------
DROP TABLE IF EXISTS `act_ge_property`;
CREATE TABLE `act_ge_property` (
  `NAME_` varchar(64) COLLATE utf8_bin NOT NULL,
  `VALUE_` varchar(300) COLLATE utf8_bin DEFAULT NULL,
  `REV_` int(11) DEFAULT NULL,
  PRIMARY KEY (`NAME_`)
) ENGINE=InnoDB DEFAULT CHARSET=utf8 COLLATE=utf8_bin;

-- ----------------------------
-- Records of act_ge_property
-- ----------------------------
INSERT INTO `act_ge_property` VALUES ('next.dbid', '227501', '92');
INSERT INTO `act_ge_property` VALUES ('schema.history', 'create(5.16)', '1');
INSERT INTO `act_ge_property` VALUES ('schema.version', '5.16', '1');

-- ----------------------------
-- Table structure for `act_hi_actinst`
-- ----------------------------
DROP TABLE IF EXISTS `act_hi_actinst`;
CREATE TABLE `act_hi_actinst` (
  `ID_` varchar(64) COLLATE utf8_bin NOT NULL,
  `PROC_DEF_ID_` varchar(64) COLLATE utf8_bin NOT NULL,
  `PROC_INST_ID_` varchar(64) COLLATE utf8_bin NOT NULL,
  `EXECUTION_ID_` varchar(64) COLLATE utf8_bin NOT NULL,
  `ACT_ID_` varchar(255) COLLATE utf8_bin NOT NULL,
  `TASK_ID_` varchar(64) COLLATE utf8_bin DEFAULT NULL,
  `CALL_PROC_INST_ID_` varchar(64) COLLATE utf8_bin DEFAULT NULL,
  `ACT_NAME_` varchar(255) COLLATE utf8_bin DEFAULT NULL,
  `ACT_TYPE_` varchar(255) COLLATE utf8_bin NOT NULL,
  `ASSIGNEE_` varchar(255) COLLATE utf8_bin DEFAULT NULL,
  `START_TIME_` datetime(3) NOT NULL,
  `END_TIME_` datetime(3) DEFAULT NULL,
  `DURATION_` bigint(20) DEFAULT NULL,
  `TENANT_ID_` varchar(255) COLLATE utf8_bin DEFAULT '',
  PRIMARY KEY (`ID_`),
  KEY `ACT_IDX_HI_ACT_INST_START` (`START_TIME_`),
  KEY `ACT_IDX_HI_ACT_INST_END` (`END_TIME_`),
  KEY `ACT_IDX_HI_ACT_INST_PROCINST` (`PROC_INST_ID_`,`ACT_ID_`),
  KEY `ACT_IDX_HI_ACT_INST_EXEC` (`EXECUTION_ID_`,`ACT_ID_`)
) ENGINE=InnoDB DEFAULT CHARSET=utf8 COLLATE=utf8_bin;

-- ----------------------------
-- Records of act_hi_actinst
-- ----------------------------
INSERT INTO `act_hi_actinst` VALUES ('202503', 'WorkOrder:1:200020', '202501', '202501', 'startevent2', null, null, 'Start', 'startEvent', null, '2018-07-31 08:52:35.250', '2018-07-31 08:52:35.845', '595', '');
INSERT INTO `act_hi_actinst` VALUES ('202511', 'WorkOrder:1:200020', '202501', '202501', 'businessAudit', '202512', null, '', 'userTask', '20', '2018-07-31 08:52:35.854', '2018-07-31 09:21:46.625', '1750771', '');
INSERT INTO `act_hi_actinst` VALUES ('205003', 'WorkOrder:1:200020', '202501', '202501', 'exclusivegateway5', null, null, 'Exclusive Gateway', 'exclusiveGateway', null, '2018-07-31 09:21:46.626', '2018-07-31 09:21:46.627', '1', '');
INSERT INTO `act_hi_actinst` VALUES ('205004', 'WorkOrder:1:200020', '202501', '202501', 'coder', '205005', null, '', 'userTask', '20', '2018-07-31 09:21:46.628', '2018-07-31 09:22:50.023', '63395', '');
INSERT INTO `act_hi_actinst` VALUES ('205006', 'WorkOrder:1:200020', '202501', '202501', 'coderAudit', '205007', null, '', 'userTask', '20', '2018-07-31 09:22:50.024', '2018-07-31 09:24:07.602', '77578', '');
INSERT INTO `act_hi_actinst` VALUES ('205009', 'WorkOrder:1:200020', '202501', '202501', 'exclusivegateway6', null, null, 'Exclusive Gateway', 'exclusiveGateway', null, '2018-07-31 09:24:07.604', '2018-07-31 09:24:07.606', '2', '');
INSERT INTO `act_hi_actinst` VALUES ('205010', 'WorkOrder:1:200020', '202501', '202501', 'tester', '205011', null, '', 'userTask', null, '2018-07-31 09:24:07.608', null, null, '');
INSERT INTO `act_hi_actinst` VALUES ('207503', 'WorkOrder:1:200020', '207501', '207501', 'startevent2', null, null, 'Start', 'startEvent', null, '2018-07-31 09:28:42.344', '2018-07-31 09:28:42.375', '31', '');
INSERT INTO `act_hi_actinst` VALUES ('207511', 'WorkOrder:1:200020', '207501', '207501', 'businessAudit', '207512', null, '', 'userTask', '20', '2018-07-31 09:28:42.376', '2018-07-31 09:35:19.973', '397597', '');
INSERT INTO `act_hi_actinst` VALUES ('207515', 'WorkOrder:1:200020', '207501', '207501', 'exclusivegateway5', null, null, 'Exclusive Gateway', 'exclusiveGateway', null, '2018-07-31 09:35:19.974', '2018-07-31 09:35:19.977', '3', '');
INSERT INTO `act_hi_actinst` VALUES ('207516', 'WorkOrder:1:200020', '207501', '207501', 'coder', '207517', null, '', 'userTask', '20', '2018-07-31 09:35:19.978', null, null, '');
INSERT INTO `act_hi_actinst` VALUES ('207520', 'WorkOrder:1:200020', '207518', '207518', 'startevent2', null, null, 'Start', 'startEvent', null, '2018-07-31 09:39:06.904', '2018-07-31 09:39:06.919', '15', '');
INSERT INTO `act_hi_actinst` VALUES ('207528', 'WorkOrder:1:200020', '207518', '207518', 'businessAudit', '207529', null, '', 'userTask', '20', '2018-07-31 09:39:06.921', null, null, '');
INSERT INTO `act_hi_actinst` VALUES ('210003', 'WorkOrder:1:200020', '210001', '210001', 'startevent2', null, null, 'Start', 'startEvent', null, '2018-07-31 09:43:27.101', '2018-07-31 09:43:27.137', '36', '');
INSERT INTO `act_hi_actinst` VALUES ('210011', 'WorkOrder:1:200020', '210001', '210001', 'businessAudit', '210012', null, '', 'userTask', '20', '2018-07-31 09:43:27.138', '2018-07-31 09:46:44.741', '197603', '');
INSERT INTO `act_hi_actinst` VALUES ('212503', 'WorkOrder:1:200020', '210001', '210001', 'exclusivegateway5', null, null, 'Exclusive Gateway', 'exclusiveGateway', null, '2018-07-31 09:46:44.742', '2018-07-31 09:46:44.743', '1', '');
INSERT INTO `act_hi_actinst` VALUES ('212504', 'WorkOrder:1:200020', '210001', '210001', 'coder', '212505', null, '', 'userTask', '20', '2018-07-31 09:46:44.744', '2018-07-31 09:47:06.721', '21977', '');
INSERT INTO `act_hi_actinst` VALUES ('212506', 'WorkOrder:1:200020', '210001', '210001', 'coderAudit', '212507', null, '', 'userTask', '20', '2018-07-31 09:47:06.721', '2018-07-31 09:47:18.231', '11510', '');
INSERT INTO `act_hi_actinst` VALUES ('212509', 'WorkOrder:1:200020', '210001', '210001', 'exclusivegateway6', null, null, 'Exclusive Gateway', 'exclusiveGateway', null, '2018-07-31 09:47:18.232', '2018-07-31 09:47:18.234', '2', '');
INSERT INTO `act_hi_actinst` VALUES ('212510', 'WorkOrder:1:200020', '210001', '210001', 'tester', '212511', null, '', 'userTask', '23', '2018-07-31 09:47:18.235', '2018-07-31 09:48:29.302', '71067', '');
INSERT INTO `act_hi_actinst` VALUES ('212516', 'WorkOrder:1:200020', '210001', '210001', 'exclusivegateway9', null, null, 'Exclusive Gateway', 'exclusiveGateway', null, '2018-07-31 09:48:29.303', '2018-07-31 09:48:29.305', '2', '');
INSERT INTO `act_hi_actinst` VALUES ('212517', 'WorkOrder:1:200020', '210001', '210001', 'commiter', '212518', null, '', 'userTask', '23', '2018-07-31 09:48:29.305', '2018-07-31 09:48:54.528', '25223', '');
INSERT INTO `act_hi_actinst` VALUES ('212522', 'WorkOrder:1:200020', '210001', '210001', 'exclusivegateway13', null, null, 'Exclusive Gateway', 'exclusiveGateway', null, '2018-07-31 09:48:54.529', '2018-07-31 09:48:54.530', '1', '');
INSERT INTO `act_hi_actinst` VALUES ('212523', 'WorkOrder:1:200020', '210001', '210001', 'testerAudit', '212524', null, '', 'userTask', '23', '2018-07-31 09:48:54.531', '2018-07-31 09:49:06.470', '11939', '');
INSERT INTO `act_hi_actinst` VALUES ('212526', 'WorkOrder:1:200020', '210001', '210001', 'exclusivegateway11', null, null, 'Exclusive Gateway', 'exclusiveGateway', null, '2018-07-31 09:49:06.470', '2018-07-31 09:49:06.471', '1', '');
INSERT INTO `act_hi_actinst` VALUES ('212527', 'WorkOrder:1:200020', '210001', '210001', 'webmaster', '212528', null, '', 'userTask', '25', '2018-07-31 09:49:06.472', '2018-07-31 09:49:51.521', '45049', '');
INSERT INTO `act_hi_actinst` VALUES ('212532', 'WorkOrder:1:200020', '210001', '210001', 'exclusivegateway12', null, null, 'Exclusive Gateway', 'exclusiveGateway', null, '2018-07-31 09:49:51.522', '2018-07-31 09:49:51.523', '1', '');
INSERT INTO `act_hi_actinst` VALUES ('212533', 'WorkOrder:1:200020', '210001', '210001', 'webmasterAudit', '212534', null, '', 'userTask', '25', '2018-07-31 09:49:51.524', '2018-07-31 09:49:57.759', '6235', '');
INSERT INTO `act_hi_actinst` VALUES ('212536', 'WorkOrder:1:200020', '210001', '210001', 'applyConfirm', '212537', null, '', 'userTask', '20', '2018-07-31 09:49:57.760', '2018-07-31 09:50:23.057', '25297', '');
INSERT INTO `act_hi_actinst` VALUES ('212539', 'WorkOrder:1:200020', '210001', '210001', 'endevent2', null, null, 'End', 'endEvent', null, '2018-07-31 09:50:23.058', '2018-07-31 09:50:23.060', '2', '');
INSERT INTO `act_hi_actinst` VALUES ('215003', 'WorkOrder:1:200020', '215001', '215001', 'startevent2', null, null, 'Start', 'startEvent', null, '2018-07-31 10:13:50.287', '2018-07-31 10:13:50.341', '54', '');
INSERT INTO `act_hi_actinst` VALUES ('215011', 'WorkOrder:1:200020', '215001', '215001', 'businessAudit', '215012', null, '', 'userTask', '20', '2018-07-31 10:13:50.342', '2018-07-31 10:14:19.088', '28746', '');
INSERT INTO `act_hi_actinst` VALUES ('215015', 'WorkOrder:1:200020', '215001', '215001', 'exclusivegateway5', null, null, 'Exclusive Gateway', 'exclusiveGateway', null, '2018-07-31 10:14:19.089', '2018-07-31 10:14:19.090', '1', '');
INSERT INTO `act_hi_actinst` VALUES ('215016', 'WorkOrder:1:200020', '215001', '215001', 'coder', '215017', null, '', 'userTask', '20', '2018-07-31 10:14:19.091', '2018-07-31 10:14:31.110', '12019', '');
INSERT INTO `act_hi_actinst` VALUES ('215018', 'WorkOrder:1:200020', '215001', '215001', 'coderAudit', '215019', null, '', 'userTask', '20', '2018-07-31 10:14:31.111', '2018-07-31 10:14:40.578', '9467', '');
INSERT INTO `act_hi_actinst` VALUES ('215021', 'WorkOrder:1:200020', '215001', '215001', 'exclusivegateway6', null, null, 'Exclusive Gateway', 'exclusiveGateway', null, '2018-07-31 10:14:40.578', '2018-07-31 10:14:40.579', '1', '');
INSERT INTO `act_hi_actinst` VALUES ('215022', 'WorkOrder:1:200020', '215001', '215001', 'tester', '215023', null, '', 'userTask', '23', '2018-07-31 10:14:40.580', '2018-07-31 10:15:45.207', '64627', '');
INSERT INTO `act_hi_actinst` VALUES ('215028', 'WorkOrder:1:200020', '215001', '215001', 'exclusivegateway9', null, null, 'Exclusive Gateway', 'exclusiveGateway', null, '2018-07-31 10:15:45.208', '2018-07-31 10:15:45.209', '1', '');
INSERT INTO `act_hi_actinst` VALUES ('215029', 'WorkOrder:1:200020', '215001', '215001', 'commiter', '215030', null, '', 'userTask', '23', '2018-07-31 10:15:45.209', '2018-07-31 10:15:59.443', '14234', '');
INSERT INTO `act_hi_actinst` VALUES ('215034', 'WorkOrder:1:200020', '215001', '215001', 'exclusivegateway13', null, null, 'Exclusive Gateway', 'exclusiveGateway', null, '2018-07-31 10:15:59.444', '2018-07-31 10:15:59.446', '2', '');
INSERT INTO `act_hi_actinst` VALUES ('215035', 'WorkOrder:1:200020', '215001', '215001', 'testerAudit', '215036', null, '', 'userTask', '23', '2018-07-31 10:15:59.446', '2018-07-31 10:16:08.365', '8919', '');
INSERT INTO `act_hi_actinst` VALUES ('215038', 'WorkOrder:1:200020', '215001', '215001', 'exclusivegateway11', null, null, 'Exclusive Gateway', 'exclusiveGateway', null, '2018-07-31 10:16:08.366', '2018-07-31 10:16:08.367', '1', '');
INSERT INTO `act_hi_actinst` VALUES ('215039', 'WorkOrder:1:200020', '215001', '215001', 'webmaster', '215040', null, '', 'userTask', '25', '2018-07-31 10:16:08.368', '2018-07-31 10:16:48.336', '39968', '');
INSERT INTO `act_hi_actinst` VALUES ('215044', 'WorkOrder:1:200020', '215001', '215001', 'exclusivegateway12', null, null, 'Exclusive Gateway', 'exclusiveGateway', null, '2018-07-31 10:16:48.337', '2018-07-31 10:16:48.338', '1', '');
INSERT INTO `act_hi_actinst` VALUES ('215045', 'WorkOrder:1:200020', '215001', '215001', 'webmasterAudit', '215046', null, '', 'userTask', '25', '2018-07-31 10:16:48.339', '2018-07-31 10:16:52.441', '4102', '');
INSERT INTO `act_hi_actinst` VALUES ('215048', 'WorkOrder:1:200020', '215001', '215001', 'applyConfirm', '215049', null, '', 'userTask', '20', '2018-07-31 10:16:52.442', '2018-07-31 10:17:32.417', '39975', '');
INSERT INTO `act_hi_actinst` VALUES ('215051', 'WorkOrder:1:200020', '215001', '215001', 'endevent2', null, null, 'End', 'endEvent', null, '2018-07-31 10:17:32.418', '2018-07-31 10:17:32.418', '0', '');
INSERT INTO `act_hi_actinst` VALUES ('217503', 'WorkOrder:1:200020', '217501', '217501', 'startevent2', null, null, 'Start', 'startEvent', null, '2018-07-31 11:02:10.021', '2018-07-31 11:02:10.069', '48', '');
INSERT INTO `act_hi_actinst` VALUES ('217511', 'WorkOrder:1:200020', '217501', '217501', 'businessAudit', '217512', null, '', 'userTask', '20', '2018-07-31 11:02:10.070', '2018-07-31 11:07:59.348', '349278', '');
INSERT INTO `act_hi_actinst` VALUES ('217515', 'WorkOrder:1:200020', '217501', '217501', 'exclusivegateway5', null, null, 'Exclusive Gateway', 'exclusiveGateway', null, '2018-07-31 11:07:59.349', '2018-07-31 11:07:59.350', '1', '');
INSERT INTO `act_hi_actinst` VALUES ('217516', 'WorkOrder:1:200020', '217501', '217501', 'coder', '217517', null, '', 'userTask', '20', '2018-07-31 11:07:59.351', '2018-07-31 11:08:45.432', '46081', '');
INSERT INTO `act_hi_actinst` VALUES ('217518', 'WorkOrder:1:200020', '217501', '217501', 'coderAudit', '217519', null, '', 'userTask', '20', '2018-07-31 11:08:45.433', '2018-07-31 11:08:54.167', '8734', '');
INSERT INTO `act_hi_actinst` VALUES ('217521', 'WorkOrder:1:200020', '217501', '217501', 'exclusivegateway6', null, null, 'Exclusive Gateway', 'exclusiveGateway', null, '2018-07-31 11:08:54.168', '2018-07-31 11:08:54.169', '1', '');
INSERT INTO `act_hi_actinst` VALUES ('217522', 'WorkOrder:1:200020', '217501', '217501', 'tester', '217523', null, '', 'userTask', null, '2018-07-31 11:08:54.169', null, null, '');
INSERT INTO `act_hi_actinst` VALUES ('225003', 'WorkOrder:1:200020', '225001', '225001', 'startevent2', null, null, 'Start', 'startEvent', null, '2018-08-03 10:53:22.159', '2018-08-03 10:53:22.219', '60', '');
INSERT INTO `act_hi_actinst` VALUES ('225011', 'WorkOrder:1:200020', '225001', '225001', 'businessAudit', '225012', null, '', 'userTask', '20', '2018-08-03 10:53:22.220', '2018-08-03 10:53:48.949', '26729', '');
INSERT INTO `act_hi_actinst` VALUES ('225015', 'WorkOrder:1:200020', '225001', '225001', 'exclusivegateway5', null, null, 'Exclusive Gateway', 'exclusiveGateway', null, '2018-08-03 10:53:48.950', '2018-08-03 10:53:48.951', '1', '');
INSERT INTO `act_hi_actinst` VALUES ('225016', 'WorkOrder:1:200020', '225001', '225001', 'coder', '225017', null, '', 'userTask', '33', '2018-08-03 10:53:48.952', '2018-08-03 10:54:49.719', '60767', '');
INSERT INTO `act_hi_actinst` VALUES ('225021', 'WorkOrder:1:200020', '225001', '225001', 'coderAudit', '225022', null, '', 'userTask', '33', '2018-08-03 10:54:49.720', '2018-08-03 10:55:11.033', '21313', '');
INSERT INTO `act_hi_actinst` VALUES ('225024', 'WorkOrder:1:200020', '225001', '225001', 'exclusivegateway6', null, null, 'Exclusive Gateway', 'exclusiveGateway', null, '2018-08-03 10:55:11.034', '2018-08-03 10:55:11.035', '1', '');
INSERT INTO `act_hi_actinst` VALUES ('225025', 'WorkOrder:1:200020', '225001', '225001', 'tester', '225026', null, '', 'userTask', null, '2018-08-03 10:55:11.036', null, null, '');

-- ----------------------------
-- Table structure for `act_hi_attachment`
-- ----------------------------
DROP TABLE IF EXISTS `act_hi_attachment`;
CREATE TABLE `act_hi_attachment` (
  `ID_` varchar(64) COLLATE utf8_bin NOT NULL,
  `REV_` int(11) DEFAULT NULL,
  `USER_ID_` varchar(255) COLLATE utf8_bin DEFAULT NULL,
  `NAME_` varchar(255) COLLATE utf8_bin DEFAULT NULL,
  `DESCRIPTION_` varchar(4000) COLLATE utf8_bin DEFAULT NULL,
  `TYPE_` varchar(255) COLLATE utf8_bin DEFAULT NULL,
  `TASK_ID_` varchar(64) COLLATE utf8_bin DEFAULT NULL,
  `PROC_INST_ID_` varchar(64) COLLATE utf8_bin DEFAULT NULL,
  `URL_` varchar(4000) COLLATE utf8_bin DEFAULT NULL,
  `CONTENT_ID_` varchar(64) COLLATE utf8_bin DEFAULT NULL,
  PRIMARY KEY (`ID_`)
) ENGINE=InnoDB DEFAULT CHARSET=utf8 COLLATE=utf8_bin;

-- ----------------------------
-- Records of act_hi_attachment
-- ----------------------------

-- ----------------------------
-- Table structure for `act_hi_comment`
-- ----------------------------
DROP TABLE IF EXISTS `act_hi_comment`;
CREATE TABLE `act_hi_comment` (
  `ID_` varchar(64) COLLATE utf8_bin NOT NULL,
  `TYPE_` varchar(255) COLLATE utf8_bin DEFAULT NULL,
  `TIME_` datetime(3) NOT NULL,
  `USER_ID_` varchar(255) COLLATE utf8_bin DEFAULT NULL,
  `TASK_ID_` varchar(64) COLLATE utf8_bin DEFAULT NULL,
  `PROC_INST_ID_` varchar(64) COLLATE utf8_bin DEFAULT NULL,
  `ACTION_` varchar(255) COLLATE utf8_bin DEFAULT NULL,
  `MESSAGE_` varchar(4000) COLLATE utf8_bin DEFAULT NULL,
  `FULL_MSG_` longblob,
  PRIMARY KEY (`ID_`)
) ENGINE=InnoDB DEFAULT CHARSET=utf8 COLLATE=utf8_bin;

-- ----------------------------
-- Records of act_hi_comment
-- ----------------------------
INSERT INTO `act_hi_comment` VALUES ('205001', 'comment', '2018-07-31 09:21:46.369', '20', '202512', '202501', 'AddComment', '', 0xE5908CE6848F);
INSERT INTO `act_hi_comment` VALUES ('205008', 'comment', '2018-07-31 09:24:07.332', '20', '205007', '202501', 'AddComment', '', 0xE5908CE6848F);
INSERT INTO `act_hi_comment` VALUES ('207513', 'comment', '2018-07-31 09:35:19.814', '20', '207512', '207501', 'AddComment', '', 0xE9809AE8BF87);
INSERT INTO `act_hi_comment` VALUES ('212501', 'comment', '2018-07-31 09:46:43.758', '20', '210012', '210001', 'AddComment', '', 0xE5908CE6848F);
INSERT INTO `act_hi_comment` VALUES ('212508', 'comment', '2018-07-31 09:47:18.112', '20', '212507', '210001', 'AddComment', '', 0xE5908CE6848F);
INSERT INTO `act_hi_comment` VALUES ('212514', 'comment', '2018-07-31 09:48:29.100', '23', '212511', '210001', 'AddComment', '', 0xE5908CE6848F);
INSERT INTO `act_hi_comment` VALUES ('212520', 'comment', '2018-07-31 09:48:54.472', '23', '212518', '210001', 'AddComment', '', 0xE5908CE6848F);
INSERT INTO `act_hi_comment` VALUES ('212525', 'comment', '2018-07-31 09:49:06.366', '23', '212524', '210001', 'AddComment', '', 0xE5908CE6848F);
INSERT INTO `act_hi_comment` VALUES ('212531', 'comment', '2018-07-31 09:49:51.451', '25', '212528', '210001', 'AddComment', '', 0xE5908CE6848F);
INSERT INTO `act_hi_comment` VALUES ('212535', 'comment', '2018-07-31 09:49:57.652', '25', '212534', '210001', 'AddComment', '', '');
INSERT INTO `act_hi_comment` VALUES ('212538', 'comment', '2018-07-31 09:50:22.965', '20', '212537', '210001', 'AddComment', '', '');
INSERT INTO `act_hi_comment` VALUES ('215013', 'comment', '2018-07-31 10:14:19.037', '20', '215012', '215001', 'AddComment', '', 0xE5908CE6848F);
INSERT INTO `act_hi_comment` VALUES ('215020', 'comment', '2018-07-31 10:14:40.536', '20', '215019', '215001', 'AddComment', '', 0xE5908CE6848F);
INSERT INTO `act_hi_comment` VALUES ('215026', 'comment', '2018-07-31 10:15:45.141', '23', '215023', '215001', 'AddComment', '', 0xE5908CE6848F);
INSERT INTO `act_hi_comment` VALUES ('215032', 'comment', '2018-07-31 10:15:59.330', '23', '215030', '215001', 'AddComment', '', 0xE5908CE6848F);
INSERT INTO `act_hi_comment` VALUES ('215037', 'comment', '2018-07-31 10:16:08.249', '23', '215036', '215001', 'AddComment', '', 0xE5908CE6848F);
INSERT INTO `act_hi_comment` VALUES ('215043', 'comment', '2018-07-31 10:16:48.287', '25', '215040', '215001', 'AddComment', '', 0xE5908CE6848F);
INSERT INTO `act_hi_comment` VALUES ('215047', 'comment', '2018-07-31 10:16:52.400', '25', '215046', '215001', 'AddComment', '', '');
INSERT INTO `act_hi_comment` VALUES ('215050', 'comment', '2018-07-31 10:17:32.327', '20', '215049', '215001', 'AddComment', '', '');
INSERT INTO `act_hi_comment` VALUES ('217513', 'comment', '2018-07-31 11:07:59.234', '20', '217512', '217501', 'AddComment', '', 0xE5908CE6848F);
INSERT INTO `act_hi_comment` VALUES ('217520', 'comment', '2018-07-31 11:08:54.102', '20', '217519', '217501', 'AddComment', '', 0xE5908CE6848F);
INSERT INTO `act_hi_comment` VALUES ('225013', 'comment', '2018-08-03 10:53:48.742', '20', '225012', '225001', 'AddComment', 'sssf', 0x73737366);
INSERT INTO `act_hi_comment` VALUES ('225019', 'event', '2018-08-03 10:54:12.131', null, '225017', null, 'AddUserLink', '33_|_assignee', null);
INSERT INTO `act_hi_comment` VALUES ('225020', 'event', '2018-08-03 10:54:12.370', null, '225017', null, 'AddUserLink', '20_|_owner', null);
INSERT INTO `act_hi_comment` VALUES ('225023', 'comment', '2018-08-03 10:55:10.733', '33', '225022', '225001', 'AddComment', '', 0xE5908CE6848F);

-- ----------------------------
-- Table structure for `act_hi_detail`
-- ----------------------------
DROP TABLE IF EXISTS `act_hi_detail`;
CREATE TABLE `act_hi_detail` (
  `ID_` varchar(64) COLLATE utf8_bin NOT NULL,
  `TYPE_` varchar(255) COLLATE utf8_bin NOT NULL,
  `PROC_INST_ID_` varchar(64) COLLATE utf8_bin DEFAULT NULL,
  `EXECUTION_ID_` varchar(64) COLLATE utf8_bin DEFAULT NULL,
  `TASK_ID_` varchar(64) COLLATE utf8_bin DEFAULT NULL,
  `ACT_INST_ID_` varchar(64) COLLATE utf8_bin DEFAULT NULL,
  `NAME_` varchar(255) COLLATE utf8_bin NOT NULL,
  `VAR_TYPE_` varchar(255) COLLATE utf8_bin DEFAULT NULL,
  `REV_` int(11) DEFAULT NULL,
  `TIME_` datetime(3) NOT NULL,
  `BYTEARRAY_ID_` varchar(64) COLLATE utf8_bin DEFAULT NULL,
  `DOUBLE_` double DEFAULT NULL,
  `LONG_` bigint(20) DEFAULT NULL,
  `TEXT_` varchar(4000) COLLATE utf8_bin DEFAULT NULL,
  `TEXT2_` varchar(4000) COLLATE utf8_bin DEFAULT NULL,
  PRIMARY KEY (`ID_`),
  KEY `ACT_IDX_HI_DETAIL_PROC_INST` (`PROC_INST_ID_`),
  KEY `ACT_IDX_HI_DETAIL_ACT_INST` (`ACT_INST_ID_`),
  KEY `ACT_IDX_HI_DETAIL_TIME` (`TIME_`),
  KEY `ACT_IDX_HI_DETAIL_NAME` (`NAME_`),
  KEY `ACT_IDX_HI_DETAIL_TASK_ID` (`TASK_ID_`)
) ENGINE=InnoDB DEFAULT CHARSET=utf8 COLLATE=utf8_bin;

-- ----------------------------
-- Records of act_hi_detail
-- ----------------------------

-- ----------------------------
-- Table structure for `act_hi_identitylink`
-- ----------------------------
DROP TABLE IF EXISTS `act_hi_identitylink`;
CREATE TABLE `act_hi_identitylink` (
  `ID_` varchar(64) COLLATE utf8_bin NOT NULL,
  `GROUP_ID_` varchar(255) COLLATE utf8_bin DEFAULT NULL,
  `TYPE_` varchar(255) COLLATE utf8_bin DEFAULT NULL,
  `USER_ID_` varchar(255) COLLATE utf8_bin DEFAULT NULL,
  `TASK_ID_` varchar(64) COLLATE utf8_bin DEFAULT NULL,
  `PROC_INST_ID_` varchar(64) COLLATE utf8_bin DEFAULT NULL,
  PRIMARY KEY (`ID_`),
  KEY `ACT_IDX_HI_IDENT_LNK_USER` (`USER_ID_`),
  KEY `ACT_IDX_HI_IDENT_LNK_TASK` (`TASK_ID_`),
  KEY `ACT_IDX_HI_IDENT_LNK_PROCINST` (`PROC_INST_ID_`)
) ENGINE=InnoDB DEFAULT CHARSET=utf8 COLLATE=utf8_bin;

-- ----------------------------
-- Records of act_hi_identitylink
-- ----------------------------
INSERT INTO `act_hi_identitylink` VALUES ('202502', null, 'starter', '20', null, '202501');
INSERT INTO `act_hi_identitylink` VALUES ('205012', '12', 'candidate', null, '205011', null);
INSERT INTO `act_hi_identitylink` VALUES ('207502', null, 'starter', '20', null, '207501');
INSERT INTO `act_hi_identitylink` VALUES ('207519', null, 'starter', '20', null, '207518');
INSERT INTO `act_hi_identitylink` VALUES ('210002', null, 'starter', '20', null, '210001');
INSERT INTO `act_hi_identitylink` VALUES ('212512', '12', 'candidate', null, '212511', null);
INSERT INTO `act_hi_identitylink` VALUES ('212513', null, 'participant', '23', null, '210001');
INSERT INTO `act_hi_identitylink` VALUES ('212519', '12', 'candidate', null, '212518', null);
INSERT INTO `act_hi_identitylink` VALUES ('212529', '13', 'candidate', null, '212528', null);
INSERT INTO `act_hi_identitylink` VALUES ('212530', null, 'participant', '25', null, '210001');
INSERT INTO `act_hi_identitylink` VALUES ('215002', null, 'starter', '20', null, '215001');
INSERT INTO `act_hi_identitylink` VALUES ('215024', '12', 'candidate', null, '215023', null);
INSERT INTO `act_hi_identitylink` VALUES ('215025', null, 'participant', '23', null, '215001');
INSERT INTO `act_hi_identitylink` VALUES ('215031', '12', 'candidate', null, '215030', null);
INSERT INTO `act_hi_identitylink` VALUES ('215041', '13', 'candidate', null, '215040', null);
INSERT INTO `act_hi_identitylink` VALUES ('215042', null, 'participant', '25', null, '215001');
INSERT INTO `act_hi_identitylink` VALUES ('217502', null, 'starter', '20', null, '217501');
INSERT INTO `act_hi_identitylink` VALUES ('217524', '12', 'candidate', null, '217523', null);
INSERT INTO `act_hi_identitylink` VALUES ('225002', null, 'starter', '20', null, '225001');
INSERT INTO `act_hi_identitylink` VALUES ('225018', null, 'participant', '33', null, '225001');
INSERT INTO `act_hi_identitylink` VALUES ('225027', '12', 'candidate', null, '225026', null);

-- ----------------------------
-- Table structure for `act_hi_procinst`
-- ----------------------------
DROP TABLE IF EXISTS `act_hi_procinst`;
CREATE TABLE `act_hi_procinst` (
  `ID_` varchar(64) COLLATE utf8_bin NOT NULL,
  `PROC_INST_ID_` varchar(64) COLLATE utf8_bin NOT NULL,
  `BUSINESS_KEY_` varchar(255) COLLATE utf8_bin DEFAULT NULL,
  `PROC_DEF_ID_` varchar(64) COLLATE utf8_bin NOT NULL,
  `START_TIME_` datetime(3) NOT NULL,
  `END_TIME_` datetime(3) DEFAULT NULL,
  `DURATION_` bigint(20) DEFAULT NULL,
  `START_USER_ID_` varchar(255) COLLATE utf8_bin DEFAULT NULL,
  `START_ACT_ID_` varchar(255) COLLATE utf8_bin DEFAULT NULL,
  `END_ACT_ID_` varchar(255) COLLATE utf8_bin DEFAULT NULL,
  `SUPER_PROCESS_INSTANCE_ID_` varchar(64) COLLATE utf8_bin DEFAULT NULL,
  `DELETE_REASON_` varchar(4000) COLLATE utf8_bin DEFAULT NULL,
  `TENANT_ID_` varchar(255) COLLATE utf8_bin DEFAULT '',
  `NAME_` varchar(255) COLLATE utf8_bin DEFAULT NULL,
  PRIMARY KEY (`ID_`),
  UNIQUE KEY `PROC_INST_ID_` (`PROC_INST_ID_`),
  KEY `ACT_IDX_HI_PRO_INST_END` (`END_TIME_`),
  KEY `ACT_IDX_HI_PRO_I_BUSKEY` (`BUSINESS_KEY_`)
) ENGINE=InnoDB DEFAULT CHARSET=utf8 COLLATE=utf8_bin;

-- ----------------------------
-- Records of act_hi_procinst
-- ----------------------------
INSERT INTO `act_hi_procinst` VALUES ('202501', '202501', '67', 'WorkOrder:1:200020', '2018-07-31 08:52:35.249', null, null, '20', 'startevent2', null, null, null, '', null);
INSERT INTO `act_hi_procinst` VALUES ('207501', '207501', '68', 'WorkOrder:1:200020', '2018-07-31 09:28:42.344', null, null, '20', 'startevent2', null, null, null, '', null);
INSERT INTO `act_hi_procinst` VALUES ('207518', '207518', '69', 'WorkOrder:1:200020', '2018-07-31 09:39:06.904', null, null, '20', 'startevent2', null, null, null, '', null);
INSERT INTO `act_hi_procinst` VALUES ('210001', '210001', '70', 'WorkOrder:1:200020', '2018-07-31 09:43:27.101', '2018-07-31 09:50:23.097', '415996', '20', 'startevent2', 'endevent2', null, null, '', null);
INSERT INTO `act_hi_procinst` VALUES ('215001', '215001', '71', 'WorkOrder:1:200020', '2018-07-31 10:13:50.287', '2018-07-31 10:17:32.476', '222189', '20', 'startevent2', 'endevent2', null, null, '', null);
INSERT INTO `act_hi_procinst` VALUES ('217501', '217501', '72', 'WorkOrder:1:200020', '2018-07-31 11:02:10.021', null, null, '20', 'startevent2', null, null, null, '', null);
INSERT INTO `act_hi_procinst` VALUES ('225001', '225001', '73', 'WorkOrder:1:200020', '2018-08-03 10:53:22.159', null, null, '20', 'startevent2', null, null, null, '', null);

-- ----------------------------
-- Table structure for `act_hi_taskinst`
-- ----------------------------
DROP TABLE IF EXISTS `act_hi_taskinst`;
CREATE TABLE `act_hi_taskinst` (
  `ID_` varchar(64) COLLATE utf8_bin NOT NULL,
  `PROC_DEF_ID_` varchar(64) COLLATE utf8_bin DEFAULT NULL,
  `TASK_DEF_KEY_` varchar(255) COLLATE utf8_bin DEFAULT NULL,
  `PROC_INST_ID_` varchar(64) COLLATE utf8_bin DEFAULT NULL,
  `EXECUTION_ID_` varchar(64) COLLATE utf8_bin DEFAULT NULL,
  `NAME_` varchar(255) COLLATE utf8_bin DEFAULT NULL,
  `PARENT_TASK_ID_` varchar(64) COLLATE utf8_bin DEFAULT NULL,
  `DESCRIPTION_` varchar(4000) COLLATE utf8_bin DEFAULT NULL,
  `OWNER_` varchar(255) COLLATE utf8_bin DEFAULT NULL,
  `ASSIGNEE_` varchar(255) COLLATE utf8_bin DEFAULT NULL,
  `START_TIME_` datetime(3) NOT NULL,
  `CLAIM_TIME_` datetime(3) DEFAULT NULL,
  `END_TIME_` datetime(3) DEFAULT NULL,
  `DURATION_` bigint(20) DEFAULT NULL,
  `DELETE_REASON_` varchar(4000) COLLATE utf8_bin DEFAULT NULL,
  `PRIORITY_` int(11) DEFAULT NULL,
  `DUE_DATE_` datetime(3) DEFAULT NULL,
  `FORM_KEY_` varchar(255) COLLATE utf8_bin DEFAULT NULL,
  `CATEGORY_` varchar(255) COLLATE utf8_bin DEFAULT NULL,
  `TENANT_ID_` varchar(255) COLLATE utf8_bin DEFAULT '',
  PRIMARY KEY (`ID_`)
) ENGINE=InnoDB DEFAULT CHARSET=utf8 COLLATE=utf8_bin;

-- ----------------------------
-- Records of act_hi_taskinst
-- ----------------------------
INSERT INTO `act_hi_taskinst` VALUES ('202512', 'WorkOrder:1:200020', 'businessAudit', '202501', '202501', '', null, '', null, '20', '2018-07-31 08:52:35.862', null, '2018-07-31 09:21:46.598', '1750736', 'completed', '50', null, '/workOrderAction/businessAudit', null, '');
INSERT INTO `act_hi_taskinst` VALUES ('205005', 'WorkOrder:1:200020', 'coder', '202501', '202501', '', null, null, null, '20', '2018-07-31 09:21:46.628', null, '2018-07-31 09:22:50.014', '63386', 'completed', '50', null, '/workOrderAction/coder', null, '');
INSERT INTO `act_hi_taskinst` VALUES ('205007', 'WorkOrder:1:200020', 'coderAudit', '202501', '202501', '', null, null, null, '20', '2018-07-31 09:22:50.024', null, '2018-07-31 09:24:07.589', '77565', 'completed', '50', null, '/workOrderAction/coderAudit', null, '');
INSERT INTO `act_hi_taskinst` VALUES ('205011', 'WorkOrder:1:200020', 'tester', '202501', '202501', '', null, null, null, null, '2018-07-31 09:24:07.609', null, null, null, null, '50', null, '/workOrderAction/tester', null, '');
INSERT INTO `act_hi_taskinst` VALUES ('207512', 'WorkOrder:1:200020', 'businessAudit', '207501', '207501', '', null, '', null, '20', '2018-07-31 09:28:42.376', null, '2018-07-31 09:35:19.953', '397577', 'completed', '50', null, '/workOrderAction/businessAudit', null, '');
INSERT INTO `act_hi_taskinst` VALUES ('207517', 'WorkOrder:1:200020', 'coder', '207501', '207501', '', null, null, null, '20', '2018-07-31 09:35:19.979', null, null, null, null, '50', null, '/workOrderAction/coder', null, '');
INSERT INTO `act_hi_taskinst` VALUES ('207529', 'WorkOrder:1:200020', 'businessAudit', '207518', '207518', '', null, '', null, '20', '2018-07-31 09:39:06.922', null, null, null, null, '50', null, '/workOrderAction/businessAudit', null, '');
INSERT INTO `act_hi_taskinst` VALUES ('210012', 'WorkOrder:1:200020', 'businessAudit', '210001', '210001', '', null, '', null, '20', '2018-07-31 09:43:27.139', null, '2018-07-31 09:46:44.723', '197584', 'completed', '50', null, '/workOrderAction/businessAudit', null, '');
INSERT INTO `act_hi_taskinst` VALUES ('212505', 'WorkOrder:1:200020', 'coder', '210001', '210001', '', null, null, null, '20', '2018-07-31 09:46:44.744', null, '2018-07-31 09:47:06.714', '21970', 'completed', '50', null, '/workOrderAction/coder', null, '');
INSERT INTO `act_hi_taskinst` VALUES ('212507', 'WorkOrder:1:200020', 'coderAudit', '210001', '210001', '', null, null, null, '20', '2018-07-31 09:47:06.722', null, '2018-07-31 09:47:18.221', '11499', 'completed', '50', null, '/workOrderAction/coderAudit', null, '');
INSERT INTO `act_hi_taskinst` VALUES ('212511', 'WorkOrder:1:200020', 'tester', '210001', '210001', '', null, null, null, '23', '2018-07-31 09:47:18.236', '2018-07-31 09:48:14.275', '2018-07-31 09:48:29.294', '71058', 'completed', '50', null, '/workOrderAction/tester', null, '');
INSERT INTO `act_hi_taskinst` VALUES ('212518', 'WorkOrder:1:200020', 'commiter', '210001', '210001', '', null, null, null, '23', '2018-07-31 09:48:29.306', '2018-07-31 09:48:37.163', '2018-07-31 09:48:54.521', '25215', 'completed', '50', null, '/workOrderAction/commiter', null, '');
INSERT INTO `act_hi_taskinst` VALUES ('212524', 'WorkOrder:1:200020', 'testerAudit', '210001', '210001', '', null, null, null, '23', '2018-07-31 09:48:54.532', null, '2018-07-31 09:49:06.465', '11933', 'completed', '50', null, '/workOrderAction/testerAudit', null, '');
INSERT INTO `act_hi_taskinst` VALUES ('212528', 'WorkOrder:1:200020', 'webmaster', '210001', '210001', '', null, null, null, '25', '2018-07-31 09:49:06.472', '2018-07-31 09:49:45.392', '2018-07-31 09:49:51.513', '45041', 'completed', '50', null, '/workOrderAction/webmaster', null, '');
INSERT INTO `act_hi_taskinst` VALUES ('212534', 'WorkOrder:1:200020', 'webmasterAudit', '210001', '210001', '', null, null, null, '25', '2018-07-31 09:49:51.525', null, '2018-07-31 09:49:57.755', '6230', 'completed', '50', null, '/workOrderAction/webmasterAudit', null, '');
INSERT INTO `act_hi_taskinst` VALUES ('212537', 'WorkOrder:1:200020', 'applyConfirm', '210001', '210001', '', null, null, null, '20', '2018-07-31 09:49:57.760', null, '2018-07-31 09:50:23.048', '25288', 'completed', '50', null, '/workOrderAction/workOrderVerify', null, '');
INSERT INTO `act_hi_taskinst` VALUES ('215012', 'WorkOrder:1:200020', 'businessAudit', '215001', '215001', '', null, '', null, '20', '2018-07-31 10:13:50.342', null, '2018-07-31 10:14:19.079', '28737', 'completed', '50', null, '/workOrderAction/businessAudit', null, '');
INSERT INTO `act_hi_taskinst` VALUES ('215017', 'WorkOrder:1:200020', 'coder', '215001', '215001', '', null, null, null, '20', '2018-07-31 10:14:19.091', null, '2018-07-31 10:14:31.103', '12012', 'completed', '50', null, '/workOrderAction/coder', null, '');
INSERT INTO `act_hi_taskinst` VALUES ('215019', 'WorkOrder:1:200020', 'coderAudit', '215001', '215001', '', null, null, null, '20', '2018-07-31 10:14:31.111', null, '2018-07-31 10:14:40.570', '9459', 'completed', '50', null, '/workOrderAction/coderAudit', null, '');
INSERT INTO `act_hi_taskinst` VALUES ('215023', 'WorkOrder:1:200020', 'tester', '215001', '215001', '', null, null, null, '23', '2018-07-31 10:14:40.581', '2018-07-31 10:15:34.021', '2018-07-31 10:15:45.202', '64621', 'completed', '50', null, '/workOrderAction/tester', null, '');
INSERT INTO `act_hi_taskinst` VALUES ('215030', 'WorkOrder:1:200020', 'commiter', '215001', '215001', '', null, null, null, '23', '2018-07-31 10:15:45.209', '2018-07-31 10:15:49.648', '2018-07-31 10:15:59.435', '14226', 'completed', '50', null, '/workOrderAction/commiter', null, '');
INSERT INTO `act_hi_taskinst` VALUES ('215036', 'WorkOrder:1:200020', 'testerAudit', '215001', '215001', '', null, null, null, '23', '2018-07-31 10:15:59.447', null, '2018-07-31 10:16:08.357', '8910', 'completed', '50', null, '/workOrderAction/testerAudit', null, '');
INSERT INTO `act_hi_taskinst` VALUES ('215040', 'WorkOrder:1:200020', 'webmaster', '215001', '215001', '', null, null, null, '25', '2018-07-31 10:16:08.369', '2018-07-31 10:16:43.891', '2018-07-31 10:16:48.331', '39962', 'completed', '50', null, '/workOrderAction/webmaster', null, '');
INSERT INTO `act_hi_taskinst` VALUES ('215046', 'WorkOrder:1:200020', 'webmasterAudit', '215001', '215001', '', null, null, null, '25', '2018-07-31 10:16:48.340', null, '2018-07-31 10:16:52.436', '4096', 'completed', '50', null, '/workOrderAction/webmasterAudit', null, '');
INSERT INTO `act_hi_taskinst` VALUES ('215049', 'WorkOrder:1:200020', 'applyConfirm', '215001', '215001', '', null, null, null, '20', '2018-07-31 10:16:52.443', null, '2018-07-31 10:17:32.409', '39966', 'completed', '50', null, '/workOrderAction/workOrderVerify', null, '');
INSERT INTO `act_hi_taskinst` VALUES ('217512', 'WorkOrder:1:200020', 'businessAudit', '217501', '217501', '', null, '', null, '20', '2018-07-31 11:02:10.071', null, '2018-07-31 11:07:59.327', '349256', 'completed', '50', null, '/workOrderAction/businessAudit', null, '');
INSERT INTO `act_hi_taskinst` VALUES ('217517', 'WorkOrder:1:200020', 'coder', '217501', '217501', '', null, null, null, '20', '2018-07-31 11:07:59.351', null, '2018-07-31 11:08:45.422', '46071', 'completed', '50', null, '/workOrderAction/coder', null, '');
INSERT INTO `act_hi_taskinst` VALUES ('217519', 'WorkOrder:1:200020', 'coderAudit', '217501', '217501', '', null, null, null, '20', '2018-07-31 11:08:45.434', null, '2018-07-31 11:08:54.157', '8723', 'completed', '50', null, '/workOrderAction/coderAudit', null, '');
INSERT INTO `act_hi_taskinst` VALUES ('217523', 'WorkOrder:1:200020', 'tester', '217501', '217501', '', null, null, null, null, '2018-07-31 11:08:54.170', null, null, null, null, '50', null, '/workOrderAction/tester', null, '');
INSERT INTO `act_hi_taskinst` VALUES ('225012', 'WorkOrder:1:200020', 'businessAudit', '225001', '225001', '', null, '', null, '20', '2018-08-03 10:53:22.221', null, '2018-08-03 10:53:48.924', '26703', 'completed', '50', null, '/workOrderAction/businessAudit', null, '');
INSERT INTO `act_hi_taskinst` VALUES ('225017', 'WorkOrder:1:200020', 'coder', '225001', '225001', '', null, null, '20', '33', '2018-08-03 10:53:48.953', null, '2018-08-03 10:54:49.711', '60758', 'completed', '50', null, '/workOrderAction/coder', null, '');
INSERT INTO `act_hi_taskinst` VALUES ('225022', 'WorkOrder:1:200020', 'coderAudit', '225001', '225001', '', null, null, null, '33', '2018-08-03 10:54:49.721', null, '2018-08-03 10:55:11.009', '21288', 'completed', '50', null, '/workOrderAction/coderAudit', null, '');
INSERT INTO `act_hi_taskinst` VALUES ('225026', 'WorkOrder:1:200020', 'tester', '225001', '225001', '', null, null, null, null, '2018-08-03 10:55:11.036', null, null, null, null, '50', null, '/workOrderAction/tester', null, '');

-- ----------------------------
-- Table structure for `act_hi_varinst`
-- ----------------------------
DROP TABLE IF EXISTS `act_hi_varinst`;
CREATE TABLE `act_hi_varinst` (
  `ID_` varchar(64) COLLATE utf8_bin NOT NULL,
  `PROC_INST_ID_` varchar(64) COLLATE utf8_bin DEFAULT NULL,
  `EXECUTION_ID_` varchar(64) COLLATE utf8_bin DEFAULT NULL,
  `TASK_ID_` varchar(64) COLLATE utf8_bin DEFAULT NULL,
  `NAME_` varchar(255) COLLATE utf8_bin NOT NULL,
  `VAR_TYPE_` varchar(100) COLLATE utf8_bin DEFAULT NULL,
  `REV_` int(11) DEFAULT NULL,
  `BYTEARRAY_ID_` varchar(64) COLLATE utf8_bin DEFAULT NULL,
  `DOUBLE_` double DEFAULT NULL,
  `LONG_` bigint(20) DEFAULT NULL,
  `TEXT_` varchar(4000) COLLATE utf8_bin DEFAULT NULL,
  `TEXT2_` varchar(4000) COLLATE utf8_bin DEFAULT NULL,
  `CREATE_TIME_` datetime(3) DEFAULT NULL,
  `LAST_UPDATED_TIME_` datetime(3) DEFAULT NULL,
  PRIMARY KEY (`ID_`),
  KEY `ACT_IDX_HI_PROCVAR_PROC_INST` (`PROC_INST_ID_`),
  KEY `ACT_IDX_HI_PROCVAR_NAME_TYPE` (`NAME_`,`VAR_TYPE_`)
) ENGINE=InnoDB DEFAULT CHARSET=utf8 COLLATE=utf8_bin;

-- ----------------------------
-- Records of act_hi_varinst
-- ----------------------------
INSERT INTO `act_hi_varinst` VALUES ('202504', '202501', '202501', null, 'coderId', 'string', '1', null, null, null, '20', null, '2018-07-31 08:52:35.254', '2018-07-31 09:22:49.970');
INSERT INTO `act_hi_varinst` VALUES ('202505', '202501', '202501', null, 'lastId', 'integer', '3', null, null, '20', '20', null, '2018-07-31 08:52:35.272', '2018-07-31 09:24:07.536');
INSERT INTO `act_hi_varinst` VALUES ('202506', '202501', '202501', null, 'priority', 'integer', '0', null, null, '50', '50', null, '2018-07-31 08:52:35.279', '2018-07-31 08:52:35.279');
INSERT INTO `act_hi_varinst` VALUES ('202508', '202501', '202501', null, 'entity', 'serializable', '3', '202509', null, null, null, null, '2018-07-31 08:52:35.633', '2018-07-31 09:24:07.567');
INSERT INTO `act_hi_varinst` VALUES ('202510', '202501', '202501', null, 'applyUserId', 'string', '0', null, null, null, '20', null, '2018-07-31 08:52:35.639', '2018-07-31 08:52:35.639');
INSERT INTO `act_hi_varinst` VALUES ('205002', '202501', '202501', null, 'isPass', 'boolean', '1', null, null, '1', null, null, '2018-07-31 09:21:46.558', '2018-07-31 09:24:07.545');
INSERT INTO `act_hi_varinst` VALUES ('207504', '207501', '207501', null, 'coderId', 'string', '0', null, null, null, '20', null, '2018-07-31 09:28:42.344', '2018-07-31 09:28:42.344');
INSERT INTO `act_hi_varinst` VALUES ('207505', '207501', '207501', null, 'lastId', 'integer', '1', null, null, '20', '20', null, '2018-07-31 09:28:42.349', '2018-07-31 09:35:19.895');
INSERT INTO `act_hi_varinst` VALUES ('207506', '207501', '207501', null, 'priority', 'integer', '0', null, null, '50', '50', null, '2018-07-31 09:28:42.349', '2018-07-31 09:28:42.349');
INSERT INTO `act_hi_varinst` VALUES ('207508', '207501', '207501', null, 'entity', 'serializable', '1', '207509', null, null, null, null, '2018-07-31 09:28:42.362', '2018-07-31 09:35:19.923');
INSERT INTO `act_hi_varinst` VALUES ('207510', '207501', '207501', null, 'applyUserId', 'string', '0', null, null, null, '20', null, '2018-07-31 09:28:42.362', '2018-07-31 09:28:42.362');
INSERT INTO `act_hi_varinst` VALUES ('207514', '207501', '207501', null, 'isPass', 'boolean', '0', null, null, '1', null, null, '2018-07-31 09:35:19.896', '2018-07-31 09:35:19.896');
INSERT INTO `act_hi_varinst` VALUES ('207521', '207518', '207518', null, 'coderId', 'string', '0', null, null, null, '20', null, '2018-07-31 09:39:06.905', '2018-07-31 09:39:06.905');
INSERT INTO `act_hi_varinst` VALUES ('207522', '207518', '207518', null, 'lastId', 'integer', '0', null, null, '20', '20', null, '2018-07-31 09:39:06.905', '2018-07-31 09:39:06.905');
INSERT INTO `act_hi_varinst` VALUES ('207523', '207518', '207518', null, 'priority', 'integer', '0', null, null, '50', '50', null, '2018-07-31 09:39:06.906', '2018-07-31 09:39:06.906');
INSERT INTO `act_hi_varinst` VALUES ('207525', '207518', '207518', null, 'entity', 'serializable', '0', '207526', null, null, null, null, '2018-07-31 09:39:06.911', '2018-07-31 09:39:06.911');
INSERT INTO `act_hi_varinst` VALUES ('207527', '207518', '207518', null, 'applyUserId', 'string', '0', null, null, null, '20', null, '2018-07-31 09:39:06.912', '2018-07-31 09:39:06.912');
INSERT INTO `act_hi_varinst` VALUES ('210004', '210001', '210001', null, 'coderId', 'string', '2', null, null, null, '20', null, '2018-07-31 09:43:27.102', '2018-07-31 09:50:23.100');
INSERT INTO `act_hi_varinst` VALUES ('210005', '210001', '210001', null, 'lastId', 'integer', '9', null, null, '20', '20', null, '2018-07-31 09:43:27.105', '2018-07-31 09:50:23.101');
INSERT INTO `act_hi_varinst` VALUES ('210006', '210001', '210001', null, 'priority', 'integer', '1', null, null, '50', '50', null, '2018-07-31 09:43:27.105', '2018-07-31 09:50:23.103');
INSERT INTO `act_hi_varinst` VALUES ('210008', '210001', '210001', null, 'entity', 'serializable', '9', '210009', null, null, null, null, '2018-07-31 09:43:27.127', '2018-07-31 09:50:23.104');
INSERT INTO `act_hi_varinst` VALUES ('210010', '210001', '210001', null, 'applyUserId', 'string', '1', null, null, null, '20', null, '2018-07-31 09:43:27.127', '2018-07-31 09:50:23.106');
INSERT INTO `act_hi_varinst` VALUES ('212502', '210001', '210001', null, 'isPass', 'boolean', '6', null, null, '1', null, null, '2018-07-31 09:46:44.693', '2018-07-31 09:50:23.110');
INSERT INTO `act_hi_varinst` VALUES ('212515', '210001', '210001', null, 'testerId', 'string', '1', null, null, null, '23', null, '2018-07-31 09:48:29.258', '2018-07-31 09:50:23.113');
INSERT INTO `act_hi_varinst` VALUES ('212521', '210001', '210001', null, 'commiterId', 'string', '1', null, null, null, '23', null, '2018-07-31 09:48:54.494', '2018-07-31 09:50:23.115');
INSERT INTO `act_hi_varinst` VALUES ('215004', '215001', '215001', null, 'coderId', 'string', '2', null, null, null, '20', null, '2018-07-31 10:13:50.288', '2018-07-31 10:17:32.480');
INSERT INTO `act_hi_varinst` VALUES ('215005', '215001', '215001', null, 'lastId', 'integer', '9', null, null, '20', '20', null, '2018-07-31 10:13:50.291', '2018-07-31 10:17:32.481');
INSERT INTO `act_hi_varinst` VALUES ('215006', '215001', '215001', null, 'priority', 'integer', '1', null, null, '50', '50', null, '2018-07-31 10:13:50.292', '2018-07-31 10:17:32.486');
INSERT INTO `act_hi_varinst` VALUES ('215008', '215001', '215001', null, 'entity', 'serializable', '9', '215009', null, null, null, null, '2018-07-31 10:13:50.322', '2018-07-31 10:17:32.487');
INSERT INTO `act_hi_varinst` VALUES ('215010', '215001', '215001', null, 'applyUserId', 'string', '1', null, null, null, '20', null, '2018-07-31 10:13:50.323', '2018-07-31 10:17:32.490');
INSERT INTO `act_hi_varinst` VALUES ('215014', '215001', '215001', null, 'isPass', 'boolean', '6', null, null, '1', null, null, '2018-07-31 10:14:19.060', '2018-07-31 10:17:32.493');
INSERT INTO `act_hi_varinst` VALUES ('215027', '215001', '215001', null, 'testerId', 'string', '1', null, null, null, '23', null, '2018-07-31 10:15:45.180', '2018-07-31 10:17:32.497');
INSERT INTO `act_hi_varinst` VALUES ('215033', '215001', '215001', null, 'commiterId', 'string', '1', null, null, null, '23', null, '2018-07-31 10:15:59.393', '2018-07-31 10:17:32.501');
INSERT INTO `act_hi_varinst` VALUES ('217504', '217501', '217501', null, 'coderId', 'string', '1', null, null, null, '20', null, '2018-07-31 11:02:10.021', '2018-07-31 11:08:45.385');
INSERT INTO `act_hi_varinst` VALUES ('217505', '217501', '217501', null, 'lastId', 'integer', '3', null, null, '20', '20', null, '2018-07-31 11:02:10.023', '2018-07-31 11:08:54.126');
INSERT INTO `act_hi_varinst` VALUES ('217506', '217501', '217501', null, 'priority', 'integer', '0', null, null, '50', '50', null, '2018-07-31 11:02:10.024', '2018-07-31 11:02:10.024');
INSERT INTO `act_hi_varinst` VALUES ('217508', '217501', '217501', null, 'entity', 'serializable', '3', '217509', null, null, null, null, '2018-07-31 11:02:10.054', '2018-07-31 11:08:54.146');
INSERT INTO `act_hi_varinst` VALUES ('217510', '217501', '217501', null, 'applyUserId', 'string', '0', null, null, null, '20', null, '2018-07-31 11:02:10.054', '2018-07-31 11:02:10.054');
INSERT INTO `act_hi_varinst` VALUES ('217514', '217501', '217501', null, 'isPass', 'boolean', '1', null, null, '1', null, null, '2018-07-31 11:07:59.297', '2018-07-31 11:08:54.131');
INSERT INTO `act_hi_varinst` VALUES ('225004', '225001', '225001', null, 'coderId', 'string', '1', null, null, null, '33', null, '2018-08-03 10:53:22.159', '2018-08-03 10:54:49.656');
INSERT INTO `act_hi_varinst` VALUES ('225005', '225001', '225001', null, 'lastId', 'integer', '3', null, null, '33', '33', null, '2018-08-03 10:53:22.161', '2018-08-03 10:55:10.966');
INSERT INTO `act_hi_varinst` VALUES ('225006', '225001', '225001', null, 'priority', 'integer', '0', null, null, '50', '50', null, '2018-08-03 10:53:22.162', '2018-08-03 10:53:22.162');
INSERT INTO `act_hi_varinst` VALUES ('225008', '225001', '225001', null, 'entity', 'serializable', '3', '225009', null, null, null, null, '2018-08-03 10:53:22.204', '2018-08-03 10:55:10.983');
INSERT INTO `act_hi_varinst` VALUES ('225010', '225001', '225001', null, 'applyUserId', 'string', '0', null, null, null, '20', null, '2018-08-03 10:53:22.205', '2018-08-03 10:53:22.205');
INSERT INTO `act_hi_varinst` VALUES ('225014', '225001', '225001', null, 'isPass', 'boolean', '1', null, null, '1', null, null, '2018-08-03 10:53:48.881', '2018-08-03 10:55:10.969');

-- ----------------------------
-- Table structure for `act_id_group`
-- ----------------------------
DROP TABLE IF EXISTS `act_id_group`;
CREATE TABLE `act_id_group` (
  `ID_` varchar(64) COLLATE utf8_bin NOT NULL,
  `REV_` int(11) DEFAULT NULL,
  `NAME_` varchar(255) COLLATE utf8_bin DEFAULT NULL,
  `TYPE_` varchar(255) COLLATE utf8_bin DEFAULT NULL,
  PRIMARY KEY (`ID_`)
) ENGINE=InnoDB DEFAULT CHARSET=utf8 COLLATE=utf8_bin;

-- ----------------------------
-- Records of act_id_group
-- ----------------------------
INSERT INTO `act_id_group` VALUES ('1', '1', '', 'company');
INSERT INTO `act_id_group` VALUES ('11', '1', '', 'coder');
INSERT INTO `act_id_group` VALUES ('12', '1', '', 'test');
INSERT INTO `act_id_group` VALUES ('13', '1', '', 'webmaster');
INSERT INTO `act_id_group` VALUES ('14', '1', '', 'coder');
INSERT INTO `act_id_group` VALUES ('15', '1', '', 'coder');
INSERT INTO `act_id_group` VALUES ('16', '1', '', 'business');
INSERT INTO `act_id_group` VALUES ('17', '1', '', 'business');
INSERT INTO `act_id_group` VALUES ('19', '1', 'ICME', 'business');
INSERT INTO `act_id_group` VALUES ('21', '1', '', '');
INSERT INTO `act_id_group` VALUES ('22', '1', '', 'coder');
INSERT INTO `act_id_group` VALUES ('27', '1', '', 'business');
INSERT INTO `act_id_group` VALUES ('7', '1', '', 'admin');

-- ----------------------------
-- Table structure for `act_id_info`
-- ----------------------------
DROP TABLE IF EXISTS `act_id_info`;
CREATE TABLE `act_id_info` (
  `ID_` varchar(64) COLLATE utf8_bin NOT NULL,
  `REV_` int(11) DEFAULT NULL,
  `USER_ID_` varchar(64) COLLATE utf8_bin DEFAULT NULL,
  `TYPE_` varchar(64) COLLATE utf8_bin DEFAULT NULL,
  `KEY_` varchar(255) COLLATE utf8_bin DEFAULT NULL,
  `VALUE_` varchar(255) COLLATE utf8_bin DEFAULT NULL,
  `PASSWORD_` longblob,
  `PARENT_ID_` varchar(255) COLLATE utf8_bin DEFAULT NULL,
  PRIMARY KEY (`ID_`)
) ENGINE=InnoDB DEFAULT CHARSET=utf8 COLLATE=utf8_bin;

-- ----------------------------
-- Records of act_id_info
-- ----------------------------

-- ----------------------------
-- Table structure for `act_id_membership`
-- ----------------------------
DROP TABLE IF EXISTS `act_id_membership`;
CREATE TABLE `act_id_membership` (
  `USER_ID_` varchar(64) COLLATE utf8_bin NOT NULL,
  `GROUP_ID_` varchar(64) COLLATE utf8_bin NOT NULL,
  PRIMARY KEY (`USER_ID_`,`GROUP_ID_`),
  KEY `ACT_FK_MEMB_GROUP` (`GROUP_ID_`),
  CONSTRAINT `ACT_FK_MEMB_GROUP` FOREIGN KEY (`GROUP_ID_`) REFERENCES `act_id_group` (`ID_`),
  CONSTRAINT `ACT_FK_MEMB_USER` FOREIGN KEY (`USER_ID_`) REFERENCES `act_id_user` (`ID_`)
) ENGINE=InnoDB DEFAULT CHARSET=utf8 COLLATE=utf8_bin;

-- ----------------------------
-- Records of act_id_membership
-- ----------------------------
INSERT INTO `act_id_membership` VALUES ('20', '11');
INSERT INTO `act_id_membership` VALUES ('34', '11');
INSERT INTO `act_id_membership` VALUES ('40', '11');
INSERT INTO `act_id_membership` VALUES ('22', '12');
INSERT INTO `act_id_membership` VALUES ('23', '12');
INSERT INTO `act_id_membership` VALUES ('35', '12');
INSERT INTO `act_id_membership` VALUES ('25', '13');
INSERT INTO `act_id_membership` VALUES ('26', '13');
INSERT INTO `act_id_membership` VALUES ('30', '14');
INSERT INTO `act_id_membership` VALUES ('31', '14');
INSERT INTO `act_id_membership` VALUES ('32', '14');
INSERT INTO `act_id_membership` VALUES ('37', '14');
INSERT INTO `act_id_membership` VALUES ('39', '14');
INSERT INTO `act_id_membership` VALUES ('33', '15');
INSERT INTO `act_id_membership` VALUES ('36', '15');
INSERT INTO `act_id_membership` VALUES ('38', '15');
INSERT INTO `act_id_membership` VALUES ('41', '16');
INSERT INTO `act_id_membership` VALUES ('42', '16');
INSERT INTO `act_id_membership` VALUES ('43', '17');
INSERT INTO `act_id_membership` VALUES ('44', '17');
INSERT INTO `act_id_membership` VALUES ('45', '19');
INSERT INTO `act_id_membership` VALUES ('46', '19');
INSERT INTO `act_id_membership` VALUES ('47', '19');
INSERT INTO `act_id_membership` VALUES ('28', '22');
INSERT INTO `act_id_membership` VALUES ('29', '22');
INSERT INTO `act_id_membership` VALUES ('14', '7');

-- ----------------------------
-- Table structure for `act_id_user`
-- ----------------------------
DROP TABLE IF EXISTS `act_id_user`;
CREATE TABLE `act_id_user` (
  `ID_` varchar(64) COLLATE utf8_bin NOT NULL,
  `REV_` int(11) DEFAULT NULL,
  `FIRST_` varchar(255) COLLATE utf8_bin DEFAULT NULL,
  `LAST_` varchar(255) COLLATE utf8_bin DEFAULT NULL,
  `EMAIL_` varchar(255) COLLATE utf8_bin DEFAULT NULL,
  `PWD_` varchar(255) COLLATE utf8_bin DEFAULT NULL,
  `PICTURE_ID_` varchar(64) COLLATE utf8_bin DEFAULT NULL,
  PRIMARY KEY (`ID_`)
) ENGINE=InnoDB DEFAULT CHARSET=utf8 COLLATE=utf8_bin;

-- ----------------------------
-- Records of act_id_user
-- ----------------------------
INSERT INTO `act_id_user` VALUES ('14', '1', 'admin', '', '', '', null);
INSERT INTO `act_id_user` VALUES ('20', '1', 'lichen', '', '', '', null);
INSERT INTO `act_id_user` VALUES ('22', '1', 'lilili', '', '', '', null);
INSERT INTO `act_id_user` VALUES ('23', '1', 'liuyang', '', '', '', null);
INSERT INTO `act_id_user` VALUES ('25', '1', 'liuwei', '', '', '', null);
INSERT INTO `act_id_user` VALUES ('26', '1', 'lijinyao', '', '', '', null);
INSERT INTO `act_id_user` VALUES ('28', '1', 'lvlin', '', '', '', null);
INSERT INTO `act_id_user` VALUES ('29', '1', 'baimengmeng', '', '', '', null);
INSERT INTO `act_id_user` VALUES ('30', '1', 'tianzhiqiang', '', '', '', null);
INSERT INTO `act_id_user` VALUES ('31', '1', 'zhangyali', '', '', '', null);
INSERT INTO `act_id_user` VALUES ('32', '1', 'xutao', '', '', '', null);
INSERT INTO `act_id_user` VALUES ('33', '1', 'zhaoshilin', '', '', '', null);
INSERT INTO `act_id_user` VALUES ('34', '1', 'yuguoliang', '', '', '', null);
INSERT INTO `act_id_user` VALUES ('35', '1', 'liuyufeng', '', '', '', null);
INSERT INTO `act_id_user` VALUES ('36', '1', 'maxiaobin', '', '', '', null);
INSERT INTO `act_id_user` VALUES ('37', '1', 'muminghui', '', '', '', null);
INSERT INTO `act_id_user` VALUES ('38', '1', 'sunkang', '', '', '', null);
INSERT INTO `act_id_user` VALUES ('39', '1', 'xiongwei', '', '', '', null);
INSERT INTO `act_id_user` VALUES ('40', '1', 'zouyuanchao', '', '', '', null);
INSERT INTO `act_id_user` VALUES ('41', '1', 'zhangwei', '', '', '', null);
INSERT INTO `act_id_user` VALUES ('42', '1', 'jiangkuan', '', '', '', null);
INSERT INTO `act_id_user` VALUES ('43', '1', 'jiangweifeng', '', '', '', null);
INSERT INTO `act_id_user` VALUES ('44', '1', 'zhangxuejiao', '', '', '', null);
INSERT INTO `act_id_user` VALUES ('45', '1', 'yangzhijuan', '', '', '', null);
INSERT INTO `act_id_user` VALUES ('46', '1', 'miaowenqing', '', '', '', null);
INSERT INTO `act_id_user` VALUES ('47', '1', 'yuanmingyue', '', '', '', null);

-- ----------------------------
-- Table structure for `act_re_deployment`
-- ----------------------------
DROP TABLE IF EXISTS `act_re_deployment`;
CREATE TABLE `act_re_deployment` (
  `ID_` varchar(64) COLLATE utf8_bin NOT NULL,
  `NAME_` varchar(255) COLLATE utf8_bin DEFAULT NULL,
  `CATEGORY_` varchar(255) COLLATE utf8_bin DEFAULT NULL,
  `TENANT_ID_` varchar(255) COLLATE utf8_bin DEFAULT '',
  `DEPLOY_TIME_` timestamp(3) NOT NULL DEFAULT CURRENT_TIMESTAMP(3) ON UPDATE CURRENT_TIMESTAMP(3),
  PRIMARY KEY (`ID_`)
) ENGINE=InnoDB DEFAULT CHARSET=utf8 COLLATE=utf8_bin;

-- ----------------------------
-- Records of act_re_deployment
-- ----------------------------
INSERT INTO `act_re_deployment` VALUES ('200001', 'CountSalary', null, '', '2018-07-31 08:48:51.539');
INSERT INTO `act_re_deployment` VALUES ('200005', 'ExpenseAccount', null, '', '2018-07-31 08:48:51.874');
INSERT INTO `act_re_deployment` VALUES ('200009', 'Salary', null, '', '2018-07-31 08:48:51.991');
INSERT INTO `act_re_deployment` VALUES ('200013', 'Vacation', null, '', '2018-07-31 08:48:52.107');
INSERT INTO `act_re_deployment` VALUES ('200017', 'WorkOrder', null, '', '2018-07-31 08:48:52.263');

-- ----------------------------
-- Table structure for `act_re_model`
-- ----------------------------
DROP TABLE IF EXISTS `act_re_model`;
CREATE TABLE `act_re_model` (
  `ID_` varchar(64) COLLATE utf8_bin NOT NULL,
  `REV_` int(11) DEFAULT NULL,
  `NAME_` varchar(255) COLLATE utf8_bin DEFAULT NULL,
  `KEY_` varchar(255) COLLATE utf8_bin DEFAULT NULL,
  `CATEGORY_` varchar(255) COLLATE utf8_bin DEFAULT NULL,
  `CREATE_TIME_` timestamp(3) NULL DEFAULT NULL,
  `LAST_UPDATE_TIME_` timestamp(3) NULL DEFAULT NULL,
  `VERSION_` int(11) DEFAULT NULL,
  `META_INFO_` varchar(4000) COLLATE utf8_bin DEFAULT NULL,
  `DEPLOYMENT_ID_` varchar(64) COLLATE utf8_bin DEFAULT NULL,
  `EDITOR_SOURCE_VALUE_ID_` varchar(64) COLLATE utf8_bin DEFAULT NULL,
  `EDITOR_SOURCE_EXTRA_VALUE_ID_` varchar(64) COLLATE utf8_bin DEFAULT NULL,
  `TENANT_ID_` varchar(255) COLLATE utf8_bin DEFAULT '',
  PRIMARY KEY (`ID_`),
  KEY `ACT_FK_MODEL_SOURCE` (`EDITOR_SOURCE_VALUE_ID_`),
  KEY `ACT_FK_MODEL_SOURCE_EXTRA` (`EDITOR_SOURCE_EXTRA_VALUE_ID_`),
  KEY `ACT_FK_MODEL_DEPLOYMENT` (`DEPLOYMENT_ID_`),
  CONSTRAINT `ACT_FK_MODEL_DEPLOYMENT` FOREIGN KEY (`DEPLOYMENT_ID_`) REFERENCES `act_re_deployment` (`ID_`),
  CONSTRAINT `ACT_FK_MODEL_SOURCE` FOREIGN KEY (`EDITOR_SOURCE_VALUE_ID_`) REFERENCES `act_ge_bytearray` (`ID_`),
  CONSTRAINT `ACT_FK_MODEL_SOURCE_EXTRA` FOREIGN KEY (`EDITOR_SOURCE_EXTRA_VALUE_ID_`) REFERENCES `act_ge_bytearray` (`ID_`)
) ENGINE=InnoDB DEFAULT CHARSET=utf8 COLLATE=utf8_bin;

-- ----------------------------
-- Records of act_re_model
-- ----------------------------
INSERT INTO `act_re_model` VALUES ('10001', '2', 'Vacation.bpmn', 'com.zml.oa.vacation', '2513', '2018-05-02 16:41:52.754', '2018-05-02 16:41:53.019', '1', '{\"name\":\"\",\"revision\":1,\"description\":\"\"}', null, '10002', null, '');
INSERT INTO `act_re_model` VALUES ('10003', '2', 'Vacation.bpmn', 'com.zml.oa.vacation', '2513', '2018-05-02 16:42:01.445', '2018-05-02 16:42:01.500', '1', '{\"name\":\"\",\"revision\":1,\"description\":\"\"}', null, '10004', null, '');
INSERT INTO `act_re_model` VALUES ('112521', '2', 'WorkOrder.bpmn', 'WorkOrder', '112517', '2018-05-25 16:19:10.161', '2018-05-25 16:19:10.520', '1', '{\"name\":\"Work Order\",\"revision\":1,\"description\":\"\"}', null, '112522', null, '');
INSERT INTO `act_re_model` VALUES ('15005', '2', 'CountSalary.bpmn', 'CountSalary', '2501', '2018-05-04 11:32:42.320', '2018-05-04 11:32:42.647', '1', '{\"name\":\"\",\"revision\":1,\"description\":null}', null, '15006', null, '');
INSERT INTO `act_re_model` VALUES ('22501', '2', 'Salary.bpmn', 'com.zml.oa.salary', '2509', '2018-05-04 14:48:48.877', '2018-05-04 14:48:49.197', '1', '{\"name\":\"\",\"revision\":1,\"description\":\"\"}', null, '22502', null, '');
INSERT INTO `act_re_model` VALUES ('45021', '2', 'WorkOrder.bpmn', 'WorkOrder', '45017', '2018-05-21 14:26:30.145', '2018-05-21 14:26:30.250', '1', '{\"name\":\"Work Order\",\"revision\":1,\"description\":\"\"}', null, '45022', null, '');
INSERT INTO `act_re_model` VALUES ('5029', '4', '', 'test', null, '2018-05-02 13:09:54.858', '2018-05-02 13:18:28.185', '1', '{\"name\":\"\",\"revision\":1,\"description\":\"\"}', null, '5030', '5031', '');
INSERT INTO `act_re_model` VALUES ('92521', '2', 'WorkOrder.bpmn', 'WorkOrder', '92517', '2018-05-25 09:52:30.260', '2018-05-25 09:52:30.334', '1', '{\"name\":\"Work Order\",\"revision\":1,\"description\":\"\"}', null, '92522', null, '');

-- ----------------------------
-- Table structure for `act_re_procdef`
-- ----------------------------
DROP TABLE IF EXISTS `act_re_procdef`;
CREATE TABLE `act_re_procdef` (
  `ID_` varchar(64) COLLATE utf8_bin NOT NULL,
  `REV_` int(11) DEFAULT NULL,
  `CATEGORY_` varchar(255) COLLATE utf8_bin DEFAULT NULL,
  `NAME_` varchar(255) COLLATE utf8_bin DEFAULT NULL,
  `KEY_` varchar(255) COLLATE utf8_bin NOT NULL,
  `VERSION_` int(11) NOT NULL,
  `DEPLOYMENT_ID_` varchar(64) COLLATE utf8_bin DEFAULT NULL,
  `RESOURCE_NAME_` varchar(4000) COLLATE utf8_bin DEFAULT NULL,
  `DGRM_RESOURCE_NAME_` varchar(4000) COLLATE utf8_bin DEFAULT NULL,
  `DESCRIPTION_` varchar(4000) COLLATE utf8_bin DEFAULT NULL,
  `HAS_START_FORM_KEY_` tinyint(4) DEFAULT NULL,
  `SUSPENSION_STATE_` int(11) DEFAULT NULL,
  `TENANT_ID_` varchar(255) COLLATE utf8_bin DEFAULT '',
  PRIMARY KEY (`ID_`),
  UNIQUE KEY `ACT_UNIQ_PROCDEF` (`KEY_`,`VERSION_`,`TENANT_ID_`) USING BTREE
) ENGINE=InnoDB DEFAULT CHARSET=utf8 COLLATE=utf8_bin;

-- ----------------------------
-- Records of act_re_procdef
-- ----------------------------
INSERT INTO `act_re_procdef` VALUES ('CountSalary:1:200004', '1', 'http://www.activiti.org/test', '', 'CountSalary', '1', '200001', 'CountSalary.bpmn', 'CountSalary.png', null, '0', '1', '');
INSERT INTO `act_re_procdef` VALUES ('WorkOrder:1:200020', '1', 'http://www.activiti.org/test', 'Work Order', 'WorkOrder', '1', '200017', 'WorkOrder.bpmn', 'WorkOrder.png', '', '0', '1', '');
INSERT INTO `act_re_procdef` VALUES ('com.zml.oa.expense:1:200008', '1', 'http://www.activiti.org/test', '', 'com.zml.oa.expense', '1', '200005', 'ExpenseAccount.bpmn', 'ExpenseAccount.png', '', '0', '1', '');
INSERT INTO `act_re_procdef` VALUES ('com.zml.oa.salary:1:200012', '1', 'http://www.activiti.org/test', '', 'com.zml.oa.salary', '1', '200009', 'Salary.bpmn', 'Salary.png', '', '0', '1', '');
INSERT INTO `act_re_procdef` VALUES ('com.zml.oa.vacation:1:200016', '1', 'http://www.activiti.org/test', '', 'com.zml.oa.vacation', '1', '200013', 'Vacation.bpmn', 'Vacation.png', '', '0', '1', '');

-- ----------------------------
-- Table structure for `act_ru_event_subscr`
-- ----------------------------
DROP TABLE IF EXISTS `act_ru_event_subscr`;
CREATE TABLE `act_ru_event_subscr` (
  `ID_` varchar(64) COLLATE utf8_bin NOT NULL,
  `REV_` int(11) DEFAULT NULL,
  `EVENT_TYPE_` varchar(255) COLLATE utf8_bin NOT NULL,
  `EVENT_NAME_` varchar(255) COLLATE utf8_bin DEFAULT NULL,
  `EXECUTION_ID_` varchar(64) COLLATE utf8_bin DEFAULT NULL,
  `PROC_INST_ID_` varchar(64) COLLATE utf8_bin DEFAULT NULL,
  `ACTIVITY_ID_` varchar(64) COLLATE utf8_bin DEFAULT NULL,
  `CONFIGURATION_` varchar(255) COLLATE utf8_bin DEFAULT NULL,
  `CREATED_` timestamp(3) NOT NULL DEFAULT CURRENT_TIMESTAMP(3),
  `PROC_DEF_ID_` varchar(64) COLLATE utf8_bin DEFAULT NULL,
  `TENANT_ID_` varchar(255) COLLATE utf8_bin DEFAULT '',
  PRIMARY KEY (`ID_`),
  KEY `ACT_IDX_EVENT_SUBSCR_CONFIG_` (`CONFIGURATION_`),
  KEY `ACT_FK_EVENT_EXEC` (`EXECUTION_ID_`),
  CONSTRAINT `ACT_FK_EVENT_EXEC` FOREIGN KEY (`EXECUTION_ID_`) REFERENCES `act_ru_execution` (`ID_`)
) ENGINE=InnoDB DEFAULT CHARSET=utf8 COLLATE=utf8_bin;

-- ----------------------------
-- Records of act_ru_event_subscr
-- ----------------------------

-- ----------------------------
-- Table structure for `act_ru_execution`
-- ----------------------------
DROP TABLE IF EXISTS `act_ru_execution`;
CREATE TABLE `act_ru_execution` (
  `ID_` varchar(64) COLLATE utf8_bin NOT NULL,
  `REV_` int(11) DEFAULT NULL,
  `PROC_INST_ID_` varchar(64) COLLATE utf8_bin DEFAULT NULL,
  `BUSINESS_KEY_` varchar(255) COLLATE utf8_bin DEFAULT NULL,
  `PARENT_ID_` varchar(64) COLLATE utf8_bin DEFAULT NULL,
  `PROC_DEF_ID_` varchar(64) COLLATE utf8_bin DEFAULT NULL,
  `SUPER_EXEC_` varchar(64) COLLATE utf8_bin DEFAULT NULL,
  `ACT_ID_` varchar(255) COLLATE utf8_bin DEFAULT NULL,
  `IS_ACTIVE_` tinyint(4) DEFAULT NULL,
  `IS_CONCURRENT_` tinyint(4) DEFAULT NULL,
  `IS_SCOPE_` tinyint(4) DEFAULT NULL,
  `IS_EVENT_SCOPE_` tinyint(4) DEFAULT NULL,
  `SUSPENSION_STATE_` int(11) DEFAULT NULL,
  `CACHED_ENT_STATE_` int(11) DEFAULT NULL,
  `TENANT_ID_` varchar(255) COLLATE utf8_bin DEFAULT '',
  `NAME_` varchar(255) COLLATE utf8_bin DEFAULT NULL,
  PRIMARY KEY (`ID_`),
  KEY `ACT_IDX_EXEC_BUSKEY` (`BUSINESS_KEY_`),
  KEY `ACT_FK_EXE_PROCINST` (`PROC_INST_ID_`),
  KEY `ACT_FK_EXE_PARENT` (`PARENT_ID_`),
  KEY `ACT_FK_EXE_SUPER` (`SUPER_EXEC_`),
  KEY `ACT_FK_EXE_PROCDEF` (`PROC_DEF_ID_`),
  CONSTRAINT `ACT_FK_EXE_PARENT` FOREIGN KEY (`PARENT_ID_`) REFERENCES `act_ru_execution` (`ID_`),
  CONSTRAINT `ACT_FK_EXE_PROCDEF` FOREIGN KEY (`PROC_DEF_ID_`) REFERENCES `act_re_procdef` (`ID_`),
  CONSTRAINT `ACT_FK_EXE_PROCINST` FOREIGN KEY (`PROC_INST_ID_`) REFERENCES `act_ru_execution` (`ID_`) ON DELETE CASCADE ON UPDATE CASCADE,
  CONSTRAINT `ACT_FK_EXE_SUPER` FOREIGN KEY (`SUPER_EXEC_`) REFERENCES `act_ru_execution` (`ID_`)
) ENGINE=InnoDB DEFAULT CHARSET=utf8 COLLATE=utf8_bin;

-- ----------------------------
-- Records of act_ru_execution
-- ----------------------------
INSERT INTO `act_ru_execution` VALUES ('202501', '4', '202501', '67', null, 'WorkOrder:1:200020', null, 'tester', '1', '0', '1', '0', '1', '2', '', null);
INSERT INTO `act_ru_execution` VALUES ('207501', '2', '207501', '68', null, 'WorkOrder:1:200020', null, 'coder', '1', '0', '1', '0', '1', '2', '', null);
INSERT INTO `act_ru_execution` VALUES ('207518', '1', '207518', '69', null, 'WorkOrder:1:200020', null, 'businessAudit', '1', '0', '1', '0', '1', '2', '', null);
INSERT INTO `act_ru_execution` VALUES ('217501', '4', '217501', '72', null, 'WorkOrder:1:200020', null, 'tester', '1', '0', '1', '0', '1', '2', '', null);
INSERT INTO `act_ru_execution` VALUES ('225001', '4', '225001', '73', null, 'WorkOrder:1:200020', null, 'tester', '1', '0', '1', '0', '1', '2', '', null);

-- ----------------------------
-- Table structure for `act_ru_identitylink`
-- ----------------------------
DROP TABLE IF EXISTS `act_ru_identitylink`;
CREATE TABLE `act_ru_identitylink` (
  `ID_` varchar(64) COLLATE utf8_bin NOT NULL,
  `REV_` int(11) DEFAULT NULL,
  `GROUP_ID_` varchar(255) COLLATE utf8_bin DEFAULT NULL,
  `TYPE_` varchar(255) COLLATE utf8_bin DEFAULT NULL,
  `USER_ID_` varchar(255) COLLATE utf8_bin DEFAULT NULL,
  `TASK_ID_` varchar(64) COLLATE utf8_bin DEFAULT NULL,
  `PROC_INST_ID_` varchar(64) COLLATE utf8_bin DEFAULT NULL,
  `PROC_DEF_ID_` varchar(64) COLLATE utf8_bin DEFAULT NULL,
  PRIMARY KEY (`ID_`),
  KEY `ACT_IDX_IDENT_LNK_USER` (`USER_ID_`),
  KEY `ACT_IDX_IDENT_LNK_GROUP` (`GROUP_ID_`),
  KEY `ACT_IDX_ATHRZ_PROCEDEF` (`PROC_DEF_ID_`),
  KEY `ACT_FK_TSKASS_TASK` (`TASK_ID_`),
  KEY `ACT_FK_IDL_PROCINST` (`PROC_INST_ID_`),
  CONSTRAINT `ACT_FK_ATHRZ_PROCEDEF` FOREIGN KEY (`PROC_DEF_ID_`) REFERENCES `act_re_procdef` (`ID_`),
  CONSTRAINT `ACT_FK_IDL_PROCINST` FOREIGN KEY (`PROC_INST_ID_`) REFERENCES `act_ru_execution` (`ID_`),
  CONSTRAINT `ACT_FK_TSKASS_TASK` FOREIGN KEY (`TASK_ID_`) REFERENCES `act_ru_task` (`ID_`)
) ENGINE=InnoDB DEFAULT CHARSET=utf8 COLLATE=utf8_bin;

-- ----------------------------
-- Records of act_ru_identitylink
-- ----------------------------
INSERT INTO `act_ru_identitylink` VALUES ('202502', '1', null, 'starter', '20', null, '202501', null);
INSERT INTO `act_ru_identitylink` VALUES ('205012', '1', '12', 'candidate', null, '205011', null, null);
INSERT INTO `act_ru_identitylink` VALUES ('207502', '1', null, 'starter', '20', null, '207501', null);
INSERT INTO `act_ru_identitylink` VALUES ('207519', '1', null, 'starter', '20', null, '207518', null);
INSERT INTO `act_ru_identitylink` VALUES ('217502', '1', null, 'starter', '20', null, '217501', null);
INSERT INTO `act_ru_identitylink` VALUES ('217524', '1', '12', 'candidate', null, '217523', null, null);
INSERT INTO `act_ru_identitylink` VALUES ('225002', '1', null, 'starter', '20', null, '225001', null);
INSERT INTO `act_ru_identitylink` VALUES ('225018', '1', null, 'participant', '33', null, '225001', null);
INSERT INTO `act_ru_identitylink` VALUES ('225027', '1', '12', 'candidate', null, '225026', null, null);

-- ----------------------------
-- Table structure for `act_ru_job`
-- ----------------------------
DROP TABLE IF EXISTS `act_ru_job`;
CREATE TABLE `act_ru_job` (
  `ID_` varchar(64) COLLATE utf8_bin NOT NULL,
  `REV_` int(11) DEFAULT NULL,
  `TYPE_` varchar(255) COLLATE utf8_bin NOT NULL,
  `LOCK_EXP_TIME_` timestamp(3) NULL DEFAULT NULL,
  `LOCK_OWNER_` varchar(255) COLLATE utf8_bin DEFAULT NULL,
  `EXCLUSIVE_` tinyint(1) DEFAULT NULL,
  `EXECUTION_ID_` varchar(64) COLLATE utf8_bin DEFAULT NULL,
  `PROCESS_INSTANCE_ID_` varchar(64) COLLATE utf8_bin DEFAULT NULL,
  `PROC_DEF_ID_` varchar(64) COLLATE utf8_bin DEFAULT NULL,
  `RETRIES_` int(11) DEFAULT NULL,
  `EXCEPTION_STACK_ID_` varchar(64) COLLATE utf8_bin DEFAULT NULL,
  `EXCEPTION_MSG_` varchar(4000) COLLATE utf8_bin DEFAULT NULL,
  `DUEDATE_` timestamp(3) NULL DEFAULT NULL,
  `REPEAT_` varchar(255) COLLATE utf8_bin DEFAULT NULL,
  `HANDLER_TYPE_` varchar(255) COLLATE utf8_bin DEFAULT NULL,
  `HANDLER_CFG_` varchar(4000) COLLATE utf8_bin DEFAULT NULL,
  `TENANT_ID_` varchar(255) COLLATE utf8_bin DEFAULT '',
  PRIMARY KEY (`ID_`),
  KEY `ACT_FK_JOB_EXCEPTION` (`EXCEPTION_STACK_ID_`),
  CONSTRAINT `ACT_FK_JOB_EXCEPTION` FOREIGN KEY (`EXCEPTION_STACK_ID_`) REFERENCES `act_ge_bytearray` (`ID_`)
) ENGINE=InnoDB DEFAULT CHARSET=utf8 COLLATE=utf8_bin;

-- ----------------------------
-- Records of act_ru_job
-- ----------------------------

-- ----------------------------
-- Table structure for `act_ru_task`
-- ----------------------------
DROP TABLE IF EXISTS `act_ru_task`;
CREATE TABLE `act_ru_task` (
  `ID_` varchar(64) COLLATE utf8_bin NOT NULL,
  `REV_` int(11) DEFAULT NULL,
  `EXECUTION_ID_` varchar(64) COLLATE utf8_bin DEFAULT NULL,
  `PROC_INST_ID_` varchar(64) COLLATE utf8_bin DEFAULT NULL,
  `PROC_DEF_ID_` varchar(64) COLLATE utf8_bin DEFAULT NULL,
  `NAME_` varchar(255) COLLATE utf8_bin DEFAULT NULL,
  `PARENT_TASK_ID_` varchar(64) COLLATE utf8_bin DEFAULT NULL,
  `DESCRIPTION_` varchar(4000) COLLATE utf8_bin DEFAULT NULL,
  `TASK_DEF_KEY_` varchar(255) COLLATE utf8_bin DEFAULT NULL,
  `OWNER_` varchar(255) COLLATE utf8_bin DEFAULT NULL,
  `ASSIGNEE_` varchar(255) COLLATE utf8_bin DEFAULT NULL,
  `DELEGATION_` varchar(64) COLLATE utf8_bin DEFAULT NULL,
  `PRIORITY_` int(11) DEFAULT NULL,
  `CREATE_TIME_` timestamp(3) NOT NULL DEFAULT CURRENT_TIMESTAMP(3) ON UPDATE CURRENT_TIMESTAMP(3),
  `DUE_DATE_` datetime(3) DEFAULT NULL,
  `CATEGORY_` varchar(255) COLLATE utf8_bin DEFAULT NULL,
  `SUSPENSION_STATE_` int(11) DEFAULT NULL,
  `TENANT_ID_` varchar(255) COLLATE utf8_bin DEFAULT '',
  `FORM_KEY_` varchar(255) COLLATE utf8_bin DEFAULT NULL,
  PRIMARY KEY (`ID_`),
  KEY `ACT_IDX_TASK_CREATE` (`CREATE_TIME_`),
  KEY `ACT_FK_TASK_EXE` (`EXECUTION_ID_`),
  KEY `ACT_FK_TASK_PROCINST` (`PROC_INST_ID_`),
  KEY `ACT_FK_TASK_PROCDEF` (`PROC_DEF_ID_`),
  CONSTRAINT `ACT_FK_TASK_EXE` FOREIGN KEY (`EXECUTION_ID_`) REFERENCES `act_ru_execution` (`ID_`),
  CONSTRAINT `ACT_FK_TASK_PROCDEF` FOREIGN KEY (`PROC_DEF_ID_`) REFERENCES `act_re_procdef` (`ID_`),
  CONSTRAINT `ACT_FK_TASK_PROCINST` FOREIGN KEY (`PROC_INST_ID_`) REFERENCES `act_ru_execution` (`ID_`)
) ENGINE=InnoDB DEFAULT CHARSET=utf8 COLLATE=utf8_bin;

-- ----------------------------
-- Records of act_ru_task
-- ----------------------------
INSERT INTO `act_ru_task` VALUES ('205011', '1', '202501', '202501', 'WorkOrder:1:200020', '', null, null, 'tester', null, null, null, '50', '2018-07-31 09:24:07.609', null, null, '1', '', '/workOrderAction/tester');
INSERT INTO `act_ru_task` VALUES ('207517', '1', '207501', '207501', 'WorkOrder:1:200020', '', null, null, 'coder', null, '20', null, '50', '2018-07-31 09:35:19.979', null, null, '1', '', '/workOrderAction/coder');
INSERT INTO `act_ru_task` VALUES ('207529', '1', '207518', '207518', 'WorkOrder:1:200020', '', null, '', 'businessAudit', null, '20', null, '50', '2018-07-31 09:39:06.921', null, null, '1', '', '/workOrderAction/businessAudit');
INSERT INTO `act_ru_task` VALUES ('217523', '1', '217501', '217501', 'WorkOrder:1:200020', '', null, null, 'tester', null, null, null, '50', '2018-07-31 11:08:54.169', null, null, '1', '', '/workOrderAction/tester');
INSERT INTO `act_ru_task` VALUES ('225026', '1', '225001', '225001', 'WorkOrder:1:200020', '', null, null, 'tester', null, null, null, '50', '2018-08-03 10:55:11.036', null, null, '1', '', '/workOrderAction/tester');

-- ----------------------------
-- Table structure for `act_ru_variable`
-- ----------------------------
DROP TABLE IF EXISTS `act_ru_variable`;
CREATE TABLE `act_ru_variable` (
  `ID_` varchar(64) COLLATE utf8_bin NOT NULL,
  `REV_` int(11) DEFAULT NULL,
  `TYPE_` varchar(255) COLLATE utf8_bin NOT NULL,
  `NAME_` varchar(255) COLLATE utf8_bin NOT NULL,
  `EXECUTION_ID_` varchar(64) COLLATE utf8_bin DEFAULT NULL,
  `PROC_INST_ID_` varchar(64) COLLATE utf8_bin DEFAULT NULL,
  `TASK_ID_` varchar(64) COLLATE utf8_bin DEFAULT NULL,
  `BYTEARRAY_ID_` varchar(64) COLLATE utf8_bin DEFAULT NULL,
  `DOUBLE_` double DEFAULT NULL,
  `LONG_` bigint(20) DEFAULT NULL,
  `TEXT_` varchar(4000) COLLATE utf8_bin DEFAULT NULL,
  `TEXT2_` varchar(4000) COLLATE utf8_bin DEFAULT NULL,
  PRIMARY KEY (`ID_`),
  KEY `ACT_IDX_VARIABLE_TASK_ID` (`TASK_ID_`),
  KEY `ACT_FK_VAR_EXE` (`EXECUTION_ID_`),
  KEY `ACT_FK_VAR_PROCINST` (`PROC_INST_ID_`),
  KEY `ACT_FK_VAR_BYTEARRAY` (`BYTEARRAY_ID_`),
  CONSTRAINT `ACT_FK_VAR_BYTEARRAY` FOREIGN KEY (`BYTEARRAY_ID_`) REFERENCES `act_ge_bytearray` (`ID_`),
  CONSTRAINT `ACT_FK_VAR_EXE` FOREIGN KEY (`EXECUTION_ID_`) REFERENCES `act_ru_execution` (`ID_`),
  CONSTRAINT `ACT_FK_VAR_PROCINST` FOREIGN KEY (`PROC_INST_ID_`) REFERENCES `act_ru_execution` (`ID_`)
) ENGINE=InnoDB DEFAULT CHARSET=utf8 COLLATE=utf8_bin;

-- ----------------------------
-- Records of act_ru_variable
-- ----------------------------
INSERT INTO `act_ru_variable` VALUES ('202504', '1', 'string', 'coderId', '202501', '202501', null, null, null, null, '20', null);
INSERT INTO `act_ru_variable` VALUES ('202505', '1', 'integer', 'lastId', '202501', '202501', null, null, null, '20', '20', null);
INSERT INTO `act_ru_variable` VALUES ('202506', '1', 'integer', 'priority', '202501', '202501', null, null, null, '50', '50', null);
INSERT INTO `act_ru_variable` VALUES ('202508', '1', 'serializable', 'entity', '202501', '202501', null, '202507', null, null, null, null);
INSERT INTO `act_ru_variable` VALUES ('202510', '1', 'string', 'applyUserId', '202501', '202501', null, null, null, null, '20', null);
INSERT INTO `act_ru_variable` VALUES ('205002', '1', 'boolean', 'isPass', '202501', '202501', null, null, null, '1', null, null);
INSERT INTO `act_ru_variable` VALUES ('207504', '1', 'string', 'coderId', '207501', '207501', null, null, null, null, '20', null);
INSERT INTO `act_ru_variable` VALUES ('207505', '1', 'integer', 'lastId', '207501', '207501', null, null, null, '20', '20', null);
INSERT INTO `act_ru_variable` VALUES ('207506', '1', 'integer', 'priority', '207501', '207501', null, null, null, '50', '50', null);
INSERT INTO `act_ru_variable` VALUES ('207508', '1', 'serializable', 'entity', '207501', '207501', null, '207507', null, null, null, null);
INSERT INTO `act_ru_variable` VALUES ('207510', '1', 'string', 'applyUserId', '207501', '207501', null, null, null, null, '20', null);
INSERT INTO `act_ru_variable` VALUES ('207514', '1', 'boolean', 'isPass', '207501', '207501', null, null, null, '1', null, null);
INSERT INTO `act_ru_variable` VALUES ('207521', '1', 'string', 'coderId', '207518', '207518', null, null, null, null, '20', null);
INSERT INTO `act_ru_variable` VALUES ('207522', '1', 'integer', 'lastId', '207518', '207518', null, null, null, '20', '20', null);
INSERT INTO `act_ru_variable` VALUES ('207523', '1', 'integer', 'priority', '207518', '207518', null, null, null, '50', '50', null);
INSERT INTO `act_ru_variable` VALUES ('207525', '1', 'serializable', 'entity', '207518', '207518', null, '207524', null, null, null, null);
INSERT INTO `act_ru_variable` VALUES ('207527', '1', 'string', 'applyUserId', '207518', '207518', null, null, null, null, '20', null);
INSERT INTO `act_ru_variable` VALUES ('217504', '1', 'string', 'coderId', '217501', '217501', null, null, null, null, '20', null);
INSERT INTO `act_ru_variable` VALUES ('217505', '1', 'integer', 'lastId', '217501', '217501', null, null, null, '20', '20', null);
INSERT INTO `act_ru_variable` VALUES ('217506', '1', 'integer', 'priority', '217501', '217501', null, null, null, '50', '50', null);
INSERT INTO `act_ru_variable` VALUES ('217508', '1', 'serializable', 'entity', '217501', '217501', null, '217507', null, null, null, null);
INSERT INTO `act_ru_variable` VALUES ('217510', '1', 'string', 'applyUserId', '217501', '217501', null, null, null, null, '20', null);
INSERT INTO `act_ru_variable` VALUES ('217514', '1', 'boolean', 'isPass', '217501', '217501', null, null, null, '1', null, null);
INSERT INTO `act_ru_variable` VALUES ('225004', '2', 'string', 'coderId', '225001', '225001', null, null, null, null, '33', null);
INSERT INTO `act_ru_variable` VALUES ('225005', '2', 'integer', 'lastId', '225001', '225001', null, null, null, '33', '33', null);
INSERT INTO `act_ru_variable` VALUES ('225006', '1', 'integer', 'priority', '225001', '225001', null, null, null, '50', '50', null);
INSERT INTO `act_ru_variable` VALUES ('225008', '1', 'serializable', 'entity', '225001', '225001', null, '225007', null, null, null, null);
INSERT INTO `act_ru_variable` VALUES ('225010', '1', 'string', 'applyUserId', '225001', '225001', null, null, null, null, '20', null);
INSERT INTO `act_ru_variable` VALUES ('225014', '1', 'boolean', 'isPass', '225001', '225001', null, null, null, '1', null, null);

-- ----------------------------
-- Table structure for `supervise_receive`
-- ----------------------------
DROP TABLE IF EXISTS `supervise_receive`;
CREATE TABLE `supervise_receive` (
  `ID` int(11) NOT NULL AUTO_INCREMENT,
  `CREATE_DATE` date DEFAULT NULL,
  `FEEDBACK_CYCLE` varchar(10) DEFAULT NULL,
  `FEEDBACK_LIMIT` varchar(10) DEFAULT NULL,
  `HANDLE_DATE` date DEFAULT NULL,
  `NUMBER` varchar(50) DEFAULT NULL,
  `STATUS` varchar(5) DEFAULT NULL,
  `TITLE` varchar(100) DEFAULT NULL,
  PRIMARY KEY (`ID`)
) ENGINE=InnoDB DEFAULT CHARSET=utf8;

-- ----------------------------
-- Records of supervise_receive
-- ----------------------------

-- ----------------------------
-- Table structure for `t_domain`
-- ----------------------------
DROP TABLE IF EXISTS `t_domain`;
CREATE TABLE `t_domain` (
  `id` int(11) NOT NULL AUTO_INCREMENT,
  `name` varchar(255) DEFAULT NULL COMMENT '',
  `domain` varchar(255) DEFAULT NULL COMMENT '',
  `subjection` varchar(255) DEFAULT NULL COMMENT '',
  `area` varchar(255) DEFAULT NULL COMMENT '',
  `manager` varchar(255) DEFAULT NULL,
  `memo` varchar(255) DEFAULT NULL COMMENT '',
  `status` char(1) DEFAULT '0' COMMENT '0 ,1 ',
  `release_date` datetime DEFAULT NULL ON UPDATE CURRENT_TIMESTAMP COMMENT '',
  `discard_date` datetime DEFAULT NULL ON UPDATE CURRENT_TIMESTAMP COMMENT '',
  PRIMARY KEY (`id`)
) ENGINE=InnoDB AUTO_INCREMENT=4 DEFAULT CHARSET=utf8;

-- ----------------------------
-- Records of t_domain
-- ----------------------------
INSERT INTO `t_domain` VALUES ('1', '', 'www.test.com', '', '', '', null, '0', '2018-07-30 10:24:47', '2018-07-30 10:24:47');
INSERT INTO `t_domain` VALUES ('2', '1', 'www.bjxy.haoyisheng.com1', '1', '1', '1', '', '0', '2018-07-21 00:00:00', '2018-07-20 09:08:01');
INSERT INTO `t_domain` VALUES ('3', '', 'www.test.com', 'icme', '', '', '', '0', '2018-07-24 00:00:00', null);

-- ----------------------------
-- Table structure for `t_domain_project`
-- ----------------------------
DROP TABLE IF EXISTS `t_domain_project`;
CREATE TABLE `t_domain_project` (
  `project_id` int(11) NOT NULL,
  `domain_id` int(11) NOT NULL,
  PRIMARY KEY (`project_id`,`domain_id`),
  KEY `FK_da0eecmo2o8uyrinyxa7q1on4` (`domain_id`),
  CONSTRAINT `FK_77xm8ekx3fhwtj0rjfxf2g1u9` FOREIGN KEY (`project_id`) REFERENCES `t_project` (`id`),
  CONSTRAINT `FK_da0eecmo2o8uyrinyxa7q1on4` FOREIGN KEY (`domain_id`) REFERENCES `t_domain` (`id`)
) ENGINE=InnoDB DEFAULT CHARSET=utf8;

-- ----------------------------
-- Records of t_domain_project
-- ----------------------------
INSERT INTO `t_domain_project` VALUES ('1', '1');
INSERT INTO `t_domain_project` VALUES ('3', '1');
INSERT INTO `t_domain_project` VALUES ('1', '2');
INSERT INTO `t_domain_project` VALUES ('2', '2');
INSERT INTO `t_domain_project` VALUES ('3', '2');
INSERT INTO `t_domain_project` VALUES ('6', '3');

-- ----------------------------
-- Table structure for `t_expense_account`
-- ----------------------------
DROP TABLE IF EXISTS `t_expense_account`;
CREATE TABLE `t_expense_account` (
  `ID` int(11) NOT NULL AUTO_INCREMENT,
  `DATE` datetime DEFAULT NULL,
  `MONEY` decimal(19,2) DEFAULT NULL,
  `PROC_INST_ID` varchar(255) DEFAULT NULL,
  `USER_ID` varchar(255) DEFAULT NULL,
  `APPLY_DATE` date DEFAULT NULL,
  `OCCUR_DATE` date DEFAULT NULL,
  `REMARK` varchar(255) DEFAULT NULL,
  `STATUS` varchar(255) DEFAULT NULL,
  PRIMARY KEY (`ID`)
) ENGINE=InnoDB AUTO_INCREMENT=2 DEFAULT CHARSET=utf8;

-- ----------------------------
-- Records of t_expense_account
-- ----------------------------
INSERT INTO `t_expense_account` VALUES ('1', null, '1000.00', '5042', '13', '2018-05-02', '2018-05-01', '', 'PENDING');

-- ----------------------------
-- Table structure for `t_group`
-- ----------------------------
DROP TABLE IF EXISTS `t_group`;
CREATE TABLE `t_group` (
  `GROUP_ID` int(11) NOT NULL AUTO_INCREMENT,
  `NAME` varchar(255) DEFAULT NULL,
  `TYPE` varchar(255) DEFAULT NULL,
  `LEADER` int(11) DEFAULT NULL,
  `PARENT_ID` int(11) DEFAULT NULL COMMENT '',
  `SEQ` double(10,3) DEFAULT NULL COMMENT '',
  PRIMARY KEY (`GROUP_ID`),
  KEY `FK_ckcttjbyf9tldkixka1mxrgnq` (`LEADER`)
) ENGINE=InnoDB AUTO_INCREMENT=28 DEFAULT CHARSET=utf8;

-- ----------------------------
-- Records of t_group
-- ----------------------------
INSERT INTO `t_group` VALUES ('1', '', 'company', null, '0', null);
INSERT INTO `t_group` VALUES ('7', '', 'admin', '14', '1', null);
INSERT INTO `t_group` VALUES ('11', '', 'coder', '20', '22', '1.000');
INSERT INTO `t_group` VALUES ('12', '', 'test', '23', '22', '4.000');
INSERT INTO `t_group` VALUES ('13', '', 'webmaster', '25', '22', '5.000');
INSERT INTO `t_group` VALUES ('14', '', 'coder', '31', '22', '3.000');
INSERT INTO `t_group` VALUES ('15', '', 'coder', '33', '22', '2.000');
INSERT INTO `t_group` VALUES ('16', '', 'business', '42', '27', '0.000');
INSERT INTO `t_group` VALUES ('17', '', 'business', '44', '27', '1.000');
INSERT INTO `t_group` VALUES ('19', 'ICME', 'business', '46', '27', '2.000');
INSERT INTO `t_group` VALUES ('21', '', '', '46', '1', null);
INSERT INTO `t_group` VALUES ('22', '', 'coder', '28', '1', '6.000');
INSERT INTO `t_group` VALUES ('27', '', 'business', null, '1', '1.000');

-- ----------------------------
-- Table structure for `t_group_resource`
-- ----------------------------
DROP TABLE IF EXISTS `t_group_resource`;
CREATE TABLE `t_group_resource` (
  `Id` int(11) NOT NULL AUTO_INCREMENT,
  `group_id` int(11) DEFAULT NULL,
  `resource_id` int(11) DEFAULT NULL,
  PRIMARY KEY (`Id`)
) ENGINE=InnoDB AUTO_INCREMENT=894 DEFAULT CHARSET=utf8;

-- ----------------------------
-- Records of t_group_resource
-- ----------------------------
INSERT INTO `t_group_resource` VALUES ('71', '4', '11');
INSERT INTO `t_group_resource` VALUES ('72', '4', '12');
INSERT INTO `t_group_resource` VALUES ('73', '4', '13');
INSERT INTO `t_group_resource` VALUES ('74', '4', '14');
INSERT INTO `t_group_resource` VALUES ('75', '4', '15');
INSERT INTO `t_group_resource` VALUES ('76', '4', '16');
INSERT INTO `t_group_resource` VALUES ('77', '4', '17');
INSERT INTO `t_group_resource` VALUES ('78', '4', '21');
INSERT INTO `t_group_resource` VALUES ('79', '4', '22');
INSERT INTO `t_group_resource` VALUES ('80', '4', '23');
INSERT INTO `t_group_resource` VALUES ('81', '4', '24');
INSERT INTO `t_group_resource` VALUES ('82', '4', '25');
INSERT INTO `t_group_resource` VALUES ('83', '4', '26');
INSERT INTO `t_group_resource` VALUES ('84', '4', '27');
INSERT INTO `t_group_resource` VALUES ('85', '4', '28');
INSERT INTO `t_group_resource` VALUES ('86', '4', '29');
INSERT INTO `t_group_resource` VALUES ('87', '4', '31');
INSERT INTO `t_group_resource` VALUES ('88', '4', '32');
INSERT INTO `t_group_resource` VALUES ('89', '4', '41');
INSERT INTO `t_group_resource` VALUES ('90', '4', '42');
INSERT INTO `t_group_resource` VALUES ('91', '4', '51');
INSERT INTO `t_group_resource` VALUES ('92', '4', '52');
INSERT INTO `t_group_resource` VALUES ('93', '5', '11');
INSERT INTO `t_group_resource` VALUES ('94', '5', '12');
INSERT INTO `t_group_resource` VALUES ('95', '5', '13');
INSERT INTO `t_group_resource` VALUES ('96', '5', '14');
INSERT INTO `t_group_resource` VALUES ('97', '5', '15');
INSERT INTO `t_group_resource` VALUES ('98', '5', '16');
INSERT INTO `t_group_resource` VALUES ('99', '5', '17');
INSERT INTO `t_group_resource` VALUES ('100', '5', '21');
INSERT INTO `t_group_resource` VALUES ('101', '5', '22');
INSERT INTO `t_group_resource` VALUES ('102', '5', '23');
INSERT INTO `t_group_resource` VALUES ('103', '5', '24');
INSERT INTO `t_group_resource` VALUES ('104', '5', '25');
INSERT INTO `t_group_resource` VALUES ('105', '5', '26');
INSERT INTO `t_group_resource` VALUES ('106', '5', '27');
INSERT INTO `t_group_resource` VALUES ('107', '5', '28');
INSERT INTO `t_group_resource` VALUES ('108', '5', '29');
INSERT INTO `t_group_resource` VALUES ('109', '5', '31');
INSERT INTO `t_group_resource` VALUES ('110', '5', '32');
INSERT INTO `t_group_resource` VALUES ('111', '5', '41');
INSERT INTO `t_group_resource` VALUES ('112', '5', '42');
INSERT INTO `t_group_resource` VALUES ('113', '5', '51');
INSERT INTO `t_group_resource` VALUES ('114', '5', '52');
INSERT INTO `t_group_resource` VALUES ('115', '6', '11');
INSERT INTO `t_group_resource` VALUES ('116', '6', '12');
INSERT INTO `t_group_resource` VALUES ('117', '6', '13');
INSERT INTO `t_group_resource` VALUES ('118', '6', '14');
INSERT INTO `t_group_resource` VALUES ('119', '6', '15');
INSERT INTO `t_group_resource` VALUES ('120', '6', '16');
INSERT INTO `t_group_resource` VALUES ('121', '6', '17');
INSERT INTO `t_group_resource` VALUES ('122', '6', '21');
INSERT INTO `t_group_resource` VALUES ('123', '6', '22');
INSERT INTO `t_group_resource` VALUES ('124', '6', '23');
INSERT INTO `t_group_resource` VALUES ('125', '6', '24');
INSERT INTO `t_group_resource` VALUES ('126', '6', '25');
INSERT INTO `t_group_resource` VALUES ('127', '6', '26');
INSERT INTO `t_group_resource` VALUES ('128', '6', '27');
INSERT INTO `t_group_resource` VALUES ('129', '6', '28');
INSERT INTO `t_group_resource` VALUES ('130', '6', '29');
INSERT INTO `t_group_resource` VALUES ('131', '6', '31');
INSERT INTO `t_group_resource` VALUES ('132', '6', '32');
INSERT INTO `t_group_resource` VALUES ('133', '6', '41');
INSERT INTO `t_group_resource` VALUES ('134', '6', '42');
INSERT INTO `t_group_resource` VALUES ('135', '6', '51');
INSERT INTO `t_group_resource` VALUES ('136', '6', '52');
INSERT INTO `t_group_resource` VALUES ('168', '4', '103');
INSERT INTO `t_group_resource` VALUES ('169', '4', '104');
INSERT INTO `t_group_resource` VALUES ('170', '4', '105');
INSERT INTO `t_group_resource` VALUES ('171', '4', '106');
INSERT INTO `t_group_resource` VALUES ('172', '4', '107');
INSERT INTO `t_group_resource` VALUES ('173', '5', '103');
INSERT INTO `t_group_resource` VALUES ('174', '5', '104');
INSERT INTO `t_group_resource` VALUES ('175', '5', '105');
INSERT INTO `t_group_resource` VALUES ('176', '5', '106');
INSERT INTO `t_group_resource` VALUES ('177', '5', '107');
INSERT INTO `t_group_resource` VALUES ('178', '6', '103');
INSERT INTO `t_group_resource` VALUES ('179', '6', '104');
INSERT INTO `t_group_resource` VALUES ('180', '6', '105');
INSERT INTO `t_group_resource` VALUES ('181', '6', '106');
INSERT INTO `t_group_resource` VALUES ('182', '6', '107');
INSERT INTO `t_group_resource` VALUES ('278', '3', '11');
INSERT INTO `t_group_resource` VALUES ('279', '3', '12');
INSERT INTO `t_group_resource` VALUES ('280', '3', '13');
INSERT INTO `t_group_resource` VALUES ('281', '3', '14');
INSERT INTO `t_group_resource` VALUES ('282', '3', '15');
INSERT INTO `t_group_resource` VALUES ('283', '3', '16');
INSERT INTO `t_group_resource` VALUES ('284', '3', '17');
INSERT INTO `t_group_resource` VALUES ('285', '3', '21');
INSERT INTO `t_group_resource` VALUES ('286', '3', '22');
INSERT INTO `t_group_resource` VALUES ('287', '3', '23');
INSERT INTO `t_group_resource` VALUES ('288', '3', '24');
INSERT INTO `t_group_resource` VALUES ('289', '3', '25');
INSERT INTO `t_group_resource` VALUES ('290', '3', '26');
INSERT INTO `t_group_resource` VALUES ('291', '3', '27');
INSERT INTO `t_group_resource` VALUES ('292', '3', '28');
INSERT INTO `t_group_resource` VALUES ('293', '3', '29');
INSERT INTO `t_group_resource` VALUES ('294', '3', '31');
INSERT INTO `t_group_resource` VALUES ('295', '3', '32');
INSERT INTO `t_group_resource` VALUES ('296', '3', '41');
INSERT INTO `t_group_resource` VALUES ('297', '3', '42');
INSERT INTO `t_group_resource` VALUES ('298', '3', '51');
INSERT INTO `t_group_resource` VALUES ('299', '3', '52');
INSERT INTO `t_group_resource` VALUES ('300', '3', '103');
INSERT INTO `t_group_resource` VALUES ('301', '3', '104');
INSERT INTO `t_group_resource` VALUES ('302', '3', '105');
INSERT INTO `t_group_resource` VALUES ('303', '3', '106');
INSERT INTO `t_group_resource` VALUES ('304', '3', '107');
INSERT INTO `t_group_resource` VALUES ('305', '3', '113');
INSERT INTO `t_group_resource` VALUES ('306', '3', '1');
INSERT INTO `t_group_resource` VALUES ('307', '3', '114');
INSERT INTO `t_group_resource` VALUES ('617', '11', '21');
INSERT INTO `t_group_resource` VALUES ('618', '11', '1');
INSERT INTO `t_group_resource` VALUES ('619', '11', '22');
INSERT INTO `t_group_resource` VALUES ('620', '11', '23');
INSERT INTO `t_group_resource` VALUES ('621', '11', '24');
INSERT INTO `t_group_resource` VALUES ('622', '11', '25');
INSERT INTO `t_group_resource` VALUES ('623', '11', '26');
INSERT INTO `t_group_resource` VALUES ('624', '11', '27');
INSERT INTO `t_group_resource` VALUES ('625', '11', '28');
INSERT INTO `t_group_resource` VALUES ('626', '11', '29');
INSERT INTO `t_group_resource` VALUES ('627', '11', '114');
INSERT INTO `t_group_resource` VALUES ('628', '11', '12');
INSERT INTO `t_group_resource` VALUES ('629', '11', '13');
INSERT INTO `t_group_resource` VALUES ('630', '11', '14');
INSERT INTO `t_group_resource` VALUES ('631', '11', '15');
INSERT INTO `t_group_resource` VALUES ('632', '11', '16');
INSERT INTO `t_group_resource` VALUES ('633', '11', '17');
INSERT INTO `t_group_resource` VALUES ('634', '11', '11');
INSERT INTO `t_group_resource` VALUES ('673', '14', '21');
INSERT INTO `t_group_resource` VALUES ('674', '14', '1');
INSERT INTO `t_group_resource` VALUES ('675', '14', '22');
INSERT INTO `t_group_resource` VALUES ('676', '14', '23');
INSERT INTO `t_group_resource` VALUES ('677', '14', '24');
INSERT INTO `t_group_resource` VALUES ('678', '14', '25');
INSERT INTO `t_group_resource` VALUES ('679', '14', '26');
INSERT INTO `t_group_resource` VALUES ('680', '14', '27');
INSERT INTO `t_group_resource` VALUES ('681', '14', '28');
INSERT INTO `t_group_resource` VALUES ('682', '14', '29');
INSERT INTO `t_group_resource` VALUES ('683', '14', '114');
INSERT INTO `t_group_resource` VALUES ('684', '14', '12');
INSERT INTO `t_group_resource` VALUES ('685', '14', '13');
INSERT INTO `t_group_resource` VALUES ('686', '14', '14');
INSERT INTO `t_group_resource` VALUES ('687', '14', '15');
INSERT INTO `t_group_resource` VALUES ('688', '14', '16');
INSERT INTO `t_group_resource` VALUES ('689', '14', '17');
INSERT INTO `t_group_resource` VALUES ('690', '14', '11');
INSERT INTO `t_group_resource` VALUES ('691', '14', '115');
INSERT INTO `t_group_resource` VALUES ('692', '15', '21');
INSERT INTO `t_group_resource` VALUES ('693', '15', '1');
INSERT INTO `t_group_resource` VALUES ('694', '15', '22');
INSERT INTO `t_group_resource` VALUES ('695', '15', '23');
INSERT INTO `t_group_resource` VALUES ('696', '15', '24');
INSERT INTO `t_group_resource` VALUES ('697', '15', '25');
INSERT INTO `t_group_resource` VALUES ('698', '15', '26');
INSERT INTO `t_group_resource` VALUES ('699', '15', '27');
INSERT INTO `t_group_resource` VALUES ('700', '15', '28');
INSERT INTO `t_group_resource` VALUES ('701', '15', '29');
INSERT INTO `t_group_resource` VALUES ('702', '15', '114');
INSERT INTO `t_group_resource` VALUES ('703', '15', '12');
INSERT INTO `t_group_resource` VALUES ('704', '15', '13');
INSERT INTO `t_group_resource` VALUES ('705', '15', '14');
INSERT INTO `t_group_resource` VALUES ('706', '15', '15');
INSERT INTO `t_group_resource` VALUES ('707', '15', '16');
INSERT INTO `t_group_resource` VALUES ('708', '15', '17');
INSERT INTO `t_group_resource` VALUES ('709', '15', '11');
INSERT INTO `t_group_resource` VALUES ('710', '15', '115');
INSERT INTO `t_group_resource` VALUES ('711', '16', '21');
INSERT INTO `t_group_resource` VALUES ('712', '16', '1');
INSERT INTO `t_group_resource` VALUES ('713', '16', '22');
INSERT INTO `t_group_resource` VALUES ('714', '16', '23');
INSERT INTO `t_group_resource` VALUES ('715', '16', '24');
INSERT INTO `t_group_resource` VALUES ('716', '16', '25');
INSERT INTO `t_group_resource` VALUES ('717', '16', '26');
INSERT INTO `t_group_resource` VALUES ('718', '16', '27');
INSERT INTO `t_group_resource` VALUES ('719', '16', '28');
INSERT INTO `t_group_resource` VALUES ('720', '16', '29');
INSERT INTO `t_group_resource` VALUES ('721', '16', '114');
INSERT INTO `t_group_resource` VALUES ('722', '16', '12');
INSERT INTO `t_group_resource` VALUES ('723', '16', '13');
INSERT INTO `t_group_resource` VALUES ('724', '16', '14');
INSERT INTO `t_group_resource` VALUES ('725', '16', '15');
INSERT INTO `t_group_resource` VALUES ('726', '16', '16');
INSERT INTO `t_group_resource` VALUES ('727', '16', '17');
INSERT INTO `t_group_resource` VALUES ('728', '16', '11');
INSERT INTO `t_group_resource` VALUES ('729', '16', '115');
INSERT INTO `t_group_resource` VALUES ('730', '17', '21');
INSERT INTO `t_group_resource` VALUES ('731', '17', '1');
INSERT INTO `t_group_resource` VALUES ('732', '17', '22');
INSERT INTO `t_group_resource` VALUES ('733', '17', '23');
INSERT INTO `t_group_resource` VALUES ('734', '17', '24');
INSERT INTO `t_group_resource` VALUES ('735', '17', '25');
INSERT INTO `t_group_resource` VALUES ('736', '17', '26');
INSERT INTO `t_group_resource` VALUES ('737', '17', '27');
INSERT INTO `t_group_resource` VALUES ('738', '17', '28');
INSERT INTO `t_group_resource` VALUES ('739', '17', '29');
INSERT INTO `t_group_resource` VALUES ('740', '17', '114');
INSERT INTO `t_group_resource` VALUES ('741', '17', '12');
INSERT INTO `t_group_resource` VALUES ('742', '17', '13');
INSERT INTO `t_group_resource` VALUES ('743', '17', '14');
INSERT INTO `t_group_resource` VALUES ('744', '17', '15');
INSERT INTO `t_group_resource` VALUES ('745', '17', '16');
INSERT INTO `t_group_resource` VALUES ('746', '17', '17');
INSERT INTO `t_group_resource` VALUES ('747', '17', '11');
INSERT INTO `t_group_resource` VALUES ('748', '17', '115');
INSERT INTO `t_group_resource` VALUES ('749', '19', '21');
INSERT INTO `t_group_resource` VALUES ('750', '19', '1');
INSERT INTO `t_group_resource` VALUES ('751', '19', '22');
INSERT INTO `t_group_resource` VALUES ('752', '19', '23');
INSERT INTO `t_group_resource` VALUES ('753', '19', '24');
INSERT INTO `t_group_resource` VALUES ('754', '19', '25');
INSERT INTO `t_group_resource` VALUES ('755', '19', '26');
INSERT INTO `t_group_resource` VALUES ('756', '19', '27');
INSERT INTO `t_group_resource` VALUES ('757', '19', '28');
INSERT INTO `t_group_resource` VALUES ('758', '19', '29');
INSERT INTO `t_group_resource` VALUES ('759', '19', '114');
INSERT INTO `t_group_resource` VALUES ('760', '19', '12');
INSERT INTO `t_group_resource` VALUES ('761', '19', '13');
INSERT INTO `t_group_resource` VALUES ('762', '19', '14');
INSERT INTO `t_group_resource` VALUES ('763', '19', '15');
INSERT INTO `t_group_resource` VALUES ('764', '19', '16');
INSERT INTO `t_group_resource` VALUES ('765', '19', '17');
INSERT INTO `t_group_resource` VALUES ('766', '19', '11');
INSERT INTO `t_group_resource` VALUES ('767', '19', '115');
INSERT INTO `t_group_resource` VALUES ('831', '13', '21');
INSERT INTO `t_group_resource` VALUES ('832', '13', '1');
INSERT INTO `t_group_resource` VALUES ('833', '13', '22');
INSERT INTO `t_group_resource` VALUES ('834', '13', '23');
INSERT INTO `t_group_resource` VALUES ('835', '13', '24');
INSERT INTO `t_group_resource` VALUES ('836', '13', '25');
INSERT INTO `t_group_resource` VALUES ('837', '13', '26');
INSERT INTO `t_group_resource` VALUES ('838', '13', '27');
INSERT INTO `t_group_resource` VALUES ('839', '13', '28');
INSERT INTO `t_group_resource` VALUES ('840', '13', '29');
INSERT INTO `t_group_resource` VALUES ('841', '13', '114');
INSERT INTO `t_group_resource` VALUES ('842', '13', '12');
INSERT INTO `t_group_resource` VALUES ('843', '13', '13');
INSERT INTO `t_group_resource` VALUES ('844', '13', '14');
INSERT INTO `t_group_resource` VALUES ('845', '13', '15');
INSERT INTO `t_group_resource` VALUES ('846', '13', '16');
INSERT INTO `t_group_resource` VALUES ('847', '13', '17');
INSERT INTO `t_group_resource` VALUES ('848', '13', '11');
INSERT INTO `t_group_resource` VALUES ('849', '7', '61');
INSERT INTO `t_group_resource` VALUES ('850', '7', '62');
INSERT INTO `t_group_resource` VALUES ('851', '7', '63');
INSERT INTO `t_group_resource` VALUES ('852', '7', '64');
INSERT INTO `t_group_resource` VALUES ('853', '7', '65');
INSERT INTO `t_group_resource` VALUES ('854', '7', '71');
INSERT INTO `t_group_resource` VALUES ('855', '7', '72');
INSERT INTO `t_group_resource` VALUES ('856', '7', '73');
INSERT INTO `t_group_resource` VALUES ('857', '7', '74');
INSERT INTO `t_group_resource` VALUES ('858', '7', '75');
INSERT INTO `t_group_resource` VALUES ('859', '7', '81');
INSERT INTO `t_group_resource` VALUES ('860', '7', '91');
INSERT INTO `t_group_resource` VALUES ('861', '7', '92');
INSERT INTO `t_group_resource` VALUES ('862', '7', '93');
INSERT INTO `t_group_resource` VALUES ('863', '7', '100');
INSERT INTO `t_group_resource` VALUES ('864', '7', '101');
INSERT INTO `t_group_resource` VALUES ('865', '7', '103');
INSERT INTO `t_group_resource` VALUES ('866', '7', '102');
INSERT INTO `t_group_resource` VALUES ('867', '7', '108');
INSERT INTO `t_group_resource` VALUES ('868', '7', '109');
INSERT INTO `t_group_resource` VALUES ('869', '7', '110');
INSERT INTO `t_group_resource` VALUES ('870', '7', '111');
INSERT INTO `t_group_resource` VALUES ('871', '7', '116');
INSERT INTO `t_group_resource` VALUES ('872', '7', '1');
INSERT INTO `t_group_resource` VALUES ('873', '7', '117');
INSERT INTO `t_group_resource` VALUES ('874', '7', '118');
INSERT INTO `t_group_resource` VALUES ('875', '12', '21');
INSERT INTO `t_group_resource` VALUES ('876', '12', '1');
INSERT INTO `t_group_resource` VALUES ('877', '12', '22');
INSERT INTO `t_group_resource` VALUES ('878', '12', '23');
INSERT INTO `t_group_resource` VALUES ('879', '12', '24');
INSERT INTO `t_group_resource` VALUES ('880', '12', '25');
INSERT INTO `t_group_resource` VALUES ('881', '12', '26');
INSERT INTO `t_group_resource` VALUES ('882', '12', '27');
INSERT INTO `t_group_resource` VALUES ('883', '12', '28');
INSERT INTO `t_group_resource` VALUES ('884', '12', '29');
INSERT INTO `t_group_resource` VALUES ('885', '12', '114');
INSERT INTO `t_group_resource` VALUES ('886', '12', '12');
INSERT INTO `t_group_resource` VALUES ('887', '12', '13');
INSERT INTO `t_group_resource` VALUES ('888', '12', '14');
INSERT INTO `t_group_resource` VALUES ('889', '12', '15');
INSERT INTO `t_group_resource` VALUES ('890', '12', '16');
INSERT INTO `t_group_resource` VALUES ('891', '12', '17');
INSERT INTO `t_group_resource` VALUES ('892', '12', '11');
INSERT INTO `t_group_resource` VALUES ('893', '12', '115');

-- ----------------------------
-- Table structure for `t_project`
-- ----------------------------
DROP TABLE IF EXISTS `t_project`;
CREATE TABLE `t_project` (
  `id` int(11) NOT NULL AUTO_INCREMENT,
  `name` varchar(500) DEFAULT NULL COMMENT '',
  `language` varchar(200) DEFAULT NULL COMMENT '',
  `build_info` varchar(3000) DEFAULT NULL COMMENT '',
  `have_test` char(1) DEFAULT '0' COMMENT '(0 1)',
  `have_code` char(1) DEFAULT '0' COMMENT '(0 1)',
  `have_release` char(255) DEFAULT '0' COMMENT '(0 1)',
  `coder` varchar(500) DEFAULT NULL COMMENT '',
  `server` varchar(200) DEFAULT NULL COMMENT '',
  `os` varchar(200) DEFAULT NULL COMMENT '',
  `db` varchar(200) DEFAULT NULL COMMENT '',
  `release_time` datetime DEFAULT NULL COMMENT '',
  `status` char(1) DEFAULT '0' COMMENT '0 1 ',
  `discard_time` datetime DEFAULT NULL COMMENT '',
  `memo` varchar(500) DEFAULT NULL COMMENT '',
  `coder_svn` varchar(300) DEFAULT NULL COMMENT 'svn',
  `tester_svn` varchar(300) DEFAULT NULL COMMENT 'svn',
  `have_doc` varchar(255) DEFAULT NULL COMMENT '',
  `home` varchar(255) DEFAULT NULL COMMENT '',
  `area` varchar(255) DEFAULT NULL COMMENT '',
  PRIMARY KEY (`id`)
) ENGINE=InnoDB AUTO_INCREMENT=7 DEFAULT CHARSET=utf8;

-- ----------------------------
-- Records of t_project
-- ----------------------------
INSERT INTO `t_project` VALUES ('1', 'www.bjxy.haoyisheng.com-sip', 'java jdk1.6', null, '1', '1', '1', '', 'jboss4.2.3GA', 'linux', 'oracle 11g', '2017-01-01 09:32:23', '0', null, null, 'http://192.168.191.4/svn/hyssip/src/hyssip_bx', 'svn://192.168.192.13/www.bjxy.haoyisheng.com-/sip', null, 'sip', '');
INSERT INTO `t_project` VALUES ('2', 'question-', 'java jdk1.8', null, '1', '1', '1', '', 'tomcat9', 'linux', 'oracle', '2018-01-01 09:46:48', '0', null, null, 'http://192.168.191.4/svn/hyssip/jypx', 'svn://192.168.192.13/www.bjxy.haoyisheng.com-/sip', null, 'pxpt', '');
INSERT INTO `t_project` VALUES ('3', 'test', 'test', '223', '1', '0', '1', 'sdfsdf', 'sdfl', 'windows', 'sdb2', '2015-06-01 00:00:00', '0', null, '333', 'sfsdf', '33333', '1', 'test', '');
INSERT INTO `t_project` VALUES ('4', '', 'asp', '', '1', '1', '1', '', 'IIS', 'windows', 'sql server', '2018-07-03 00:00:00', '0', null, '', 'svn://192.168.123.6/test', 'svn://192.168.33.6/test', '1', 'kjk', '');
INSERT INTO `t_project` VALUES ('5', '', 'python', '', '0', '0', '0', '', 'iis', 'linux', 'mysql', '2018-07-04 00:00:00', '0', null, '', 'svn://192.168.191.1/bjxy', 'svn://192.168.192.1/bjxy', '0', 'ceshi', '');
INSERT INTO `t_project` VALUES ('6', '', 'basec', '', '0', '0', '0', '', '', '23 ', 'oracle', '2018-07-10 00:00:00', '0', null, '', 'svn://www.sdff.coom', 'svn://1923.123.123', '0', '', '');

-- ----------------------------
-- Table structure for `t_resource`
-- ----------------------------
DROP TABLE IF EXISTS `t_resource`;
CREATE TABLE `t_resource` (
  `id` int(11) NOT NULL AUTO_INCREMENT,
  `name` varchar(100) DEFAULT NULL,
  `type` varchar(50) DEFAULT NULL,
  `url` varchar(200) DEFAULT NULL,
  `parent_id` int(11) DEFAULT NULL,
  `parent_ids` varchar(100) DEFAULT NULL,
  `permission` varchar(100) DEFAULT NULL,
  `available` int(1) DEFAULT '0',
  PRIMARY KEY (`id`),
  KEY `idx_sys_resource_parent_id` (`parent_id`),
  KEY `idx_sys_resource_parent_ids` (`parent_ids`)
) ENGINE=InnoDB AUTO_INCREMENT=119 DEFAULT CHARSET=utf8;

-- ----------------------------
-- Records of t_resource
-- ----------------------------
INSERT INTO `t_resource` VALUES ('1', '', 'menu', '#', '0', '0/', '#', '1');
INSERT INTO `t_resource` VALUES ('11', '', 'menu', 'processAction/process/toListApply', '1', '0/1/', 'user:process:runningVacation', '1');
INSERT INTO `t_resource` VALUES ('12', '', 'button', null, '11', '0/1/11/', 'user:vacation:list', '1');
INSERT INTO `t_resource` VALUES ('13', '', 'button', null, '11', '0/1/11/', '*:vacation:details', '1');
INSERT INTO `t_resource` VALUES ('14', '', 'button', null, '11', '0/1/11/', 'user:salary:list', '1');
INSERT INTO `t_resource` VALUES ('15', '', 'button', null, '11', '0/1/11/', 'user:salary:details', '1');
INSERT INTO `t_resource` VALUES ('16', '', 'button', null, '11', '0/1/11/', 'user:expense:list', '1');
INSERT INTO `t_resource` VALUES ('17', '', 'button', null, '11', '0/1/11/', 'user:expense:details', '1');
INSERT INTO `t_resource` VALUES ('21', '', 'menu', 'processAction/userTaskList', '1', '0/1/', 'user:*', '1');
INSERT INTO `t_resource` VALUES ('22', '', 'button', null, '21', '0/1/21/', 'user:task:todoTask', '1');
INSERT INTO `t_resource` VALUES ('23', '', 'button', null, '21', '0/1/21/', 'user:task:doTask', '1');
INSERT INTO `t_resource` VALUES ('24', '', 'button', '', '21', '0/1/21/', 'user:task:claim', '1');
INSERT INTO `t_resource` VALUES ('25', '', 'button', '', '21', '0/1/21/', 'user:vacation:toApproval', '1');
INSERT INTO `t_resource` VALUES ('26', '', 'button', '', '21', '0/1/21/', 'user:salary:toApproval', '1');
INSERT INTO `t_resource` VALUES ('27', '', 'button', '', '21', '0/1/21/', 'user:expense:toApproval', '1');
INSERT INTO `t_resource` VALUES ('28', '', 'button', null, '21', '0/1/21/', 'user:*:complate', '1');
INSERT INTO `t_resource` VALUES ('29', '', 'button', null, '21', '0/1/21/', 'user:*:modify', '1');
INSERT INTO `t_resource` VALUES ('31', '', 'menu', 'vacationAction/toAdd', '1', '0/1/', 'user:vacation:*', '1');
INSERT INTO `t_resource` VALUES ('32', '', 'button', null, '31', '0/1/31/', '*:vacation:doAdd', '1');
INSERT INTO `t_resource` VALUES ('41', '', 'menu', 'expenseAction/toAdd', '1', '0/1/', 'user:expense:*', '1');
INSERT INTO `t_resource` VALUES ('42', '', 'button', null, '41', '0/1/41/', 'user:expense:doAdd', '1');
INSERT INTO `t_resource` VALUES ('51', '', 'menu', 'salaryAction/toAdd', '1', '0/1/', 'user:salary:*', '1');
INSERT INTO `t_resource` VALUES ('52', '', 'button', null, '51', '0/1/51/', 'user:salary:doAdd', '1');
INSERT INTO `t_resource` VALUES ('61', '', 'menu', 'groupAction/permissionAssignment', '1', '0/1/', 'admin:*', '1');
INSERT INTO `t_resource` VALUES ('62', 'to', 'button', null, '61', '0/1/61', 'admin:group:toAdd', '1');
INSERT INTO `t_resource` VALUES ('63', '', 'button', null, '61', '0/1/61/', 'admin:group:doAdd', '1');
INSERT INTO `t_resource` VALUES ('64', 'to', 'button', null, '61', '0/1/61/', 'admin:group:toUpdate', '1');
INSERT INTO `t_resource` VALUES ('65', '', 'button', null, '61', '0/1/61/', 'admin:group:doUpdate', '1');
INSERT INTO `t_resource` VALUES ('71', '', 'menu', 'userAction/userDatagrid', '1', '0/1/', 'admin:*', '1');
INSERT INTO `t_resource` VALUES ('72', 'to', 'button', null, '71', '0/1/71/', 'admin:user:toAdd', '1');
INSERT INTO `t_resource` VALUES ('73', '', 'button', null, '71', '0/1/71/', 'admin:user:doAdd', '1');
INSERT INTO `t_resource` VALUES ('74', 'to', 'button', null, '71', '0/1/71/', 'admin:user:toUpdate', '1');
INSERT INTO `t_resource` VALUES ('75', '', 'button', null, '71', '0/1/71/', 'admin:user:doUpdate', '1');
INSERT INTO `t_resource` VALUES ('81', '', 'menu', 'processAction/process/toListProcessInstance', '1', '0/1/', 'admin:process:*', '1');
INSERT INTO `t_resource` VALUES ('91', '', 'menu', 'processAction/process/toListProcessManager', '1', '0/1/', 'admin:process:*', '1');
INSERT INTO `t_resource` VALUES ('92', '', 'button', null, '91', '0/1/91/', 'admin:process:suspend', '1');
INSERT INTO `t_resource` VALUES ('93', '', 'buton', null, '91', '0/1/91/', 'admin:process:active', '1');
INSERT INTO `t_resource` VALUES ('100', '', 'menu', 'userAction/toListOnlineUser', '1', '0/1/', 'admin:*', '1');
INSERT INTO `t_resource` VALUES ('101', '', 'button', null, '100', '0/1/100/', 'admin:session:forceLogout', '1');
INSERT INTO `t_resource` VALUES ('102', '', 'menu', 'modelAction/toListModel', '1', '0/1/', 'admin:process:*', '1');
INSERT INTO `t_resource` VALUES ('103', '', 'button', null, '81', '0/1/81/', 'user:process:trace', '1');
INSERT INTO `t_resource` VALUES ('104', '', 'button', null, '81', '0/1/81/', 'user:process:finished', '1');
INSERT INTO `t_resource` VALUES ('105', '', 'button', null, '81', '0/1/81/', 'user:process:runningVacation', '1');
INSERT INTO `t_resource` VALUES ('106', '', 'button', null, '81', '0/1/81/', 'user:process:runningExpense', '1');
INSERT INTO `t_resource` VALUES ('107', '', 'button', null, '81', '0/1/81/', 'user:process:runningSalary', '1');
INSERT INTO `t_resource` VALUES ('108', '', 'button', null, '71', '0/1/71/', 'admin:user:syncUser', '1');
INSERT INTO `t_resource` VALUES ('109', '', 'menu', 'permissionAction/toListBpmn', '1', '0/1/', 'admin:*', '1');
INSERT INTO `t_resource` VALUES ('110', '', 'button', null, '109', '0/1/109/', 'admin:permission:init', '1');
INSERT INTO `t_resource` VALUES ('111', '', 'menu', 'resourceAction/toList', '117', '0/1/', 'admin:*', '1');
INSERT INTO `t_resource` VALUES ('113', '()', 'menu', 'superviserReveive//toSuperviseReceive', '1', '0/1/', 'admin:*', '0');
INSERT INTO `t_resource` VALUES ('114', '', 'menu', 'workOrderAction/toAdd', '1', '0/1/', 'user:workOrder:*', '1');
INSERT INTO `t_resource` VALUES ('115', '', 'menu', 'workOrderAction/workOrderDatagrid', '1', '', 'user:workOrder.*', '1');
INSERT INTO `t_resource` VALUES ('116', '', 'menu', 'projectAction/projectDatagrid', '117', '0/1', 'admin.*', '1');
INSERT INTO `t_resource` VALUES ('117', '', 'menu', '', '1', '0/1/', '*', '1');
INSERT INTO `t_resource` VALUES ('118', '', 'menu', 'domainAction/domainDatagrid', '117', '0/1/6', '*', '1');

-- ----------------------------
-- Table structure for `t_salary`
-- ----------------------------
DROP TABLE IF EXISTS `t_salary`;
CREATE TABLE `t_salary` (
  `ID` int(11) NOT NULL AUTO_INCREMENT,
  `BASE_MONEY` decimal(19,2) DEFAULT NULL,
  `USER_ID` varchar(255) DEFAULT NULL,
  PRIMARY KEY (`ID`)
) ENGINE=InnoDB AUTO_INCREMENT=3 DEFAULT CHARSET=utf8;

-- ----------------------------
-- Records of t_salary
-- ----------------------------
INSERT INTO `t_salary` VALUES ('1', '500.00', '12');
INSERT INTO `t_salary` VALUES ('2', '20000.00', '13');

-- ----------------------------
-- Table structure for `t_salary_adjust`
-- ----------------------------
DROP TABLE IF EXISTS `t_salary_adjust`;
CREATE TABLE `t_salary_adjust` (
  `ID` int(11) NOT NULL AUTO_INCREMENT,
  `ADJUST_MONEY` decimal(19,2) DEFAULT NULL,
  `APPLY_DATE` date DEFAULT NULL,
  `DSCP` varchar(255) DEFAULT NULL,
  `PROC_INST_ID` varchar(255) DEFAULT NULL,
  `USER_ID` varchar(255) DEFAULT NULL,
  `STATUS` varchar(255) DEFAULT NULL,
  PRIMARY KEY (`ID`)
) ENGINE=InnoDB AUTO_INCREMENT=37 DEFAULT CHARSET=utf8;

-- ----------------------------
-- Records of t_salary_adjust
-- ----------------------------
INSERT INTO `t_salary_adjust` VALUES ('24', '10000.00', '2015-07-14', '', '262526', '13', 'APPROVAL_SUCCESS');
INSERT INTO `t_salary_adjust` VALUES ('25', '18000.00', '2015-07-15', '', '270026', '13', 'APPROVAL_SUCCESS');
INSERT INTO `t_salary_adjust` VALUES ('26', '20000.00', '2015-07-15', '', '272501', '13', 'APPROVAL_SUCCESS');
INSERT INTO `t_salary_adjust` VALUES ('27', '20500.00', '2015-07-15', 'comment', '275005', '13', 'PENDING');
INSERT INTO `t_salary_adjust` VALUES ('28', '26000.00', '2015-07-16', '1111', '280005', '13', 'APPROVAL_FAILED');
INSERT INTO `t_salary_adjust` VALUES ('29', '25000.00', '2015-07-15', '111', '285001', '13', 'APPROVAL_SUCCESS');
INSERT INTO `t_salary_adjust` VALUES ('30', '30000.00', '2015-07-16', '123', '295029', '13', 'APPROVAL_FAILED');
INSERT INTO `t_salary_adjust` VALUES ('31', '31000.00', '2015-07-16', '232', '297501', '13', 'APPROVAL_FAILED');
INSERT INTO `t_salary_adjust` VALUES ('32', '123456.00', '2015-07-16', '123', '297539', '13', 'PENDING');
INSERT INTO `t_salary_adjust` VALUES ('33', '20000.00', '2015-07-16', '123', '300017', '13', 'APPROVAL_SUCCESS');
INSERT INTO `t_salary_adjust` VALUES ('34', '20000.00', '2015-07-17', '123123', null, '16', 'PENDING');
INSERT INTO `t_salary_adjust` VALUES ('35', '22000.00', '2015-07-17', '112233', '305001', '13', 'APPROVAL_SUCCESS');
INSERT INTO `t_salary_adjust` VALUES ('36', '22000.00', '2015-07-20', '888', '310001', '13', 'PENDING');

-- ----------------------------
-- Table structure for `t_user`
-- ----------------------------
DROP TABLE IF EXISTS `t_user`;
CREATE TABLE `t_user` (
  `USER_ID` int(11) NOT NULL AUTO_INCREMENT,
  `USER_NAME` varchar(255) DEFAULT NULL,
  `USER_PWD` varchar(255) DEFAULT NULL,
  `REG_DATE` date DEFAULT NULL,
  `GROUP_ID` int(11) DEFAULT NULL,
  `LOCKED` int(11) DEFAULT NULL,
  `USER_SALT` varchar(255) DEFAULT NULL,
  `REAL_NAME` varchar(255) DEFAULT NULL COMMENT '',
  `EMAIL` varchar(255) DEFAULT NULL COMMENT '',
  `MOBILE_PHONE` varchar(50) DEFAULT NULL COMMENT '',
  PRIMARY KEY (`USER_ID`),
  KEY `FK_n76p61r4jd9duyf1c2njxx041` (`GROUP_ID`),
  CONSTRAINT `FK_n76p61r4jd9duyf1c2njxx041` FOREIGN KEY (`GROUP_ID`) REFERENCES `t_group` (`GROUP_ID`)
) ENGINE=InnoDB AUTO_INCREMENT=48 DEFAULT CHARSET=utf8;

-- ----------------------------
-- Records of t_user
-- ----------------------------
INSERT INTO `t_user` VALUES ('14', 'admin', 'a45e1a924d34e46ba5c20a23e9910070', '2015-01-19', '7', '0', '16e7a2fa2736c1964c749acae353bac1', '', null, null);
INSERT INTO `t_user` VALUES ('20', 'lichen', 'b755b9031cdb3b93f29382115611aeca', null, '11', '0', 'b15a2f18d059b3abe380ed4d85aaefe0', '', 'lichen@mail.haoyisheng.com', '12345678');
INSERT INTO `t_user` VALUES ('22', 'lilili', '803e7e4d900c21f0f8f889f7e6816df4', null, '12', '0', '171c17d6c4688d3f8295298a8ffb05c7', '', null, null);
INSERT INTO `t_user` VALUES ('23', 'liuyang', '0dacfb4fcd8a44e53d3c9625ceb038dd', '2018-05-25', '12', '0', '9e442b4c2e97816b4346165240ff0f61', '', null, null);
INSERT INTO `t_user` VALUES ('25', 'liuwei', '820a671bc2cfc55f7c9550aafe53c29c', null, '13', '0', 'bc954e325297255d33aa92882b8d52ba', '', null, null);
INSERT INTO `t_user` VALUES ('26', 'lijinyao', '2d4692d068d07a9fb47f6f14ecb801b9', null, '13', '0', '31b26b8a8930043384014b5d88b57e32', '', null, null);
INSERT INTO `t_user` VALUES ('28', 'lvlin', 'e74a89dd4b02743c5c4956e85873a795', null, '22', '0', 'a9a1a4294ff0f1c8541c3758e022ab2d', '', 'lvlin@mail.haoyisheng.com', '123456');
INSERT INTO `t_user` VALUES ('29', 'baimengmeng', '17a04bb20c3019717eeef993bbccc52c', null, '22', '0', 'cf26c26f92d8cf860db2024bd95f0e95', '', 'baimengmeng@mail.haoyisheng.com', '123456');
INSERT INTO `t_user` VALUES ('30', 'tianzhiqiang', '07df832b5d191fb10fd1eaca4d49728a', '2018-05-28', '14', '0', '5f74a07e0ec00d39555b295726a28981', '', null, null);
INSERT INTO `t_user` VALUES ('31', 'zhangyali', '2a0fe9f247ac775b8d530db2b58dd310', '2018-05-28', '14', '0', '2cd145eaaeaa45d6e7e911174003c7a2', '', null, null);
INSERT INTO `t_user` VALUES ('32', 'xutao', 'd79f483b2ec0ffe302c5e016f3844817', '2018-05-28', '14', '0', 'd313443f413fdc0ca5ae77e9f794635e', '', null, null);
INSERT INTO `t_user` VALUES ('33', 'zhaoshilin', '4ff258c19a86299d0b790fee91a50bf5', '2018-05-28', '15', '0', '8f5603ae92317764f7cbef549b63ea72', '', null, null);
INSERT INTO `t_user` VALUES ('34', 'yuguoliang', '0c246c35c8ba19ed52ab6ea86b16544e', '2018-05-28', '11', '0', 'dd3ced45e2a476cb72e6138582e2d2c1', '', null, null);
INSERT INTO `t_user` VALUES ('35', 'liuyufeng', 'f315921169403fc4a69ad1147cbbdfc6', '2018-05-28', '12', '0', 'd30182a6c18b99914b6d7b3326789a49', '', null, null);
INSERT INTO `t_user` VALUES ('36', 'maxiaobin', '9cd33085509f877caa86e89ad0ab1eca', '2018-05-28', '15', '0', 'dafd373ea3cff4c82b99c1f9c9c464ea', '', null, null);
INSERT INTO `t_user` VALUES ('37', 'muminghui', '5e6db6021536c45e585393271d2360d5', '2018-05-28', '14', '0', '63086d3f5431e336e323bfb731b6bc47', '', null, null);
INSERT INTO `t_user` VALUES ('38', 'sunkang', 'c24a1edc4cdbbab33d76bf383bbd701b', '2018-05-28', '15', '0', '9b6150d1402a07a6fb79fd10a354f54d', '', null, null);
INSERT INTO `t_user` VALUES ('39', 'xiongwei', '8e6d9a37f65b8be4b25d858f8b6ff584', '2018-05-28', '14', '0', '055a09c6b2de0bb576d0d9ff3011a8f5', '', null, null);
INSERT INTO `t_user` VALUES ('40', 'zouyuanchao', 'c944b2c4f35b4c5041ed7342312a8cf2', '2018-05-28', '11', '0', 'cbd846603e4215b13f97b8bc9d9e8874', '', null, null);
INSERT INTO `t_user` VALUES ('41', 'zhangwei', '96e66d84203934d7b3e85b334e7c1c9b', '2018-05-28', '16', '0', '43d1b4b0ab523dff7de391b1c70cf29d', '', null, null);
INSERT INTO `t_user` VALUES ('42', 'jiangkuan', 'c3d53ea56fd36118e7d3c724a7e1ea64', '2018-05-28', '16', '0', '3398d1a3ebfbe7b6cde6b4c91f42204c', '', null, null);
INSERT INTO `t_user` VALUES ('43', 'jiangweifeng', '8454084afe1b7ecfcdb81a2ec6a02174', '2018-05-28', '17', '0', '41b6017bdacb811041ef7d1cd7313955', '', null, null);
INSERT INTO `t_user` VALUES ('44', 'zhangxuejiao', 'f561b2645fa07024c84f195dcfaf621f', '2018-05-28', '17', '0', '1b8737e5a713f90cd1dc55f043077b0d', '', null, null);
INSERT INTO `t_user` VALUES ('45', 'yangzhijuan', 'a26afe20a73942092ed30c7ec02ab13a', '2018-05-28', '19', '0', 'f8132ddbb51a802163d56e63d421303f', '', null, null);
INSERT INTO `t_user` VALUES ('46', 'miaowenqing', 'e14564169e25016c97aeae507f8f77c3', '2018-05-28', '19', '0', '8a3711c33cecccc53a3dcb01a5990e06', '', null, null);
INSERT INTO `t_user` VALUES ('47', 'yuanmingyue', '61cb89ef012b7d2869ade5c98d5bd179', '2018-07-03', '19', '0', 'daa75796dce5676c1a428435a499a890', '', null, null);

-- ----------------------------
-- Table structure for `t_user_task`
-- ----------------------------
DROP TABLE IF EXISTS `t_user_task`;
CREATE TABLE `t_user_task` (
  `ID` int(11) NOT NULL AUTO_INCREMENT,
  `PROC_DEF_KEY` varchar(255) DEFAULT NULL,
  `PROC_DEF_NAME` varchar(255) DEFAULT NULL,
  `TASK_DEF_KEY` varchar(255) DEFAULT NULL,
  `TASK_NAME` varchar(255) DEFAULT NULL,
  `TASK_TYPE` varchar(255) DEFAULT NULL,
  `CANDIDATE_NAME` varchar(255) DEFAULT NULL,
  `CANDIDATE_IDS` varchar(255) DEFAULT NULL,
  `VAR_NAME` varchar(255) DEFAULT NULL,
  PRIMARY KEY (`ID`)
) ENGINE=InnoDB AUTO_INCREMENT=44 DEFAULT CHARSET=utf8;

-- ----------------------------
-- Records of t_user_task
-- ----------------------------
INSERT INTO `t_user_task` VALUES ('31', 'com.zml.oa.vacation', '', 'managerAudit', '', 'assignee', '', '15', null);
INSERT INTO `t_user_task` VALUES ('32', 'com.zml.oa.vacation', '', 'directorAudit', '', 'candidateUser', ',2', '16,19', null);
INSERT INTO `t_user_task` VALUES ('33', 'com.zml.oa.vacation', '', 'modifyApply', '', 'modify', '', '0', null);
INSERT INTO `t_user_task` VALUES ('34', 'com.zml.oa.vacation', '', 'hrAudit', '', 'candidateGroup', '', '5', null);
INSERT INTO `t_user_task` VALUES ('35', 'com.zml.oa.salary', '', 'directorAudit', '', 'candidateGroup', '', '2', null);
INSERT INTO `t_user_task` VALUES ('36', 'com.zml.oa.salary', '', 'hrAudit', '', 'assignee', '', '17', null);
INSERT INTO `t_user_task` VALUES ('37', 'com.zml.oa.salary', '', 'bossAudit', '', 'assignee', '', '4', null);
INSERT INTO `t_user_task` VALUES ('38', 'com.zml.oa.salary', '', 'modifyApply', '', 'modify', '', '0', null);
INSERT INTO `t_user_task` VALUES ('39', 'com.zml.oa.expense', '', 'financeAudit', '', 'assignee', '', '5', null);
INSERT INTO `t_user_task` VALUES ('40', 'com.zml.oa.expense', '', 'payForMoney', '', null, '', '', null);
INSERT INTO `t_user_task` VALUES ('41', 'WorkOrder', '', 'tester', '', 'groupOrAssignee', '', '12', 'testerId');
INSERT INTO `t_user_task` VALUES ('42', 'WorkOrder', '', 'webmaster', '', 'candidateGroup', '', '13', null);
INSERT INTO `t_user_task` VALUES ('43', 'WorkOrder', '', 'commiter', '', 'groupOrAssignee', '', '12', 'commiterId');

-- ----------------------------
-- Table structure for `t_vacation`
-- ----------------------------
DROP TABLE IF EXISTS `t_vacation`;
CREATE TABLE `t_vacation` (
  `ID` int(11) NOT NULL AUTO_INCREMENT,
  `APPLY_DATE` date DEFAULT NULL,
  `BEGIN_DATE` date DEFAULT NULL,
  `WORK_DAYS` int(11) DEFAULT NULL,
  `END_DATE` date DEFAULT NULL,
  `PROC_INST_ID` varchar(255) DEFAULT NULL,
  `REASON` varchar(255) DEFAULT NULL,
  `STATUS` varchar(20) DEFAULT NULL,
  `USER_ID` int(11) DEFAULT NULL,
  `VAC_TYPE` int(11) DEFAULT NULL,
  PRIMARY KEY (`ID`)
) ENGINE=InnoDB AUTO_INCREMENT=7 DEFAULT CHARSET=utf8;

-- ----------------------------
-- Records of t_vacation
-- ----------------------------
INSERT INTO `t_vacation` VALUES ('1', '2015-07-16', '2015-07-16', '6', '2015-07-23', '290001', '123123', 'APPROVAL_SUCCESS', '13', '1');
INSERT INTO `t_vacation` VALUES ('2', '2018-05-02', '2018-05-02', '1', '2018-05-03', '5001', '', 'PENDING', '13', '1');
INSERT INTO `t_vacation` VALUES ('3', '2018-05-02', '2018-05-02', '5', '2018-05-08', '5012', '', 'PENDING', '13', '0');
INSERT INTO `t_vacation` VALUES ('4', '2018-05-02', '2018-05-02', '1', '2018-05-03', '7501', 'why?', 'APPROVAL_SUCCESS', '13', '0');
INSERT INTO `t_vacation` VALUES ('5', '2018-05-07', '2018-05-07', '2', '2018-05-09', '27501', '', 'APPROVAL_SUCCESS', '13', '0');
INSERT INTO `t_vacation` VALUES ('6', '2018-05-16', '2018-05-17', '1', '2018-05-18', '32507', '', 'PENDING', '13', '1');

-- ----------------------------
-- Table structure for `t_work_order`
-- ----------------------------
DROP TABLE IF EXISTS `t_work_order`;
CREATE TABLE `t_work_order` (
  `ID` int(11) NOT NULL AUTO_INCREMENT,
  `APPLY_DATE` datetime DEFAULT NULL COMMENT '',
  `PROJECT_ID` int(11) DEFAULT NULL COMMENT 'ID',
  `APPLY_USER_ID` int(11) DEFAULT NULL COMMENT 'ID',
  `BUSINESS_AUDIT_USER_ID` int(11) DEFAULT NULL COMMENT 'ID',
  `BUSINESS_AUDIT_DATE` datetime DEFAULT NULL COMMENT '',
  `CODER_ID` int(11) DEFAULT NULL COMMENT 'ID',
  `CODER_AUDIT_ID` int(11) DEFAULT NULL COMMENT 'ID',
  `CODER_AUDIT_DATE` datetime DEFAULT NULL COMMENT '',
  `TESTER_ID` int(11) DEFAULT NULL COMMENT 'ID',
  `TESTER_AUDIT_ID` int(11) DEFAULT NULL COMMENT 'ID',
  `TEST_AUDIT_DATE` datetime DEFAULT NULL COMMENT '',
  `WEB_MASTER_ID` int(11) DEFAULT NULL COMMENT 'ID',
  `DEPLOY_DATE` datetime DEFAULT NULL COMMENT '',
  `VERIFY_DATE` datetime DEFAULT NULL COMMENT '',
  `CODER_VERSION` varchar(200) DEFAULT NULL COMMENT '',
  `DOMAIN` varchar(200) DEFAULT NULL COMMENT '',
  `CODER_SVN` varchar(300) DEFAULT NULL COMMENT 'SVN',
  `TEST_VERSION` varchar(200) DEFAULT NULL COMMENT '',
  `TEST_SVN` varchar(300) DEFAULT NULL COMMENT 'SVN',
  `DEVELOP_EXPLAIN` varchar(500) DEFAULT NULL COMMENT '',
  `MEMO` varchar(500) DEFAULT NULL COMMENT '',
  `PROC_INST_ID` varchar(255) DEFAULT NULL,
  `STATUS` varchar(255) DEFAULT NULL,
  `APPLY_USER` varchar(100) DEFAULT NULL COMMENT '',
  `BUSINESS_AUDIT_USER` varchar(100) DEFAULT '' COMMENT '',
  `CODER` varchar(100) DEFAULT NULL COMMENT '',
  `CODER_AUDIT` varchar(100) DEFAULT NULL COMMENT '',
  `TESTER` varchar(100) DEFAULT NULL COMMENT '',
  `TESTER_AUDIT` varchar(100) DEFAULT NULL COMMENT '',
  `WEB_MASTER` varchar(100) DEFAULT NULL COMMENT '',
  `CODER_DATE` datetime DEFAULT NULL COMMENT '',
  `TESTER_DATE` datetime DEFAULT NULL COMMENT '',
  `WEB_MASTER_AUDIT` varchar(100) DEFAULT NULL COMMENT '',
  `WEB_MASTER_AUDIT_ID` int(11) DEFAULT NULL COMMENT 'ID',
  `WEB_MASTER_AUDIT_DATE` datetime DEFAULT NULL COMMENT '',
  `PRIORITY` int(11) DEFAULT NULL,
  `TYPE` varchar(50) DEFAULT '',
  `COMMITER` varchar(100) DEFAULT NULL COMMENT '',
  `COMMITER_ID` int(11) DEFAULT NULL COMMENT 'ID',
  `TEST_DESC` varchar(500) DEFAULT NULL COMMENT '',
  `COMMITER_DATE` datetime DEFAULT NULL COMMENT '',
  `domain_ID` int(11) DEFAULT NULL,
  PRIMARY KEY (`ID`),
  KEY `FK_7cmqn5dsh006u9s1uv7at9chl` (`PROJECT_ID`),
  KEY `FK_dqcuii80ey7b9ly7jurkdv93` (`domain_ID`),
  CONSTRAINT `FK_7cmqn5dsh006u9s1uv7at9chl` FOREIGN KEY (`PROJECT_ID`) REFERENCES `t_project` (`id`),
  CONSTRAINT `FK_dqcuii80ey7b9ly7jurkdv93` FOREIGN KEY (`domain_ID`) REFERENCES `t_domain` (`id`)
) ENGINE=InnoDB AUTO_INCREMENT=74 DEFAULT CHARSET=utf8;

-- ----------------------------
-- Records of t_work_order
-- ----------------------------
INSERT INTO `t_work_order` VALUES ('28', '2018-05-25 17:30:50', '1', '13', '18', '2018-05-28 11:55:19', '20', null, null, null, null, null, null, null, null, null, '123', null, null, null, '123', null, null, 'PENDING', '', '2n', 'n', null, null, null, null, null, null, null, null, null, null, '', null, null, null, null, null);
INSERT INTO `t_work_order` VALUES ('29', '2018-05-28 12:22:33', '1', '13', '18', '2018-05-28 13:05:33', '20', null, null, null, null, null, null, null, null, null, 'www', null, null, null, 'www', null, '120006', 'PENDING', '', '2n', 'n', null, null, null, null, null, null, null, null, null, null, '', null, null, null, null, null);
INSERT INTO `t_work_order` VALUES ('30', '2018-05-29 12:39:10', '2', '41', '42', '2018-05-29 12:40:04', '20', '20', '2018-05-29 12:40:56', '23', '23', '2018-05-29 12:42:24', '25', '2018-05-29 12:43:12', '2018-05-29 12:43:52', '3875', 'jypx.chinacme.net', 'http://192.168.191.4/svn/hyssip/jypx', '3399', 'svn://192.168.192.13/www.bjxy.haoyisheng.com-/sip', 'bug', null, '130001', 'APPROVAL_SUCCESS', '', '', '', '', '', '', '', '2018-05-29 12:40:44', '2018-05-29 12:41:47', '', '25', '2018-05-29 12:43:24', null, '', null, null, null, null, null);
INSERT INTO `t_work_order` VALUES ('31', '2018-05-30 12:57:40', '1', '23', '23', '2018-05-30 12:58:43', '20', '20', '2018-05-30 13:01:07', '23', '23', '2018-05-30 13:02:54', '25', '2018-05-30 13:20:20', null, '12323', '123', 'http://192.168.191.4/svn/hyssip/src/hyssip_bx', '12321', 'svn://192.168.192.13/www.bjxy.haoyisheng.com-/sip', '1232', null, '132501', 'PENDING', '', '', '', '', '', '', '', '2018-05-30 13:00:44', '2018-05-30 13:01:54', '', '25', '2018-05-30 13:20:26', null, '', null, null, null, null, null);
INSERT INTO `t_work_order` VALUES ('32', '2018-06-29 16:15:09', '2', '20', '20', '2018-06-29 16:29:20', '20', '20', '2018-06-29 16:29:52', '23', null, null, null, null, null, '123', 'www.sdf', 'http://192.168.191.4/svn/hyssip/jypx', '', 'svn://192.168.192.13/www.bjxy.haoyisheng.com-/sip', 'sdfff', null, '137501', 'PENDING', '', '', '', '', '', null, null, '2018-06-29 16:29:36', '2018-06-29 16:30:54', null, null, null, '50', '', null, null, null, null, null);
INSERT INTO `t_work_order` VALUES ('33', '2018-06-29 16:35:15', '1', '20', '20', '2018-06-29 16:35:31', '20', '20', '2018-06-29 16:36:09', '23', '23', '2018-06-29 16:37:16', '25', '2018-06-29 16:38:07', '2018-06-29 16:38:55', 'ssf.sdffdl.com', 'sfsdf', 'http://192.168.191.4/svn/hyssip/src/hyssip_bx', '123', 'svn://192.168.192.13/www.bjxy.haoyisheng.com-/sip', 'w333', null, '137513', 'APPROVAL_SUCCESS', '', '', '', '', '', '', '', '2018-06-29 16:35:49', '2018-06-29 16:37:04', '', '25', '2018-06-29 16:38:21', '60', '', null, null, null, null, null);
INSERT INTO `t_work_order` VALUES ('34', '2018-07-03 09:36:45', '1', '47', '46', '2018-07-03 09:45:12', '32', '31', '2018-07-03 09:48:08', null, null, null, null, null, null, '1234', 'www.bjxy.haoyisheng.com', 'http://192.168.191.4/svn/hyssip/src/hyssip_bx', null, null, '', null, '140002', 'PENDING', '', '', '', '', null, null, null, '2018-07-03 09:47:32', null, null, null, null, '60', '', null, null, null, null, null);
INSERT INTO `t_work_order` VALUES ('35', '2018-07-03 09:36:51', '1', '47', '46', '2018-07-03 09:45:23', '32', null, null, null, null, null, null, null, null, null, 'www.bjxy.haoyisheng.com', null, null, null, '', null, '140015', 'PENDING', '', '', '', null, null, null, null, null, null, null, null, null, '60', '', null, null, null, null, null);
INSERT INTO `t_work_order` VALUES ('36', '2018-07-03 09:40:58', '1', '47', '46', '2018-07-03 09:45:27', '20', null, null, null, null, null, null, null, null, null, 'www.bjxy.haoyisheng.com', null, null, null, '', null, '140028', 'PENDING', '', '', '', null, null, null, null, null, null, null, null, null, '50', '', null, null, null, null, null);
INSERT INTO `t_work_order` VALUES ('37', '2018-07-03 09:41:21', '1', '47', '46', '2018-07-03 09:45:32', '20', null, null, null, null, null, null, null, null, null, 'www.bjxy.haoyisheng.com', null, null, null, '', null, '140041', 'PENDING', '', '', '', null, null, null, null, null, null, null, null, null, '50', '', null, null, null, null, null);
INSERT INTO `t_work_order` VALUES ('38', '2018-07-03 09:41:30', '1', '47', '46', '2018-07-03 09:45:35', '20', null, null, null, null, null, null, null, null, null, 'www.bjxy.haoyisheng.com', null, null, null, '', null, '140054', 'PENDING', '', '', '', null, null, null, null, null, null, null, null, null, '50', '', null, null, null, null, null);
INSERT INTO `t_work_order` VALUES ('39', '2018-07-03 09:42:14', '1', '47', '46', '2018-07-03 09:45:39', '20', null, null, null, null, null, null, null, null, null, 'www.bjxy.haoyisheng.com', null, null, null, '', null, '140067', 'PENDING', '', '', '', null, null, null, null, null, null, null, null, null, '50', '', null, null, null, null, null);
INSERT INTO `t_work_order` VALUES ('40', '2018-07-03 09:43:47', '1', '20', null, null, null, null, null, null, null, null, null, null, null, null, 'www.bjxy.haoyisheng.com', null, null, null, '123213213', null, null, 'PENDING', '', '', '', null, null, null, null, null, null, null, null, null, '50', '', null, null, null, null, null);
INSERT INTO `t_work_order` VALUES ('41', '2018-07-03 09:43:55', '1', '20', null, null, '20', null, null, null, null, null, null, null, null, null, 'www.bjxy.haoyisheng.com', null, null, null, '123213213', null, '140080', 'PENDING', '', '', '', null, null, null, null, null, null, null, null, null, '50', '', null, null, null, null, null);
INSERT INTO `t_work_order` VALUES ('42', '2018-07-03 14:12:25', '1', '20', '34', '2018-07-03 15:35:23', '40', '20', '2018-07-03 17:02:21', null, null, null, null, null, null, '33', 'www.sdf.com', 'http://192.168.191.4/svn/hyssip/src/hyssip_bx', null, null, 'ces', null, '147501', 'PENDING', '', '', '', '', null, null, null, '2018-07-03 17:01:33', null, null, null, null, '50', '', null, null, null, null, null);
INSERT INTO `t_work_order` VALUES ('43', '2018-07-03 17:31:01', '1', '23', '23', '2018-07-03 17:31:21', '20', '20', '2018-07-03 17:32:01', '22', '23', '2018-07-03 17:38:27', '26', '2018-07-04 09:00:06', '2018-07-04 09:07:04', '66', 'www.sdff.com', 'http://192.168.191.4/svn/hyssip/src/hyssip_bx', '', 'svn://192.168.192.13/www.bjxy.haoyisheng.com-/sip', '', null, '155016', 'APPROVAL_SUCCESS', '', '', '', '', '', '', '', '2018-07-03 17:31:49', '2018-07-03 17:37:45', '', '25', '2018-07-04 09:06:29', '50', '', '', '22', '', '2018-07-03 17:37:57', null);
INSERT INTO `t_work_order` VALUES ('44', '2018-07-04 09:40:57', '1', '20', '20', '2018-07-04 10:23:59', '20', '20', '2018-07-04 10:26:47', '23', '23', '2018-07-04 10:29:00', '25', '2018-07-04 10:46:00', '2018-07-04 10:55:08', '1234', 'www.baidu.com', 'http://192.168.191.4/svn/hyssip/src/hyssip_bx', '1232321', 'svn://192.168.192.13/www.bjxy.haoyisheng.com-/sip', '', null, '167501', 'APPROVAL_SUCCESS', '', '', '', '', '', '', '', '2018-07-04 10:24:37', '2018-07-04 10:27:42', '', '25', '2018-07-04 10:47:08', '50', '', '', '22', '', '2018-07-04 10:28:24', null);
INSERT INTO `t_work_order` VALUES ('45', '2018-07-04 09:45:09', '1', '20', '20', '2018-07-04 09:45:20', '34', '20', '2018-07-04 10:03:30', '35', '23', '2018-07-04 10:07:00', '26', '2018-07-04 10:08:10', '2018-07-04 10:09:27', '66', 'www.baidu.com', 'http://192.168.191.4/svn/hyssip/src/hyssip_bx', '3068,3069', 'svn://192.168.192.13/www.bjxy.haoyisheng.com-/sip', '', null, '167513', 'APPROVAL_SUCCESS', '', '', '', '', '', '', '', '2018-07-04 10:02:54', '2018-07-04 10:04:00', '', '25', '2018-07-04 10:09:01', '60', '', '', '22', '', '2018-07-04 10:04:43', null);
INSERT INTO `t_work_order` VALUES ('46', '2018-07-04 10:31:49', '3', '47', '46', '2018-07-04 10:33:40', '31', '31', '2018-07-04 14:24:17', '35', '23', '2018-07-05 10:32:34', '26', '2018-07-05 10:33:02', '2018-07-05 10:34:06', '12345', 'test', 'sfsdf', '11111', '33333', 'test1232', null, '172531', 'APPROVAL_SUCCESS', '', '', '', '', '', '', '', '2018-07-04 10:36:09', '2018-07-05 10:31:17', '', '25', '2018-07-05 10:33:23', '50', '', '', '22', 'dsfdsfa', '2018-07-05 10:32:08', null);
INSERT INTO `t_work_order` VALUES ('47', '2018-07-04 13:35:46', '1', '23', '23', '2018-07-04 13:36:44', '40', '20', '2018-07-04 13:39:32', '23', '23', '2018-07-04 13:41:34', '26', '2018-07-04 13:42:24', '2018-07-04 13:44:14', '123213', '123213', 'http://192.168.191.4/svn/hyssip/src/hyssip_bx', '123213213', 'svn://192.168.192.13/www.bjxy.haoyisheng.com-/sip', '12321', null, '172594', 'APPROVAL_SUCCESS', '', '', '', '', '', '', '', '2018-07-04 13:38:04', '2018-07-04 13:40:48', '', '25', '2018-07-04 13:43:16', '50', '', '', '23', '123213213', '2018-07-04 13:41:22', null);
INSERT INTO `t_work_order` VALUES ('48', '2018-07-04 14:17:37', '1', '33', '33', '2018-07-04 14:19:21', '36', '33', '2018-07-04 16:01:23', '22', '23', '2018-07-04 16:03:09', '26', '2018-07-04 16:04:21', '2018-07-04 16:07:09', '234', '111', 'http://192.168.191.4/svn/hyssip/src/hyssip_bx', '30124', 'svn://192.168.192.13/www.bjxy.haoyisheng.com-/sip', '1111', null, '172648', 'APPROVAL_SUCCESS', '', '', '', '', '', '', '', '2018-07-04 16:00:38', '2018-07-04 16:02:14', '', '25', '2018-07-04 16:05:27', '50', '', '', '22', '22222', '2018-07-04 16:02:34', null);
INSERT INTO `t_work_order` VALUES ('49', '2018-07-04 15:46:09', '4', '47', '46', '2018-07-04 15:46:44', '20', '20', '2018-07-05 10:20:04', '23', '23', '2018-07-05 10:22:33', '25', '2018-07-05 10:27:57', '2018-07-05 10:29:35', '0', 'www.cmechina.net', 'svn://192.168.123.6/test', '12323', 'svn://192.168.33.6/test', '', null, '172710', 'APPROVAL_SUCCESS', '', '', '', '', '', '', '', '2018-07-05 10:19:55', '2018-07-05 10:21:57', '', '25', '2018-07-05 10:28:02', '50', '', '', '23', '123213', '2018-07-05 10:22:27', null);
INSERT INTO `t_work_order` VALUES ('50', '2018-07-04 16:04:37', '1', '46', '46', '2018-07-04 16:06:01', '38', null, null, null, null, null, null, null, null, '3562', 'www.bjxy.haoyisheng.com', 'http://192.168.191.4/svn/hyssip/src/hyssip_bx', null, null, '', null, '172753', 'PENDING', '', '', '', null, null, null, null, '2018-07-04 16:07:20', null, null, null, null, '50', '', null, null, null, null, null);
INSERT INTO `t_work_order` VALUES ('51', '2018-07-05 10:18:21', '1', '38', '33', '2018-07-04 16:30:27', '32', '31', '2018-07-04 17:03:29', '22', null, null, null, null, null, '123213', '1234556', 'http://192.168.191.4/svn/hyssip/src/hyssip_bx', '0', 'svn://192.168.192.13/www.bjxy.haoyisheng.com-/sip', '123456', null, '172779', 'PENDING', '', '', '', '', '', null, null, '2018-07-04 17:02:51', '2018-07-04 17:05:34', null, null, null, '50', '', '', '22', '', '2018-07-04 17:05:59', null);
INSERT INTO `t_work_order` VALUES ('52', '2018-07-04 17:07:30', '1', '38', '33', '2018-07-04 17:15:00', '25', '25', '2018-07-04 17:15:57', '23', '23', '2018-07-05 10:05:26', '25', '2018-07-05 10:06:29', '2018-07-05 10:18:26', '0', '123213', 'http://192.168.191.4/svn/hyssip/src/hyssip_bx', '12323', 'svn://192.168.192.13/www.bjxy.haoyisheng.com-/sip', '', null, '172834', 'APPROVAL_SUCCESS', '', '', '', '', '', '', '', '2018-07-04 17:15:46', '2018-07-05 10:04:32', '', '25', '2018-07-05 10:06:34', '50', '', '', '23', '', '2018-07-05 10:05:07', null);
INSERT INTO `t_work_order` VALUES ('53', '2018-07-05 09:18:44', '2', '23', '23', '2018-07-05 09:22:15', '34', '20', '2018-07-05 10:20:00', '23', '23', '2018-07-05 10:22:13', '25', '2018-07-05 10:27:48', '2018-07-05 10:28:54', '0', 'www.baidu.com', 'http://192.168.191.4/svn/hyssip/jypx', '1232', 'svn://192.168.192.13/www.bjxy.haoyisheng.com-/sip', '', null, '172860', 'APPROVAL_SUCCESS', '', '', '', '', '', '', '', '2018-07-05 10:19:20', '2018-07-05 10:21:45', '', '25', '2018-07-05 10:27:53', '50', '', '', '23', '12321', '2018-07-05 10:22:07', null);
INSERT INTO `t_work_order` VALUES ('54', '2018-07-05 11:31:08', '4', '47', '46', '2018-07-05 11:37:21', '37', '31', '2018-07-05 13:10:11', '23', '23', '2018-07-05 13:11:01', '26', '2018-07-05 13:11:36', '2018-07-05 13:13:15', '0', 'www.baidu.com', 'svn://192.168.123.6/test', '0', 'svn://192.168.33.6/test', '', null, '172997', 'APPROVAL_SUCCESS', '', '', '', '', '', '', '', '2018-07-05 13:09:20', '2018-07-05 13:10:43', '', '25', '2018-07-05 13:12:02', '50', '', '', '23', '', '2018-07-05 13:10:54', null);
INSERT INTO `t_work_order` VALUES ('55', '2018-07-05 16:11:43', '1', '20', '20', '2018-07-05 16:13:46', '34', '20', '2018-07-06 13:11:30', '23', null, null, null, null, null, '68', 'www', 'http://192.168.191.4/svn/hyssip/src/hyssip_bx', null, null, 'www', null, '173052', 'PENDING', '', '', '', '', '', null, null, '2018-07-06 13:10:27', '2018-07-06 14:12:12', null, null, null, '50', '', null, null, '', null, null);
INSERT INTO `t_work_order` VALUES ('56', '2018-07-30 14:51:51', null, '20', null, null, '20', null, null, null, null, null, null, null, null, null, null, null, null, null, '1', null, null, 'PENDING', '', '', '', null, null, null, null, null, null, null, null, null, '50', '', null, null, null, null, '2');
INSERT INTO `t_work_order` VALUES ('57', '2018-07-30 14:53:09', null, '20', null, null, '20', null, null, null, null, null, null, null, null, null, null, null, null, null, '1', null, null, 'PENDING', '', '', '', null, null, null, null, null, null, null, null, null, '50', '', null, null, null, null, '2');
INSERT INTO `t_work_order` VALUES ('58', '2018-07-30 14:55:24', null, '20', null, null, '20', null, null, null, null, null, null, null, null, null, null, null, null, null, '1', null, null, 'PENDING', '', '', '', null, null, null, null, null, null, null, null, null, '50', '', null, null, null, null, '2');
INSERT INTO `t_work_order` VALUES ('59', '2018-07-30 16:15:30', null, '20', '20', '2018-07-30 16:16:50', '20', null, null, null, null, null, null, null, null, null, null, null, null, null, '', null, '180001', 'PENDING', '', '', '', null, null, null, null, null, null, null, null, null, '50', '', null, null, null, null, '2');
INSERT INTO `t_work_order` VALUES ('60', '2018-07-30 16:55:34', null, '20', null, null, '20', null, null, null, null, null, null, null, null, null, null, null, null, null, 'cssf', null, '182501', 'PENDING', '', '', '', null, null, null, null, null, null, null, null, null, '50', '', null, null, null, null, '2');
INSERT INTO `t_work_order` VALUES ('61', '2018-07-30 17:01:48', null, '20', null, null, '20', null, null, null, null, null, null, null, null, null, null, null, null, null, 'd2324', null, '185001', 'PENDING', '', '', '', null, null, null, null, null, null, null, null, null, '50', '', null, null, null, null, '1');
INSERT INTO `t_work_order` VALUES ('62', '2018-07-30 17:13:34', null, '20', null, null, '20', null, null, null, null, null, null, null, null, null, null, null, null, null, '34sdds', null, '187501', 'PENDING', '', '', '', null, null, null, null, null, null, null, null, null, '50', '', null, null, null, null, '1');
INSERT INTO `t_work_order` VALUES ('63', '2018-07-30 17:19:05', null, '20', null, null, '20', null, null, null, null, null, null, null, null, null, null, null, null, null, 'dsfsf', null, '192501', 'PENDING', '', '', '', null, null, null, null, null, null, null, null, null, '50', '', null, null, null, null, '1');
INSERT INTO `t_work_order` VALUES ('64', '2018-07-30 17:29:02', null, '20', null, null, '20', null, null, null, null, null, null, null, null, null, null, null, null, null, 'sdfe', null, '197501', 'PENDING', '', '', '', null, null, null, null, null, null, null, null, null, '50', '', null, null, null, null, '1');
INSERT INTO `t_work_order` VALUES ('65', '2018-07-30 17:29:56', null, '20', null, null, '20', null, null, null, null, null, null, null, null, null, null, null, null, null, 'dsdsd', null, '197513', 'PENDING', '', '', '', null, null, null, null, null, null, null, null, null, '50', '', null, null, null, null, '1');
INSERT INTO `t_work_order` VALUES ('66', '2018-07-30 17:31:23', null, '20', null, null, '20', null, null, null, null, null, null, null, null, null, null, null, null, null, 'ssasda', null, '197525', 'PENDING', '', '', '', null, null, null, null, null, null, null, null, null, '50', '', null, null, null, null, '1');
INSERT INTO `t_work_order` VALUES ('67', '2018-07-31 08:50:00', '1', '20', '20', '2018-07-31 09:21:46', '20', '20', '2018-07-31 09:24:07', null, null, null, null, null, null, '1204', null, 'http://192.168.191.4/svn/hyssip/src/hyssip_bx', null, null, '123sddx', null, '202501', 'PENDING', '', '', '', '', null, null, null, '2018-07-31 09:22:50', null, null, null, null, '50', '', null, null, null, null, '1');
INSERT INTO `t_work_order` VALUES ('68', '2018-07-31 09:28:40', null, '20', '20', '2018-07-31 09:35:20', '20', null, null, null, null, null, null, null, null, null, null, null, null, null, 'sasadd', null, '207501', 'PENDING', '', '', '', null, null, null, null, null, null, null, null, null, '50', '', null, null, null, null, '1');
INSERT INTO `t_work_order` VALUES ('69', '2018-07-31 09:39:07', null, '20', null, null, '20', null, null, null, null, null, null, null, null, null, null, null, null, null, '445', null, '207518', 'PENDING', '', '', '', null, null, null, null, null, null, null, null, null, '50', '', null, null, null, null, '1');
INSERT INTO `t_work_order` VALUES ('70', '2018-07-31 09:43:20', '1', '20', '20', '2018-07-31 09:46:44', '20', '20', '2018-07-31 09:47:18', '23', '23', '2018-07-31 09:49:06', '25', '2018-07-31 09:49:51', '2018-07-31 09:50:23', '234', null, 'http://192.168.191.4/svn/hyssip/src/hyssip_bx', '2265', 'svn://192.168.192.13/www.bjxy.haoyisheng.com-/sip', 'sdfsdf', null, '210001', 'APPROVAL_SUCCESS', '', '', '', '', '', '', '', '2018-07-31 09:47:07', '2018-07-31 09:48:29', '', '25', '2018-07-31 09:49:58', '50', '', '', '23', '', '2018-07-31 09:48:54', '1');
INSERT INTO `t_work_order` VALUES ('71', '2018-07-31 10:13:50', '1', '20', '20', '2018-07-31 10:14:19', '20', '20', '2018-07-31 10:14:41', '23', '23', '2018-07-31 10:16:08', '25', '2018-07-31 10:16:48', '2018-07-31 10:17:32', '233', null, 'http://192.168.191.4/svn/hyssip/src/hyssip_bx', '2321', 'svn://192.168.192.13/www.bjxy.haoyisheng.com-/sip', '', null, '215001', 'APPROVAL_SUCCESS', '', '', '', '', '', '', '', '2018-07-31 10:14:31', '2018-07-31 10:15:45', '', '25', '2018-07-31 10:16:52', '50', '', '', '23', '', '2018-07-31 10:15:59', '1');
INSERT INTO `t_work_order` VALUES ('72', '2018-07-31 11:02:07', '1', '20', '20', '2018-07-31 11:07:59', '20', '20', '2018-07-31 11:08:54', null, null, null, null, null, null, '68', null, 'http://192.168.191.4/svn/hyssip/src/hyssip_bx', null, null, 'sdfsd33', null, '217501', 'PENDING', '', '', '', '', null, null, null, '2018-07-31 11:08:45', null, null, null, null, '50', '', null, null, null, null, '1');
INSERT INTO `t_work_order` VALUES ('73', '2018-08-03 10:53:21', '3', '20', '20', '2018-08-03 10:53:49', '33', '33', '2018-08-03 10:55:11', null, null, null, null, null, null, '23', null, 'sfsdf', null, null, 'ssfff', null, '225001', 'PENDING', '', '', '', '', null, null, null, '2018-08-03 10:54:50', null, null, null, null, '50', '', null, null, null, null, '1');
